position_id	fen	source_game	source_slot	ply	phase_value	phase	material_value	material_bucket	piece_count	pawn_count	queen_state	legal_moves	legal_captures
mqr-05537fca079f71d3	3r1rk1/1pp1q1pp/pnn1pb2/1N3b2/2PP4/4BN2/PP1QB1PP/3R1R1K w - - 0 17	twic1660-00832	2	32	24	high	8150	high	28	12	both	41	1
mqr-80b595ef58ae2487	r4rk1/1bq1bp1p/p3p1pQ/1ppnP3/4NP2/P2B4/1PP3PP/R1B2R1K w - - 0 17	twic1660-05771	2	32	22	high	7650	high	28	14	both	39	5
mqr-2a74ae2e600a2373	6k1/5p2/4pbpp/8/P7/1Q3BPP/3p1PK1/2q5 b - - 0 35	twic1660-04661	2	69	10	middle	3550	middle	15	9	both	38	0
mqr-bf5358b9fed28bd6	8/pp6/3k1p1p/3p1p2/PP2rPp1/1K4P1/3R3P/8 w - - 1 35	twic1660-03875	2	68	4	low	2300	low	16	12	none	19	1
mqr-5070745a03633350	8/1r6/2R1kb2/8/1p1pK3/8/8/8 b - - 1 64	twic1660-08125	2	127	5	low	1650	low	7	2	none	3	0
mqr-fdaf95de45e785c0	5r1k/p1pq2p1/5r1p/1p1P2p1/1Q3P2/1B5b/P1P4P/4RRBK b - - 1 27	twic1660-06057	2	53	19	high	6300	high	22	11	both	42	4
mqr-16747a6002406c00	rnbqk2r/pp2ppbp/3p1np1/8/3P1B2/4PN2/PP2BPPP/RN1QK2R b KQkq - 2 7	twic1660-05378	2	13	24	high	8350	high	30	14	both	35	0
mqr-67837be497e8e854	8/3b2p1/3Kp3/p2p2Np/1p3P1P/1P4k1/P7/8 b - - 1 41	twic1660-08226	2	81	2	low	1700	low	14	10	none	15	2
mqr-fda50774b9667480	rn1q1rk1/pp2ppb1/3p1npp/2pP4/2P4B/2NQPN2/PP3PPP/R3K2R b KQ - 0 10	twic1660-04557	1	19	22	high	7850	high	30	16	both	28	1
mqr-74031bd62bde532c	r1br2k1/pp2pp1p/2n3p1/8/1q3B2/4PN2/P3BPPP/1Rb2K1R w - - 0 15	twic1660-06738	1	28	18	high	6375	high	24	11	one	33	2
mqr-0f5b0847589b6a96	r5k1/pbqn1r1p/1p2p3/2p1P1p1/2P2p2/2BB1P2/PP2Q1PP/2RR2K1 b - - 4 20	twic1660-02308	2	39	20	high	6950	high	26	14	both	35	3
mqr-f01e764352befe6b	8/8/5K2/3q4/8/5bk1/8/8 b - - 21 94	twic1660-08434	1	187	5	low	1325	low	4	0	one	38	0
mqr-af366fbfbfe9afa9	3Q4/5kp1/1p2prp1/p1qp4/P5P1/2P4P/1P6/5RK1 w - - 3 33	twic1660-00796	2	64	12	middle	4150	middle	17	11	both	4	0
mqr-7c8282d5bd8c9cb7	4rr1k/pp3p2/2p2n2/4p1R1/P1BpPq2/3P3P/1PP2PQ1/6RK b - - 2 28	twic1660-06001	2	55	18	high	6150	high	23	13	both	32	4
mqr-7adf9cbcb45f41bb	r1bqr1k1/bpp2pp1/p1np1n1p/4p3/P1B1P3/2PP1N1P/1P1N1PP1/R1BQ1RK1 w - - 4 11	twic1660-08239	1	20	24	high	8550	high	32	16	both	32	3
mqr-1da4b6759983a9b1	2rk3r/pN1b1ppp/4pn2/4n3/1P1b4/2N3P1/1B2PPBP/R4RK1 b - - 0 18	twic1660-00918	1	35	16	middle	6000	high	24	10	none	3	0
mqr-9fbfeb3fbadc2aac	r1bq1rk1/1p2bppp/p1n1pn2/2p5/P1BP4/2P2N2/1PN2PPP/R1BQR1K1 b - - 0 11	twic1660-03860	2	21	24	high	8350	high	30	14	both	35	3
mqr-52e709048c9a88af	r1b2rk1/p4ppp/4pn2/2q5/2p5/N5P1/PPQ1PP1P/R1B2RK1 b - - 1 13	twic1660-01730	1	25	20	high	6750	high	24	12	both	38	2
mqr-fb3ae71de054702c	r1b1k2r/1p1q1ppp/p3pn2/2b5/P1BN4/2P5/1P3PPP/R1BQ1RK1 b kq - 0 12	twic1660-06151	1	23	22	high	7450	high	26	12	both	38	3
mqr-de4592e41ae99b67	3rr1k1/Qp2qpb1/2pp2np/7n/P3P1b1/1PN2NP1/1BPR1PB1/4R1K1 b - - 0 22	twic1660-01282	2	43	24	high	8050	high	27	11	both	43	4
mqr-61c8ec33fe6fc40c	4Q3/5pk1/8/2r1p1p1/1p1bP3/6BP/P3qP1K/6R1 b - - 6 33	twic1660-06063	1	65	14	middle	4550	middle	16	8	both	40	4
mqr-57d91875a4ef70d5	r3rbk1/4npp1/2p3qp/1p2P3/p3Rp2/1QP2N1P/PP1N1PP1/4R1K1 w - - 0 26	twic1660-03799	2	50	20	high	6950	high	26	14	both	40	5
mqr-32c64f55049743fd	2r2rk1/pbpq2pp/1pn5/3p4/3PpB2/2Q1P3/PP2NPPP/R4RK1 w - - 1 16	twic1660-01299	1	30	20	high	6950	high	26	14	both	38	2
mqr-674a1e50c6d14bae	r2r2k1/p3bppp/1p2pn2/1N6/n3P3/2B2P2/PP2N1PP/R2R2K1 b - - 2 17	twic1660-05910	1	33	14	middle	5500	middle	24	12	none	36	4
mqr-66b3ac476a3918a5	8/8/3k3p/p4p1B/4b2P/P3Kp2/8/8 b - - 1 55	twic1660-06568	2	109	2	low	1300	low	10	6	none	18	0
mqr-b00198c5be87e34f	r2qk2r/pp1nbp1p/4b2p/3p3P/3P2P1/2NB1P2/PP6/R2QK1NR b KQkq - 0 13	twic1660-02027	1	25	22	high	7450	high	26	12	both	33	1
mqr-4f9f5b91361f4fcd	1n3rk1/2p1bppp/4p3/1Pqn4/8/4N1P1/1PQBPPBP/3R2K1 b - - 4 20	twic1660-02342	2	39	18	high	6250	high	23	11	both	38	4
mqr-fb06c613ff3c6d7e	r4r1k/b2q1pp1/2p1bnnN/pp1pp3/4P3/2PP1QNP/PPB2PP1/R1B2RK1 w - - 1 18	twic1660-05836	2	34	24	high	8450	high	31	15	both	37	3
mqr-32dcc92c65421940	r2qkb1r/pppb2pp/5p2/1B2p3/8/2P5/PPP1QPPP/R1B1K2R w KQkq - 0 11	twic1660-02625	1	20	20	high	6950	high	26	14	both	40	2
mqr-29b52fcef8493627	r7/p4pk1/1q2p1p1/3rp2P/2R1Q3/1P6/P4PP1/5RK1 b - - 0 30	twic1660-06021	2	59	16	middle	5150	middle	18	10	both	44	3
mqr-c79cde986026893f	r1bq1rk1/pp3pbp/1n2p1p1/8/3P4/1QN3P1/PP3PBP/R1B2RK1 w - - 2 13	twic1660-01977	1	24	22	high	7450	high	26	12	both	41	3
mqr-559df26422956070	8/2p5/1p1p1k2/p4R2/P1P2PPr/1P5p/7K/8 b - - 8 40	twic1660-05891	1	79	4	low	2100	low	14	10	none	4	0
mqr-43f3daa7b6b49a45	r2qkb1r/pp1b1ppp/2n1pn2/4N3/2pp4/N5P1/PP2PPBP/R1BQ1RK1 w kq - 0 9	twic1660-00793	1	16	24	high	8350	high	30	14	both	42	7
mqr-7ea00b6064de37e5	r2qr1k1/1ppbnpb1/p1n3pp/2B1p3/B3P3/2P2N1P/PP1N1PP1/R2QR1K1 b - - 3 13	twic1660-01929	1	25	24	high	8350	high	30	14	both	32	1
mqr-7925de198289d73e	5r1k/pp2q1p1/4B1Pp/4Pp2/3b1P2/r5P1/1Q5K/2R2R2 w - - 0 31	twic1660-04114	1	60	18	high	5750	high	19	9	both	46	4
mqr-3e9fe6dec79ab07e	8/8/3pN3/2pP4/2n2Pk1/8/7K/8 w - - 2 61	twic1660-04986	2	120	2	low	1100	low	8	4	none	11	1
mqr-a0af34cef2ac0407	3b2k1/1pp1nrpp/p4p2/3p4/3P1BqP/1QP1R3/PP1N1PP1/6K1 w - - 5 21	twic1660-03460	2	40	16	middle	5850	high	24	14	both	41	4
mqr-0f65dc74b74ffb2b	5RQ1/1k6/2p5/8/p2PK3/4P3/8/6r1 b - - 0 43	twic1660-00588	1	85	8	low	2475	low	9	4	one	20	1
mqr-0fb1b24f0819d1f1	7B/p3p3/1p1k1p2/3P4/2p3PK/5P2/P7/8 w - - 0 44	twic1660-04790	1	86	1	low	1250	low	12	9	none	9	1
mqr-aa569e36bbbfd7b2	3r1rk1/2q2pb1/6pp/1p1P4/1Pp1Q3/2P2N1P/4RPP1/3R2K1 b - - 0 27	twic1660-01515	2	53	18	high	5950	high	21	11	both	34	2
mqr-d18c58fd64abf29d	2rr2k1/1q2bppp/1p2pn2/p1P1N3/P1P5/1P4P1/1BQ2P1P/R2R2K1 b - - 0 20	twic1660-04102	2	39	20	high	6850	high	25	13	both	43	4
mqr-d90de3639f13560e	5rk1/p3n1b1/b1n3p1/2p2p1p/3P1P1P/q2PB1PN/P1rQN1B1/4R1K1 w - - 0 25	twic1660-01048	1	48	22	high	7500	high	26	11	both	29	3
mqr-f7d6c07b0fbf677f	rq3rk1/1b1n1pbp/ppn3p1/2pNp1B1/P3P3/2PB1N2/1P3PPP/R2QR1K1 w - - 6 17	twic1660-05446	1	32	24	high	8350	high	30	14	both	50	3
mqr-9c7539731a48650e	2k5/p4ppp/1np5/2B5/6b1/2P2N2/PP3PPP/2Kr4 w - - 0 21	twic1660-06030	2	40	6	low	3050	middle	18	11	none	2	1
mqr-3be231325a2923b3	r1b2rk1/1p3pp1/p1n2nq1/4p2p/2B1P2P/1N4N1/1P1B1PP1/RQ3RK1 b - - 0 18	twic1660-04135	1	35	23	high	7700	high	26	11	both	34	3
mqr-280534d8e862722c	r1bqkb1r/pp4pp/2n1pp2/2ppB2n/3P4/2P1PN2/PP1N1PPP/R2QKB1R w KQkq - 0 8	twic1660-05710	2	14	24	high	8550	high	32	16	both	39	2
mqr-cbab8a95645ba90a	rnbq1rk1/pp2ppbp/2p2np1/8/P1pP4/5NP1/1P2PPBP/RNBQ1RK1 w - - 0 8	twic1660-03732	1	14	24	high	8450	high	31	15	both	33	0
mqr-eb99ef58e6843613	r1b2rk1/1p1nqppp/2p2n2/p3p3/P3P3/2N1RNP1/1PP2PBP/R2Q2K1 b - - 0 12	twic1660-04535	1	23	22	high	7650	high	28	14	both	28	1
mqr-ea09fe918b81070b	2r3k1/pp4pp/3bppq1/3n4/bP1B2N1/P3P2P/1Q2BPP1/5RK1 w - - 0 24	twic1660-06728	1	46	18	high	6350	high	24	12	both	36	3
mqr-7e4b5b36d0a9f603	4r3/1q3pk1/2pb1np1/1p1p3p/p2Pr2P/P1PN1QP1/1PN1RPK1/3R4 w - - 7 30	twic1660-08457	2	58	20	high	6950	high	26	14	both	38	4
mqr-d20304fdda063652	r1bq1rk1/1ppn2b1/3p4/p1nPp1pp/1PP1Pp2/P1N2P2/3NBBPP/R2Q1RK1 b - - 0 15	twic1660-01991	1	29	24	high	8550	high	32	16	both	32	2
mqr-b011dcb236068ac5	rnb2rk1/ppq2pbp/1Np3p1/P1p1p3/4P3/3P1N2/1PP2PPP/R1BQR1K1 b - - 2 12	twic1660-08751	1	23	22	high	7850	high	30	16	both	26	2
mqr-b1322336a97afcb2	1k6/p3n1p1/Kp3p1p/7P/PP2BPP1/8/8/8 w - - 0 52	twic1660-01926	1	102	2	low	1700	low	14	10	none	18	0
mqr-061b30fd20eaa8be	2rq1rk1/pb3ppp/1p2pnn1/3p4/1bP5/1PN2NP1/PB1QPPBP/R2R2K1 w - - 4 14	twic1660-08711	2	26	24	high	8350	high	30	14	both	42	3
mqr-f6cedb38b526c9b0	r2qkb1r/pbpn1p1p/1p1p1np1/4p3/3PP3/2PB1N2/PP1N1PPP/R1BQR1K1 b kq - 1 8	twic1660-06886	2	15	24	high	8550	high	32	16	both	32	3
mqr-4452a7932f37c4bf	r3k2r/3bppbp/2pp1np1/6B1/1q1NP3/p1N5/P1PQ1PPP/R2R2K1 w kq - 0 15	twic1660-05416	1	28	22	high	7550	high	27	13	both	38	2
mqr-56b6ffe6cbff1f58	2Q5/1p2q1kp/p4pp1/4p3/1p2P1P1/1PPn2N1/5PP1/6K1 w - - 0 37	twic1660-01909	2	72	10	middle	3950	middle	19	13	both	28	2
mqr-f2d64c32d19c6c5d	3kr3/1Q3ppp/2p5/8/3rP3/3P1PqP/2P1K1P1/1R5R w - - 1 23	twic1660-06862	2	44	16	middle	5150	middle	18	10	both	41	2
mqr-57e5706fcd32ee39	2r2r2/1b1n2k1/pq3ppn/1p2p2p/1P2P2P/PN1B2N1/2P1QRP1/5R1K b - - 4 29	twic1660-00208	1	57	22	high	7450	high	26	12	both	43	3
mqr-c8279a27274d8979	5bk1/R4pp1/p1qp2r1/3bpQB1/7P/8/2P2PP1/4R1K1 b - - 6 33	twic1660-06125	2	65	17	high	5550	middle	19	9	both	30	3
mqr-df89efaa3615aa02	r2qk2r/1p2bp1p/p2p1p2/4pb2/3nP3/2NQ4/PPP2PPP/1K1R1B1R w kq - 0 14	twic1660-05375	1	26	21	high	7300	high	27	14	both	32	3
mqr-bbbca3f155e4fd12	r2qnr1k/6bp/b1npp1p1/1Np5/2B1P3/2N1BP2/PP1Q2PP/R4RK1 w - - 5 16	twic1660-06742	2	30	24	high	8050	high	27	11	both	52	4
mqr-6b23a3cd769aa6dc	K6k/3Q2p1/2P4p/p6P/6P1/4q3/8/8 b - - 27 78	twic1660-08819	2	155	8	low	2550	low	10	6	both	29	0
mqr-285d97ab8ae1bd03	3q3k/4Nrb1/Rp1p3p/1Pp2rp1/2PpQP2/3P2P1/7P/4R1K1 b - - 3 28	twic1660-08294	1	55	18	high	6050	high	22	12	both	24	4
mqr-fa0a8581785c7068	r3qk2/p3br1p/1p4pP/4R3/5p2/1Q3N2/1PP2PP1/2K1R3 w - - 3 24	twic1660-05070	1	46	18	high	5850	high	20	10	both	45	3
mqr-1321d41fc32b378d	8/6pk/4Q3/7p/5q2/5P1P/6P1/1b3B1K w - - 0 58	twic1660-00127	2	114	10	middle	3150	middle	11	5	both	33	0
mqr-fe461754d6c55bf3	r1bq1rk1/ppp2ppp/1n1B4/3p4/3P4/2P1P3/P1QN1PPP/1R2KB1R b K - 0 13	twic1660-01107	2	25	21	high	7300	high	27	14	both	29	2
mqr-8f4ec00a04fc8118	rnbq1rk1/pp2ppbp/2pp1np1/3P3P/2P1P1P1/2N5/PP2BP2/R1BQK1NR b KQ - 0 9	twic1660-06616	2	17	24	high	8550	high	32	16	both	32	7
mqr-5f8ec11999874369	3rr1k1/5ppp/2p5/p7/3q4/1P2N1P1/2PbRK1P/R6Q w - - 4 23	twic1660-03290	1	44	18	high	5750	high	19	9	both	33	3
mqr-4ee3014673e45e62	8/6p1/8/2R2k2/4b3/4B2r/2p2K2/8 b - - 13 55	twic1660-01148	1	109	6	low	2000	low	8	2	none	5	0
mqr-abab6640be9af455	8/1k6/8/6KP/8/P7/2p3P1/8 w - - 0 53	twic1660-07428	2	104	0	low	400	low	6	4	none	11	0
mqr-0c65b30b6ae3af20	r1bqkb1r/pp1npppp/2pp1n2/6B1/3P4/2NB1N2/PPPQ1PPP/R3K2R b KQkq - 1 7	twic1660-02095	2	13	24	high	8450	high	31	15	both	25	0
mqr-1b1dc1449b28501f	8/8/8/5p2/6kp/3R4/6PK/4r3 b - - 3 72	twic1660-00234	1	143	4	low	1400	low	7	3	none	19	0
mqr-753d56b936b601db	3rr1k1/1ppq1ppn/p1n1b2B/3pP2N/8/P2B3P/1PP2PP1/R2QR1K1 b - - 0 17	twic1660-05025	2	33	22	high	7550	high	27	13	both	32	3
mqr-ad031d1b6fc0d473	r5k1/3r1p2/ppb1p2p/5p2/P7/2N2P2/1PP2KPP/3RR3 w - - 2 28	twic1660-02929	1	54	10	middle	4100	middle	20	12	none	36	2
mqr-d62d36430248488e	r3kb1r/5ppp/2p1b3/p3p3/N3P3/pn1PB3/1P2NPPP/1R1R2K1 w - - 0 19	twic1660-04322	1	36	14	middle	5600	middle	25	13	none	33	1
mqr-193bd8cff0b72200	3q1k1r/1b3pp1/pb1pp3/7p/3PP1n1/1BB3NP/P3QPP1/1R4K1 b - - 0 22	twic1660-04259	1	43	18	high	6350	high	24	12	both	40	3
mqr-903ed344774d9e89	2rr2k1/p5p1/5p1p/1bP1p3/QPq4N/6B1/6PP/R5K1 w - - 6 34	twic1660-00897	2	66	17	high	5550	middle	19	9	both	27	3
mqr-e9c15f001897ffe1	3Rrbk1/2q2pp1/2b4p/1p2p3/pP2n3/P1P2N1P/2B1QPP1/4R1K1 b - - 0 29	twic1660-07312	2	57	19	high	6550	high	24	12	both	36	5
mqr-f121b511e37d2026	1q4k1/7p/p1p3p1/3pP1b1/3P1Nb1/6P1/P1P2K2/4Q3 w - - 3 30	twic1660-02408	1	58	11	middle	4000	middle	17	10	both	31	2
mqr-45d281a04a688dbc	2rr4/1p4k1/2n1bppp/p1bNp3/2P1P3/5NP1/PP2BPKP/2RR4 b - - 3 20	twic1660-05901	1	39	14	middle	5600	middle	25	13	none	43	3
mqr-c6715d4bb375485b	r1r3kn/1p3pp1/7p/p2BB1q1/P1QP1Nbb/1P1R4/2P3P1/5RK1 w - - 6 31	twic1660-01479	1	60	22	high	7250	high	24	10	both	43	4
mqr-a139839363fc6cb5	r4rk1/p2bb2p/1qp1ppp1/3p3n/3P3B/4PN2/PPQN1PPP/2R2RK1 w - - 4 15	twic1660-00106	1	28	22	high	7650	high	28	14	both	37	3
mqr-f60ec24ce45b850c	b1rr2k1/4bppp/p1nqpn2/2N5/3P4/P2QBN1P/2B2PP1/3RR1K1 b - - 0 19	twic1660-07204	1	37	24	high	7950	high	26	10	both	37	3
mqr-1b6bd4a7e7b9f198	4N1k1/1p6/6p1/p2p1p1p/2nP1Pn1/6P1/1r4P1/2R1NK2 b - - 1 34	twic1660-07026	2	67	8	low	3500	middle	18	10	none	32	1
mqr-4e305f6d29d90609	8/5pk1/2R5/5p1p/5P1P/5KP1/r7/8 b - - 5 39	twic1660-02480	1	77	4	low	1700	low	10	6	none	19	0
mqr-8a21592c7afb3317	r7/1p1kbR2/1q2p2p/r2pP3/1p1P4/3QB3/PP5P/2R3K1 w - - 0 26	twic1660-00997	1	50	18	high	5850	high	20	10	both	52	2
mqr-d23fe37f251552a0	r2qkb1r/1pp2ppp/p1np1n2/4p3/B1P1P1b1/3P1N2/PP3PPP/RNBQ1RK1 b kq - 0 7	twic1660-01049	1	13	24	high	8550	high	32	16	both	31	2
mqr-9408b8a2eb8d2ce5	r3kb1r/pp3ppp/2n1pn2/2pq4/3P2b1/N1P2N1P/PP2BPP1/R1BQK2R b KQkq - 0 8	twic1660-04491	2	15	24	high	8350	high	30	14	both	49	7
mqr-ead45a2f72e6e165	r3r1k1/2p2pp1/2p5/3p2Pp/5q1P/pP1B1P2/P1PN4/2K3RR w - - 0 30	twic1660-08440	1	58	14	middle	5175	middle	22	13	one	23	0
mqr-8a1b8e084be32b71	r1bq1rk1/1p2nppp/p1np4/4p3/2P1P3/1NNBQ3/PP3PPP/R4RK1 w - - 0 13	twic1660-01942	1	24	22	high	7650	high	28	14	both	46	0
mqr-d6cd15622f27558e	2R3k1/5pb1/4p2p/1p4pP/1p4N1/1P6/P2r1PP1/6K1 b - - 9 39	twic1660-06995	2	77	6	low	2900	middle	17	11	none	3	0
mqr-8fadebf4cb064aad	8/4b1k1/4p1p1/2p1P3/p1N1KP2/P1R4p/1P2r3/8 w - - 2 43	twic1660-08657	1	84	6	low	2700	middle	15	9	none	4	0
mqr-6a86a311eca67a1b	4r1k1/3qrp2/2p3p1/1p4Qp/1n1P2pP/p1P2P2/P2B4/KB4R1 b - - 1 31	twic1660-05198	2	61	17	high	5850	high	22	12	both	35	3
mqr-6247856110891434	3k4/1R6/4K3/1p2PP2/8/1r6/8/8 b - - 0 43	twic1660-00346	2	85	4	low	1400	low	7	3	none	13	0
mqr-115771715cd2160d	8/1N1R4/5kp1/3Pp3/1P4p1/3r1n1r/1B3PK1/5R2 b - - 14 43	twic1660-06241	2	85	11	middle	3850	middle	15	6	none	27	1
mqr-2e2507af9e676529	8/p3Q3/6p1/2p2p1q/2n3k1/P1P5/4N1PP/7K b - - 4 38	twic1660-08759	2	75	10	middle	3450	middle	14	8	both	19	2
mqr-92e59ddbd5312e52	5k2/r5p1/2KPP3/p7/1p3P2/6R1/1P6/8 b - - 0 52	twic1660-04578	1	103	4	low	1800	low	11	7	none	13	0
mqr-b464a95821ef3558	r2qk2r/ppp2ppp/2nb4/5b2/2BpN3/5N2/PPP1QPPP/R1B1K2R b KQkq - 0 9	twic1660-06133	2	17	23	high	7900	high	28	13	both	46	2
mqr-49af75de14f0d760	r2q1rk1/1b1n1ppp/3p1n2/1p2p3/4P3/2PP2P1/4NPBP/R1BQ1RK1 w - - 0 14	twic1660-02792	2	26	22	high	7450	high	26	12	both	34	1
mqr-1ed03055023d1949	b1r2bk1/pq5p/2p3p1/2ppNp2/7P/2PP2B1/PPQ2PP1/4R1K1 b - - 3 28	twic1660-00907	1	55	16	middle	5850	high	24	14	both	30	1
mqr-9ad9dafc5b986c31	r2q1rk1/ppp1bppp/2np1n2/4p2b/P1B1P3/2NPBN1P/1PP2PP1/R2Q1RK1 b - - 2 9	twic1660-02684	2	17	24	high	8550	high	32	16	both	28	2
mqr-13525a9f2a86b324	3q1rk1/1ppb2b1/3p2p1/2nPp1P1/1PP1Pp2/2N5/3N1P2/r2QKBR1 w - - 0 20	twic1660-05062	1	38	20	high	6900	high	25	12	both	23	2
mqr-06c920b2fdcbd8f5	rn1qk2r/pbpp1p2/1p2p3/6pp/2PP4/P3PPP1/1PQ3P1/R3KBNR b KQkq - 0 11	twic1660-08912	1	21	20	high	7150	high	28	16	both	30	1
mqr-386bda74e8585f20	5k2/p4pp1/1p1q4/2pP1Q1p/5P2/6P1/PP2K2P/8 b - - 2 33	twic1660-03080	1	65	8	low	3150	middle	16	12	both	24	2
mqr-3f80fab5c3ce0b20	r1b3k1/1p3p1p/2pPr1p1/q3P2n/N7/1Q4PP/PP3PB1/3RR1K1 b - - 0 20	twic1660-05783	2	39	20	high	6750	high	24	12	both	37	6
mqr-4b4d812d9b3c035a	2r2bk1/5ppp/2q1p3/3p4/3P4/2PQ3P/3B1PP1/R5K1 b - - 2 28	twic1660-03960	1	55	14	middle	4750	middle	18	10	both	31	1
mqr-4bb6dd2a96019610	3r2k1/p2r2p1/1p3n1p/2b3q1/3N4/5P2/PP2QBPP/R2R2K1 w - - 3 23	twic1660-02092	2	44	20	high	6450	high	21	9	both	43	0
mqr-07415c30f5d07e90	r2q2kr/5pp1/p1b1p3/2p1P1bp/2Pp3n/1P1B1P1Q/PN1B2PP/3RR1K1 w - - 3 24	twic1660-01620	2	46	22	high	7650	high	28	14	both	37	3
mqr-8628ef0cdd640588	r4bk1/1pq2pp1/2pprn1p/p3n3/P2BPP1N/2N4P/1PP1Q1P1/R3R1K1 b - - 0 17	twic1660-03063	1	33	22	high	7650	high	28	14	both	37	1
mqr-1aac67b1b56ae9e8	8/8/8/7k/R7/7p/1r6/7K b - - 2 54	twic1660-05591	2	107	4	low	1200	low	5	1	none	18	0
mqr-8874fd0128cf69df	r1bqkb1r/1pp1n1pp/p1n2p2/1B1Pp3/Q7/2P2N2/PP1P1PPP/RNB2RK1 b kq - 0 7	twic1660-02178	2	13	24	high	8450	high	31	15	both	26	3
mqr-33ad89c8daa707dd	6k1/R7/4P2p/6p1/P3Kr2/8/8/8 w - - 0 53	twic1660-02097	1	104	4	low	1500	low	8	4	none	4	0
mqr-aec11a0665f01133	r4rk1/1b1nqp1p/1p3np1/p1pp4/3P4/PPNBPN2/1Q3PPP/2RR2K1 b - - 1 15	twic1660-03773	2	29	22	high	7650	high	28	14	both	35	2
mqr-f38ee2dc673e04d3	r4rk1/pp2bppp/2q2n2/2pP4/8/1PN1BP1P/1PP1Q1P1/R3K2R b KQ - 0 16	twic1660-02982	2	31	20	high	6850	high	25	13	both	37	2
mqr-63e01e4f1e24fdf6	r1bq1rk1/1p3p2/p2bp1B1/7Q/3P4/2P5/P4PPP/R1B3K1 b - - 0 18	twic1660-08114	1	35	18	high	6000	high	21	10	both	31	2
mqr-29c765e9fd74d869	2r2rk1/pb3ppp/1p1Rp3/q1n1P3/2p1NP2/P1N1Q3/1PP3PP/2KR4 w - - 6 20	twic1660-00574	1	38	20	high	6950	high	26	14	both	50	4
mqr-9019c84d9332e65b	1r3r1k/2q2p1p/p2p2p1/1p1Bnb1N/5Q2/PP6/5PPP/R3R1K1 w - - 8 29	twic1660-04784	1	56	20	high	6650	high	23	11	both	48	4
mqr-dec22651e9a11180	8/1N4pp/1Pp2n2/4k3/8/8/6PP/6K1 w - - 1 35	twic1660-01842	2	68	2	low	1300	low	10	6	none	11	0
mqr-48c51c95d5d00546	6rr/3nbk1p/pq2pp2/3bn3/1p1N1N1P/1P2QP2/P1P1B2B/1K1R2R1 b - - 6 26	twic1660-00136	1	51	24	high	7950	high	26	10	both	50	5
mqr-0bde0ead3aab36d9	8/3k4/2n4p/3p2pP/4r1P1/6K1/pp6/8 w - - 4 63	twic1660-05380	2	124	3	low	1600	low	11	7	none	5	0
mqr-a14447381008e5a9	3r1rk1/p3q1pp/2pp2n1/2p2p2/2P1P3/1P2BP1P/P3Q1P1/3R1RK1 w - - 0 20	twic1660-02886	2	38	18	high	6250	high	24	14	both	37	3
mqr-3c767889680815c1	r1b1r1k1/1pqnppbp/2pp1np1/p7/2PP4/1PN1PN2/PBQ1BPPP/R4RK1 w - - 2 11	twic1660-04381	1	20	24	high	8550	high	32	16	both	42	1
mqr-4bc96751daf4afb6	rnbq1rk1/pp1pn1pp/1b2p3/8/4p2P/1N1B2Q1/PPP2PP1/RNB1K2R w KQ - 0 10	twic1660-07933	2	18	24	high	8250	high	29	13	both	47	3
mqr-9bc233b9be7cda9c	8/2r4k/6pp/4p3/4P3/2P5/rP2N1P1/1R4K1 b - - 1 37	twic1660-03525	1	73	7	low	2700	middle	13	7	none	24	2
mqr-ebcddff4e93883b9	8/R4pk1/6p1/2p4p/7P/Pr4P1/6K1/8 b - - 0 35	twic1660-07190	1	69	4	low	1800	low	11	7	none	21	2
mqr-b8b0436232927444	1n1qkb1r/rp2pppp/p1p2n2/5b2/P1QP1B2/2N2N2/1P2PPPP/R3KB1R b KQk - 0 8	twic1660-00689	2	15	24	high	8350	high	30	14	both	38	1
mqr-794329de1ae9af34	7k/2p4p/1p1p1rp1/2nB4/PpP4P/1P2R1P1/5P2/6K1 w - - 0 30	twic1660-04943	1	58	6	low	3000	middle	18	12	none	29	0
mqr-92e5b81d26ec86a1	r1bq2k1/ppp1br1p/3p1npB/3P2N1/2P1B3/8/PPQ2PPP/R3K2R b KQ - 0 14	twic1660-06454	2	27	22	high	7550	high	27	13	both	25	2
mqr-de060b8f0605596b	2k4r/1ppn1pp1/pr2b2p/3p3P/2qP2P1/2NN1P2/PPP5/2K1RRQ1 w - - 5 23	twic1660-00196	2	44	20	high	6950	high	26	14	both	34	2
mqr-96f212e8d8816f15	r2q1rk1/pb3ppp/1pn1pn2/4N3/2PP4/3BB3/P4PPP/R2Q1RK1 w - - 5 14	twic1660-02010	1	26	22	high	7450	high	26	12	both	43	3
mqr-6f569b1f267bf260	r5k1/3q1p1p/np2pPp1/p1bpP3/R7/8/1P2QNPP/2B2R1K b - - 0 21	twic1660-05139	2	41	18	high	6200	high	23	12	both	35	2
mqr-169fb40886311bcd	r5k1/1b4p1/2q1p1p1/1p3p2/4P3/P1PQ3P/6P1/2B1R2K w - - 0 28	twic1660-00720	2	54	14	middle	4750	middle	18	10	both	36	2
mqr-d29bb1e5cbe476fa	4r1k1/R6p/2b1pBp1/4p3/5p2/8/PP3PPP/6K1 w - - 2 30	twic1660-00644	2	58	6	low	2800	middle	16	10	none	30	2
mqr-5cd0b66de968db4b	8/5p1p/5p2/1p1kpP2/p2p3P/P2K1PP1/1P1R4/6r1 w - - 3 37	twic1660-00184	1	72	4	low	2400	low	17	13	none	13	0
mqr-0c78f6d6128151b5	rn1qk2r/ppp1ppbp/3p1np1/3P4/2P3b1/2N2NP1/PP2PPBP/R1BQ1RK1 b kq - 2 8	twic1660-05445	2	15	24	high	8550	high	32	16	both	35	2
mqr-b1c3df48cf9f4fcf	5Q2/3N3k/p3P2p/1p6/6P1/P7/KPb4P/4q3 w - - 5 41	twic1660-05136	2	80	10	middle	3450	middle	14	8	both	32	1
mqr-c14d6e8b11fa284a	2r2rk1/1b2ppbp/pq1p1np1/1p2n3/4P3/PNN1BP2/1PPQ2PP/R3RBK1 b - - 2 15	twic1660-01747	1	29	24	high	8350	high	30	14	both	45	5
mqr-23e751e9b965eefe	rq2r1k1/1p1bppbp/2np1np1/pN6/2P1P3/PPB1QN1P/4BPP1/2RR2K1 b - - 6 19	twic1660-03932	2	37	24	high	8350	high	30	14	both	36	2
mqr-f03fe995685bf18d	8/8/1R2n1p1/4k3/5PP1/2r5/5K2/8 b - - 0 43	twic1660-03026	1	85	5	low	1750	low	8	3	none	6	2
mqr-0eb75c8f2eaad9f2	r3k2r/pp3ppp/1qn2n2/3p4/3BP3/2N2P2/PP4PP/R2Q1RK1 b kq - 0 14	twic1660-04417	1	27	20	high	6750	high	24	12	both	40	5
mqr-29ae9feb6b9255f2	2bq1r1k/1p3rnp/2p3p1/p1npP3/P2N3P/1PPR1B2/4N1PQ/4R2K w - - 5 31	twic1660-01788	2	60	22	high	7450	high	26	12	both	33	2
mqr-8e293640460a4062	1k6/3p4/1p2p3/1Pb5/r5P1/7p/7P/4R2K w - - 0 38	twic1660-07951	2	74	5	low	2150	low	12	7	none	12	1
mqr-88549acd2d4c586f	1r3rk1/1nq1bpp1/p2p1n1p/2pPp3/P1P5/3P1N1P/B2B1PP1/1R1QR1K1 b - - 2 21	twic1660-08536	1	41	22	high	7650	high	28	14	both	30	1
mqr-cfd0895d8beba5cf	1r1q1rk1/p2n1ppp/1p2p3/8/2Pp4/1P4P1/P2Q1PBP/R3K2R w KQ - 0 17	twic1660-07534	1	32	18	high	6150	high	23	13	both	41	1
mqr-c00a0e255aa44cd4	8/p5Q1/8/5p2/1PP1nk2/3p2b1/P2P2K1/8 w - - 3 38	twic1660-06322	2	74	6	low	2375	low	12	7	one	29	2
mqr-3944164f413a0b3f	1r3bk1/2q2pp1/1p3r1p/p1n1Nb2/5P1P/PP2R1P1/1Q4BK/3R2B1 b - - 0 29	twic1660-03713	2	57	22	high	7250	high	24	10	both	46	2
mqr-96cad54b003068f3	2r1rbk1/1bqnpp1p/pp1p2p1/8/P2BP3/1NN2P2/1PP2QPP/3R1R1K w - - 18 23	twic1660-04032	2	44	22	high	7650	high	28	14	both	40	1
mqr-96a698b83f6d6106	8/N6p/5p1P/6P1/8/2pB1K2/2P5/2k5 b - - 0 68	twic1660-07499	1	135	2	low	1300	low	10	6	none	6	1
mqr-89acba092cb439b4	2q2rk1/p3bpp1/4p2p/1p2Q2P/6N1/P7/1PP2PP1/1KR5 w - - 2 30	twic1660-01206	1	58	14	middle	4950	middle	20	12	both	39	4
mqr-adb73de6b650d7d6	3r4/4bpk1/4p1p1/4P1N1/1p1p1P1p/2rQ4/q1P2RPP/5R1K w - - 4 40	twic1660-00910	1	78	18	high	5950	high	21	11	both	35	5
mqr-ec47177256dad062	6k1/p5b1/1p4pp/2r2p2/2P2P1P/1K1pn1P1/PP6/2R5 w - - 0 30	twic1660-07271	1	58	6	low	3000	middle	18	12	none	16	0
mqr-356f60f0d53de8e4	r2r2k1/1b3pp1/5n1p/p1p1pP2/1p1qP1P1/1P5P/1PP1Q1BK/R1B3R1 w - - 4 23	twic1660-03182	1	44	20	high	6950	high	26	14	both	34	2
mqr-4b26275593b90802	8/1R4pp/k1P1n3/1p6/8/2P3P1/1P2K1BP/1r6 w - - 3 31	twic1660-05848	2	60	6	low	2600	low	14	8	none	27	2
mqr-3feedcef04cc80a2	8/5k2/7R/8/5K1P/5N2/5r2/8 b - - 2 48	twic1660-01340	1	95	5	low	1550	low	6	1	none	14	1
mqr-03e63af0f357751c	4q3/3n1k2/1p1p2p1/p1pPnpBp/P1P4P/1P3PP1/1Q2BK2/8 b - - 36 56	twic1660-04335	2	111	12	middle	4750	middle	22	14	both	22	2
mqr-e114f178993bb0db	r4rk1/1p2nppp/p1n5/3pPb2/5P2/PNP5/4B1PP/R1B1K2R b KQ - 3 16	twic1660-06629	1	31	14	middle	5500	middle	24	12	none	38	1
mqr-e1a885f5dfc36ae8	r1b2rk1/p1q2ppp/1pn1pn2/2p5/3P4/P1P1P3/B3NPPP/R1BQ1RK1 w - - 2 12	twic1660-02015	1	22	22	high	7650	high	28	14	both	29	2
mqr-ea7d55da8633db8c	5n1r/1pn1k1pp/rNp1bp2/p1P1p3/1P2P3/PB1NKP2/6PP/RR6 w - - 7 24	twic1660-04441	1	46	14	middle	5700	high	26	14	none	38	3
mqr-d5d8b656ae70e474	2rr2k1/2qnbppp/p1bpp3/1p4P1/2n1PP2/PNN4P/1PP1Q1B1/2BRR1K1 b - - 0 19	twic1660-05287	1	37	24	high	8350	high	30	14	both	40	4
mqr-90d3f405e7a0da47	r1bqkb1r/pp3ppp/4p3/3n4/2Bp4/8/PPPPNPPP/R1BQK2R w KQkq - 0 9	twic1660-05475	2	16	22	high	7650	high	28	14	both	27	2
mqr-5ea616da73fb35ce	8/6pk/p5qp/3p1p1n/2bBpP2/2P3PP/P2QP1BK/8 w - - 4 29	twic1660-07116	2	56	12	middle	4550	middle	20	12	both	27	2
mqr-bb4aa0affa2005ff	r5k1/1b1nbpp1/3p1n1p/2pPp3/1pP1P3/1P2NN2/qBB2PPP/2Q1R1K1 w - - 0 22	twic1660-06198	2	42	20	high	7250	high	28	14	both	30	2
mqr-8425572c6791c6b3	1rbqkb1r/p4ppp/2n1p3/1pn1P3/1PQ5/2Pp1N2/3P1PPP/RNBBR1K1 w k - 0 15	twic1660-00075	2	28	24	high	8350	high	30	14	both	39	6
mqr-379a0267eb7bd7ed	8/2k5/8/1p6/nK6/2PNR3/PP1r4/8 b - - 10 53	twic1660-05768	2	105	6	low	2200	low	10	4	none	20	4
mqr-1a1b5ba293d90667	8/p1p3k1/5q1p/2p1p3/4Qpp1/P7/1P5P/K2R4 b - - 1 38	twic1660-04490	2	75	10	middle	3500	middle	15	10	both	24	0
mqr-710ab36f82bcd597	8/1p6/1Rb5/8/p3r3/P1B3K1/1Pk5/8 w - - 14 69	twic1660-06371	2	136	6	low	2200	low	10	4	none	22	2
mqr-1b7cded956e63565	r3r1k1/5pp1/pq5p/1b1P4/B1p5/2P1p3/R2Q1PPP/R5K1 w - - 0 25	twic1660-01161	2	48	18	high	5950	high	21	11	both	31	3
mqr-9aacbe575be2eddb	6k1/1b1n1ppp/8/1p2p3/pP2P3/2K2PP1/P5BP/8 w - - 0 36	twic1660-03665	1	70	3	low	2250	low	17	12	none	12	0
mqr-40891851a84f1ea7	r1b2rk1/pp1p1p1p/4p3/q1n2p2/2P5/2bBP3/PPQ1NPPP/R4RK1 w - - 0 12	twic1660-06321	1	22	21	high	7300	high	27	14	both	35	4
mqr-7db1f0a965c1f538	5r2/7k/2P4p/p7/Pp1p4/6B1/2P1p2P/5RK1 b - - 0 44	twic1660-07595	2	87	5	low	2350	low	14	9	none	29	5
mqr-07e93a1faae47533	r7/4kp2/p1p4p/1p4p1/4P3/1PP2P2/1P3K1P/3R4 b - - 1 24	twic1660-01603	1	47	4	low	2300	low	16	12	none	19	0
mqr-bba30c0f62e5b30e	2r2rk1/pb2q2p/1p2p3/4PppP/3Np3/2P1Q3/PP3PP1/2KR3R w - - 0 21	twic1660-03185	1	40	18	high	6250	high	24	14	both	42	4
mqr-850ce973c3ed76c1	r3kb1r/p1pq1ppp/5n2/3p4/8/8/PPPN1PPP/R1BQK2R w KQkq - 0 10	twic1660-01743	1	18	20	high	6750	high	24	12	both	28	0
mqr-7450d60254117ea5	8/1R6/8/4r2p/3K3P/5k2/8/8 b - - 1 60	twic1660-01003	1	119	4	low	1300	low	6	2	none	19	0
mqr-ab5f1542c6132f5f	rnb2rk1/5ppp/pP2pn2/3p4/3N4/2N5/PP2PPPP/R3KB1R w KQ - 1 12	twic1660-01008	1	22	14	middle	5600	middle	25	13	none	33	2
mqr-2331946b21f94adb	3rk1nr/ppp2ppp/2n1b3/8/4p3/P1N5/1PP2PPP/R1B1KB1R w KQk - 0 10	twic1660-00599	2	18	14	middle	5600	middle	25	13	none	31	1
mqr-94af313836eced2f	r4k2/5p1p/pbNP2pq/1p1RPp2/2p2P2/P4Q1P/1P4P1/5K2 b - - 2 36	twic1660-03805	2	71	14	middle	5150	middle	22	14	both	28	2
mqr-a89478f14371ff1f	8/5ppk/3b1P1p/8/2p3P1/P1Q3P1/1P4q1/K3R3 b - - 0 44	twic1660-05957	1	87	11	middle	3750	middle	15	9	both	34	5
mqr-d939f01cacff6b1c	4rr2/1pbb2k1/3p3p/p1pPp2p/P1P1N2P/R5P1/1P3PK1/2B1R3 b - - 1 32	twic1660-00445	1	63	12	middle	5000	middle	24	14	none	32	2
mqr-8318f51593ffde87	6k1/1prqppbp/p5p1/Pn1p4/1B1P3P/4PQP1/1P3P2/R4BK1 b - - 1 22	twic1660-07117	2	43	16	middle	5850	high	24	14	both	37	2
mqr-c3ff9bcd72b05bb5	8/1Q4pk/8/7P/3p3P/2p5/1K6/4q3 w - - 0 50	twic1660-03307	2	98	8	low	2450	low	9	5	both	4	0
mqr-509798c2e4a01b51	8/5p2/4p1p1/1pr1P3/p1p2Pk1/P1r1KRP1/8/7R w - - 1 47	twic1660-08674	2	92	8	low	3200	middle	16	10	none	5	0
mqr-f7f27c33e751d3ce	5k2/2P4p/1K3P2/3bN1P1/8/8/8/8 b - - 0 66	twic1660-02477	1	131	2	low	1100	low	8	4	none	17	0
mqr-57d97c07303d51cc	r5k1/1b3rbp/1n2B1p1/1pq5/p4B2/P1P3QP/1P3PP1/R3R1K1 b - - 0 23	twic1660-05249	2	45	21	high	6900	high	23	10	both	50	5
mqr-90a46283f7f35067	8/1p3k1p/p1pr1p2/P2p4/1P1B2PP/2P2PK1/2b5/3R4 w - - 5 36	twic1660-02615	1	70	6	low	3000	middle	18	12	none	27	1
mqr-3ff7fc6d1b8306cc	3q1rk1/rp2bpp1/p1p2n1p/P2p1b2/3P1B2/1Q2PN1P/1P2BPP1/R4RK1 w - - 6 16	twic1660-00689	1	30	22	high	7650	high	28	14	both	49	4
mqr-fc443e47bc5b5059	r4k2/pp3ppp/8/8/3r4/2N5/PPK1R1PP/8 b - - 1 25	twic1660-07529	2	49	7	low	2900	middle	15	9	none	29	0
mqr-cbdde4296d531756	8/5pk1/p1qB1bp1/1pP2b2/7p/1BP1QP1P/PP4P1/6K1 w - - 0 32	twic1660-06901	2	62	12	middle	4550	middle	20	12	both	40	1
mqr-c4efdb13dcb14d82	2b3k1/bn4p1/2p5/r3p3/P3N3/3P4/2P1BpP1/R1B2K2 b - - 3 25	twic1660-06902	2	49	10	middle	4000	middle	18	8	none	25	1
mqr-5093b6a81cfa599e	1RK5/5R2/4NPk1/3n3p/3P3r/8/P7/8 w - - 1 50	twic1660-05020	2	98	8	low	2750	middle	11	4	none	28	0
mqr-8d61f35cd5560d61	r3r1k1/p4q1p/1p3p2/n1pP2p1/2P3Q1/P3P3/BB4PP/5RK1 b - - 0 27	twic1660-02015	2	53	17	high	5850	high	22	12	both	34	3
mqr-387faa9f53e97a40	r1bq1rk1/ppp2ppp/2nbp3/6N1/2PPp3/6P1/PP2PPBP/R1BQ1RK1 b - - 1 9	twic1660-08703	2	17	22	high	7850	high	30	16	both	33	3
mqr-71749f6dcbcbd592	8/2R3pp/p3rk2/5p2/8/2pK2P1/2P4P/8 w - - 1 33	twic1660-09010	2	64	4	low	1900	low	12	8	none	17	3
mqr-0843bd3b00e6a6be	1r1q1rk1/5pp1/2n5/p1pppPb1/1p6/2P2Q1P/PP1B1RB1/R5K1 w - - 0 25	twic1660-02166	2	48	20	high	6750	high	24	12	both	34	3
mqr-b0adeadaa8d6536c	r1bqr1k1/2pn1ppp/1p3n2/p2p4/3P4/2QBPP2/PP2N1PP/R1B2RK1 w - - 0 12	twic1660-01928	1	22	22	high	7650	high	28	14	both	39	3
mqr-3bbbf1c3638fa6dc	r1r3k1/1q1nbppp/pp1pbn2/4p3/P3P3/1PN1BB2/N1P2PPP/R2QR1K1 w - - 1 20	twic1660-01066	2	38	24	high	8350	high	30	14	both	37	2
mqr-139331fccaa3b1d3	8/4k3/b2p3p/3Pp3/4P1P1/4NK2/8/8 b - - 2 65	twic1660-02738	1	129	2	low	1300	low	10	6	none	14	0
mqr-adbdcc3fcdd02518	3r3k/4R1p1/p3n1q1/2P1P2p/P6P/5Q2/6PK/8 b - - 2 41	twic1660-06583	2	81	13	middle	4200	middle	15	8	both	36	2
mqr-9c842bca72cf9cd0	5rn1/1pq2r1k/p5pp/n1b5/P1p1P3/2P4P/BP1Q1P2/R1B2RKN b - - 2 25	twic1660-03338	2	49	22	high	7350	high	25	11	both	44	2
mqr-85a2b1ea388f5d29	r1b2rk1/ppp2pbp/2n3p1/3q4/3Pp3/6P1/PP1NPPBP/R1BQ1RK1 w - - 0 11	twic1660-04865	1	20	22	high	7650	high	28	14	both	26	2
mqr-d176daa2f298095e	2rr2k1/p1q2p1p/3pp1p1/6n1/3B2B1/1P6/PQ3PPP/3R2K1 b - - 5 26	twic1660-04918	1	51	17	high	5750	high	21	11	both	29	0
mqr-9e537c839f005bca	3r4/pQpk2pp/5p2/8/4PBb1/8/q1P3PP/1R4K1 w - - 3 25	twic1660-01798	1	48	14	middle	4650	middle	17	9	both	41	3
mqr-5975609d154a4faf	8/3k1p2/p7/1p3N2/6Pp/1KP2PbP/PP6/8 w - - 2 48	twic1660-07030	1	94	2	low	1700	low	14	10	none	16	2
mqr-758cd21b8f44d29e	r4rk1/pbq1npp1/Bp2p2p/2pp4/3Pn3/P1P1PN2/1P1NQPPP/R2R2K1 b - - 3 14	twic1660-04233	1	27	22	high	7850	high	30	16	both	43	6
mqr-e2541112331376ab	r3kbnr/pp2pp1p/1qn5/3p1p2/3P1B2/1QP4P/PP2NPP1/RN2K2R b KQkq - 1 10	twic1660-03920	2	19	22	high	7650	high	28	14	both	32	3
mqr-8e91f973674c8dfb	3r2k1/1p2B3/pN5p/P2P1p2/2Pbp2R/2Nn3P/1P2K1n1/R7 b - - 1 32	twic1660-04896	2	63	12	middle	4750	middle	21	10	none	37	5
mqr-3b2ef8e196b78289	r2q1rk1/pb2p1bp/1p1p2p1/2pPp2n/2P1PP2/3B2B1/PP1QN1PP/R4RK1 w - - 1 16	twic1660-02962	1	30	22	high	7850	high	30	16	both	36	1
mqr-93254b6b9c49d5e9	r2qkb1r/pp3pp1/2p1pnN1/7p/3P2PP/2P2P2/PP6/R1BQKB1R b KQkq - 0 12	twic1660-04615	1	23	21	high	7300	high	27	14	both	35	4
mqr-26d7ad5fff8fbd86	8/4k3/p3p3/2Pb1p1p/3N1PpP/2B1K1P1/8/8 b - - 0 44	twic1660-02938	1	87	3	low	1950	low	14	9	none	18	0
mqr-5d1885f8f6d72266	3R4/pkP5/1p2b3/2r2pp1/P7/5PB1/1PP5/1K6 b - - 1 33	twic1660-04980	2	65	6	low	2700	middle	15	9	none	24	2
mqr-cd96218aea50e392	r1b1rbk1/1p3pnp/2pp2p1/2n5/1qP1PPP1/pPN4P/P1QRNBB1/3R2K1 b - - 0 24	twic1660-06191	1	47	24	high	8350	high	30	14	both	41	7
mqr-08bba8d95af95942	rn1q1rk1/p1p2ppp/bp2pn2/3p4/2PP4/P1B1P3/1P1N1PPP/R2QKB1R b KQ - 2 9	twic1660-03418	2	17	22	high	7850	high	30	16	both	27	2
mqr-3d51eb8148e97433	r5kr/p2q1pp1/4p2p/n1BpP3/P1nP1Q2/5N2/5PPP/R4RK1 w - - 0 22	twic1660-05080	1	42	20	high	6750	high	24	12	both	38	3
mqr-18a87618551cdd88	r1b1k2r/pp2qpbp/2p2np1/2p1p3/4P3/P2P1N2/1PP2PPP/RNBQR1K1 w kq - 1 9	twic1660-03614	2	16	22	high	7850	high	30	16	both	30	1
mqr-d1002e05525eb7fd	1r3r1k/1b4pp/1bpPp3/5p2/3Pp3/4P3/1P1BB1PP/R4RK1 b - - 0 21	twic1660-00984	2	41	12	middle	4800	middle	22	12	none	27	1
mqr-b1aa4917973d3561	1r2k1Q1/pp2bp2/2b1p1p1/7r/8/8/PP3PPP/2R1R1K1 b - - 2 21	twic1660-06183	2	41	14	middle	4875	middle	19	10	one	2	0
mqr-e26a67f86714ae5e	r1b2rk1/ppq2ppp/2n5/2bnp3/4Q3/P1PB1N2/1P3PPP/RNB2RK1 b - - 3 12	twic1660-02965	2	23	24	high	8150	high	28	12	both	47	3
mqr-2539ffc7fa0ae713	rnbqk2r/pp2ppb1/2p3pn/6Np/3Pp2P/2N1B3/PPP2PP1/R2QKB1R w KQkq - 0 8	twic1660-07291	1	14	24	high	8450	high	31	15	both	44	4
mqr-ef4696a291117d27	r2r2k1/p2qbppp/1p2pn2/3pB3/b2NP3/2QP2P1/PP3PBP/2R2RK1 b - - 10 19	twic1660-02161	2	37	22	high	7650	high	28	14	both	37	2
mqr-607528927b519c72	rn2kb1r/pp3ppp/2p1pnb1/q7/2B3P1/2NP1P2/PPPBQ2P/R3K1NR w KQkq - 1 10	twic1660-08578	1	18	24	high	8350	high	30	14	both	41	2
mqr-09aa0e5c25712188	r1bqk1nr/1p1pppbp/p5p1/8/3pPP2/3B4/PPPPN1PP/R1BQK2R b KQkq - 1 8	twic1660-04353	1	15	22	high	7850	high	30	16	both	24	0
mqr-5a25cab82c4692ad	r5k1/1r5n/8/p2R4/1p2N3/2P4P/1P3PP1/3R2K1 w - - 0 34	twic1660-08405	1	66	10	middle	3600	middle	15	7	none	38	2
mqr-2623c8904619ebc3	4kb1r/3n1ppp/1qQppn2/2pP4/1p2P3/2P2N2/1P1N1PPP/2B2RK1 w k - 5 18	twic1660-06739	2	34	18	high	6550	high	26	14	both	30	6
mqr-468b460656f01293	r2qk2r/3n1ppp/p1pbpn2/1p1p3b/2PP4/1PN1PN1P/PB2BPP1/R2Q1RK1 w kq - 3 11	twic1660-05300	1	20	24	high	8550	high	32	16	both	34	4
mqr-5580422519ff6e8e	8/6k1/2r4p/1R6/6PK/8/8/8 w - - 49 79	twic1660-07764	1	156	4	low	1300	low	6	2	none	18	0
mqr-66678a8fc3edc907	r2q1rk1/5pbp/p1np4/1p1Npb2/8/2P5/PPN2PPP/R2QKB1R w KQ - 2 14	twic1660-08352	2	26	22	high	7450	high	26	12	both	40	1
mqr-1911852bcf3a836a	r3r2k/p2R1p1p/2p2b2/3p4/4n3/2qN1Q2/P1P2PPP/4R1K1 w - - 12 27	twic1660-01522	2	52	19	high	6200	high	21	10	both	41	6
mqr-2aba2c1296d68a93	2rr2k1/p2q1pp1/bp2pn1p/4Q3/2PP4/P4P2/1B4PP/1BRR2K1 w - - 6 28	twic1660-02222	1	54	20	high	6750	high	24	12	both	44	2
mqr-cbc695b3661d9c59	rnbqk2r/1p2bppp/p2ppn2/6B1/3NPP2/2N2Q2/PPP3PP/R3KB1R b KQkq - 2 8	twic1660-00636	1	15	24	high	8350	high	30	14	both	28	1
mqr-8250da173fbfafd9	8/5QK1/8/5P2/3k4/8/8/8 w - - 1 68	twic1660-07119	2	134	4	low	1075	low	4	1	one	24	0
mqr-9c489fc66c7aa702	r1b1k2r/pp2bppp/2nqpn2/6B1/3P4/2N2N2/PP2BPPP/R2QK2R w KQkq - 5 10	twic1660-02124	1	18	24	high	8150	high	28	12	both	44	1
mqr-2c7ea913bff47761	1K6/8/8/8/8/6k1/2R5/8 w - - 3 55	twic1660-06732	2	108	2	low	550	low	3	0	none	19	0
mqr-bf11de596beb7743	8/5pp1/4pk1p/8/8/8/2R1KP1q/8 w - - 0 64	twic1660-05218	2	126	6	low	2025	low	9	5	one	17	0
mqr-51732a682479d38a	r2q1rk1/5ppp/2b1pn2/p1pp4/2P5/P5P1/1PQ1PPBP/R1B2RK1 b - - 1 14	twic1660-03759	2	27	20	high	6950	high	26	14	both	32	1
mqr-e87b503f73657c33	8/4b3/p3k2p/n1p3p1/2P1N1P1/3K3P/P5N1/8 b - - 8 47	twic1660-02441	1	93	4	low	2200	low	14	8	none	12	1
mqr-69d31f769b5927c1	1k1r3r/pbq1n3/6P1/2p1pp2/1P1pP3/5QP1/P2N2B1/2R2RK1 b - - 0 25	twic1660-00368	2	49	20	high	6550	high	22	10	both	43	4
mqr-2c33ef8a7e9e99ae	r2q1rk1/pp2bppp/2n2n2/3p4/N7/4BBPP/PP2PP2/R2Q1RK1 b - - 0 13	twic1660-03527	2	25	22	high	7450	high	26	12	both	35	0
mqr-fb9b9e63d20e6895	r1b1k2r/pp2ppbp/1q4p1/2p5/3N1Pn1/N2P2P1/PPP1Q1BP/R1B2RK1 b kq - 0 12	twic1660-06631	2	23	23	high	8000	high	29	14	both	44	4
mqr-39379bf9c1bd6208	5rk1/R7/1p2p1p1/7p/1P5P/6P1/P3PP1K/8 w - - 0 38	twic1660-08953	1	74	4	low	2100	low	14	10	none	24	0
mqr-949cba576cc7f75a	r2qkb1r/1p1b1ppp/p1nppn2/8/P2NP3/2N3P1/1PP2PBP/R1BQ1RK1 b kq - 0 9	twic1660-08937	1	17	24	high	8350	high	30	14	both	34	2
mqr-cac4d54a43ed02b4	8/4kpp1/5b2/ppq5/4B3/4P1P1/P4PK1/3Q4 w - - 0 50	twic1660-00567	1	98	10	middle	3450	middle	14	8	both	43	0
mqr-a152ae3cf93fb94c	1nr1r1k1/4bppp/1Bq1p3/pp2P3/4pPP1/P7/1PPR1Q1P/3R1BK1 w - - 0 25	twic1660-01068	2	48	20	high	6950	high	26	14	both	44	2
mqr-ba24418fafbceddf	r2qk1nr/pp1bppbp/2np2p1/2p5/2P1P3/2N2NP1/PP1P1PBP/R1BQ1RK1 w kq - 1 8	twic1660-03715	2	14	24	high	8550	high	32	16	both	30	0
mqr-b1f8643deab2f056	r2qr1k1/pb1pnpb1/1p2p1pn/6N1/3PNP2/2PB3Q/PP3R1P/R1B3K1 b - - 6 22	twic1660-08404	2	43	24	high	8150	high	28	12	both	32	2
mqr-df7859495f6aac1c	r1bq3r/1p5p/p1nkp1p1/b1p1p3/2B1P2P/2PPQ3/1P1BN1P1/R3K2R b KQ - 0 20	twic1660-04100	1	39	22	high	7550	high	27	13	both	33	2
mqr-3cc51b451c8f5c47	r5r1/pp2kp1p/1qb1p1pn/3pP3/3N4/3P2Q1/PPR1NPPP/R5K1 w - - 0 19	twic1660-06965	2	36	20	high	6950	high	26	14	both	38	4
mqr-7c3a77018661acb0	2r1k2r/1pqn1pp1/p2p4/3Pp1bp/8/1N1Q1P2/PPP2BPP/1K1R3R w k - 3 17	twic1660-01406	2	32	20	high	6950	high	26	14	both	46	1
mqr-93ed7e3927c4c267	rnbqkb1r/pp2pppp/1n1P4/8/2p5/2P5/PPBP1PPP/RNBQK1NR b KQkq - 0 7	twic1660-08744	1	13	24	high	8450	high	31	15	both	27	2
mqr-ad5dfa03260ce6eb	3rrbk1/pp3pp1/2nq2p1/2pNp1Bn/6Q1/1BPP3P/PP3PP1/R2R2K1 b - - 9 20	twic1660-03570	2	39	22	high	7650	high	28	14	both	32	1
mqr-e9127d858ff60007	1k1r4/pp6/1nn3bB/1R4P1/2P5/P3pP2/4N3/2K5 w - - 1 38	twic1660-06699	2	74	9	middle	3550	middle	16	7	none	21	1
mqr-aefa01bb739bd711	rn1q1rk1/pp2ppbp/6p1/3pPb2/3Pn3/2NB1N2/PP3PPP/R1BQ1RK1 w - - 5 10	twic1660-07655	1	18	24	high	8350	high	30	14	both	40	3
mqr-693a16a35c9672a9	1R6/6kp/8/7p/8/4K3/8/8 b - - 0 53	twic1660-04485	2	105	2	low	750	low	5	2	none	6	0
mqr-972e1690c89c3156	r1bqr1k1/pppp1pp1/2n2n1p/2b5/2P4B/2N1PN2/PP3PPP/R2QKB1R b KQ - 0 9	twic1660-07206	2	17	24	high	8350	high	30	14	both	39	2
mqr-7ddcbc27a52833d2	8/8/8/6k1/R6p/5N1K/8/1r6 b - - 20 60	twic1660-00994	1	119	5	low	1550	low	6	1	none	5	0
mqr-66e5baf14fe5ca22	8/p7/3k4/1pP4p/2P1K2n/4Np1P/1P3P2/8 b - - 0 41	twic1660-06491	2	81	2	low	1600	low	13	9	none	6	1
mqr-fe1159c369a6de6d	r1r3k1/3b1p2/3p2p1/1p1P4/p3B1P1/P1b1B3/4KP2/1R5R w - - 0 25	twic1660-01754	2	48	12	middle	4500	middle	19	9	none	44	2
mqr-a8dbf2ef0a4b9eda	5k2/3p4/2p1p3/2P1bp1B/p7/P7/2K5/6R1 w - - 0 36	twic1660-03379	2	70	4	low	1950	low	12	7	none	26	0
mqr-4720ec7aaa256ac9	8/8/8/8/5pp1/6k1/r3p3/1R3K2 w - - 0 61	twic1660-02781	2	120	4	low	1400	low	7	3	none	2	0
mqr-62498a9045761a5a	5kq1/4p3/p2p3Q/1p6/2r1P3/5P2/PPP5/1KN5 b - - 3 35	twic1660-06489	1	69	11	middle	3750	middle	15	9	both	3	0
mqr-b31a555abc0fb5c4	rn2kb1r/1p3ppp/p1p1pnb1/3p4/2P4N/1P1PB1PP/1P2PPB1/RN2K2R b KQkq - 0 10	twic1660-01503	1	19	16	middle	6600	high	30	16	none	29	2
mqr-b00c3231fdb42495	r2r2k1/ppqbbppp/2p1pn2/8/2NP4/2N1P1P1/PPQ2PBP/R4RK1 w - - 7 14	twic1660-07326	1	26	22	high	7650	high	28	14	both	51	2
mqr-8de6f7594d2002af	8/p7/5K1p/4P1pP/6P1/k7/P7/8 b - - 0 46	twic1660-07127	2	91	0	low	700	low	9	7	none	6	1
mqr-ff19b1f41f87fe85	8/8/5p2/b3p1p1/4P1P1/pk6/N2pK3/8 b - - 1 58	twic1660-04083	1	115	2	low	1400	low	11	7	none	15	1
mqr-34fbae7a49db5786	1r1q1rk1/1p1b1pp1/p2p1n1p/b3n3/2PN4/PP4PP/1BQ1NPB1/R4RK1 w - - 1 17	twic1660-00227	1	32	24	high	8150	high	28	12	both	44	1
mqr-759cd50efc1d2efc	b7/6kp/3q1np1/1p6/2P1P3/7P/2BN1QP1/6K1 b - - 0 32	twic1660-05887	2	63	12	middle	4050	middle	15	7	both	42	4
mqr-260b064b947654e2	7r/3rkppp/1b2p3/p7/P7/N1P3P1/1P3PK1/R3R3 b - - 1 23	twic1660-01738	1	45	10	middle	3900	middle	18	10	none	36	1
mqr-2e4ecc2abd6d86cf	2kr1b1r/3q1p1p/bpn1pnp1/3p4/Pp1N1P2/2P3N1/2B3PP/R1BQR2K w - - 0 20	twic1660-01169	2	38	24	high	8150	high	28	12	both	45	5
mqr-d104a03edb16c8ae	2r1r1k1/1p1q1pp1/4bn1p/p7/PbpP4/4NBP1/1PQBPK1P/R2R4 w - - 6 21	twic1660-01188	2	40	22	high	7450	high	26	12	both	47	4
mqr-811b33381789d885	2r1kb1r/pp1b1ppp/1qn1p3/3pP3/1PNP4/P4N2/2B2PPP/R1BQ1RK1 b k - 0 13	twic1660-02732	2	25	23	high	8000	high	29	14	both	35	7
mqr-97a399f6cc854fbf	2r2r2/pq2ppkp/1p1p2p1/3Nn3/1PP5/P5P1/1Q2PP1P/2RR2K1 b - - 2 23	twic1660-06163	2	45	18	high	6250	high	24	14	both	31	2
mqr-2e10494acce7aa0f	r1b1kbnr/ppqp1ppp/2n1p3/8/4P3/1NN1B3/PPP2PPP/R2QKB1R b KQkq - 3 7	twic1660-01514	1	13	24	high	8350	high	30	14	both	40	1
mqr-00959a0c8ebc32c3	2r3k1/p4pbp/1pP1pnp1/3q4/2QP4/1P6/PB1N1PPP/2R3K1 w - - 0 18	twic1660-06672	2	34	16	middle	5750	high	23	13	both	37	1
mqr-2c34be18ef3cdb43	6r1/7P/5p2/3k1K2/3b1PP1/8/8/5R2 b - - 0 64	twic1660-04801	1	127	5	low	1850	low	9	4	none	25	1
mqr-10ffe331b69c0304	r1b2rk1/1pqn1pp1/p2b3p/2pn4/2PP4/4pPPN/PB2P1BP/R2Q1RK1 w - - 0 17	twic1660-07578	2	32	23	high	8000	high	29	14	both	26	2
mqr-52db0064a5b4d0ab	r1b1k2r/ppp2ppp/2q2n2/8/1b1P4/2N5/PPP2PPP/R1BQKB1R w KQkq - 2 8	twic1660-05264	2	14	22	high	7550	high	27	13	both	30	0
mqr-9473fd39ef3bc6ff	r1br2k1/ppq1pp1p/6p1/2nPN3/2B5/2P1P3/P2Q1PPP/2R1K2R w K - 3 15	twic1660-06874	1	28	20	high	6850	high	25	13	both	39	2
mqr-3551af242fb59379	8/8/7q/5p2/8/8/4K1k1/8 w - - 0 65	twic1660-02947	2	128	4	low	1075	low	4	1	one	3	0
mqr-c6a5f751ca0157ba	q7/5pk1/1b2p1pp/4P3/2Rp1P2/3Q2P1/7K/8 b - - 5 56	twic1660-07247	1	111	11	middle	3650	middle	14	8	both	34	0
mqr-6426f5403efb5fd8	8/2k2r1p/1pp1b1nR/p4p2/P1p4P/4B1P1/1PB5/5K2 b - - 0 31	twic1660-03970	2	61	8	low	3500	middle	18	10	none	24	1
mqr-495e9ff1abba2493	7k/ppR3p1/4pp1p/3p3q/6N1/P2R4/1P2nPP1/5K2 w - - 0 34	twic1660-05077	2	66	10	middle	3875	middle	18	11	one	35	6
mqr-3903fd8b36de4265	r1bq1rk1/pp2bppp/2n2n2/2pp4/3P4/2N2NP1/PPP2PBP/R1BQR1K1 b - - 4 9	twic1660-04480	2	17	24	high	8350	high	30	14	both	35	2
mqr-d97c3a398b29285a	8/1p6/p4pBb/P4P1P/1P6/2k5/K5P1/1r6 w - - 0 42	twic1660-03483	1	82	4	low	2050	low	13	8	none	8	1
mqr-f6cb7355c0e4fdef	r5k1/5pp1/P3pn1p/3p4/8/8/5q1P/RR3B1K w - - 0 39	twic1660-07029	1	76	12	middle	4025	middle	15	7	one	23	0
mqr-bc42376137c8ed77	1rb2rk1/p1pp1ppp/1np4q/4P3/2P4R/3B1N2/PP3PPP/R2Q2K1 b - - 10 15	twic1660-07266	2	29	20	high	6950	high	26	14	both	31	2
mqr-b0fc3ed3191c6698	r2q1rk1/pp2ppbp/n1pp2p1/P4b2/2PP4/2N3P1/1P1QPPBP/R1B2RK1 b - - 0 11	twic1660-04571	1	21	22	high	7850	high	30	16	both	39	2
mqr-2d899a294702ac2d	r4rk1/2p3qp/bp1p2nR/p2P2P1/2PRN3/P4p1P/1PB2Q2/1K6 b - - 7 33	twic1660-04993	2	65	20	high	6750	high	24	12	both	36	3
mqr-7e0429e7b7315956	8/1R6/6k1/P4p2/2p2Kn1/3b3p/1P6/8 w - - 0 52	twic1660-04997	2	102	4	low	1750	low	10	5	none	17	0
mqr-b11e377da7611e39	r2qk2r/1p3pp1/p3bn2/2bpp2p/5P2/2N1P3/PPPBB1PP/R2Q1R1K b kq - 0 13	twic1660-02649	1	25	22	high	7650	high	28	14	both	47	2
mqr-71b56de5382bd585	r4bk1/1b1n1pp1/ppqr3p/2p1pQ2/PP6/2P1BP1P/B2N2P1/3RR1K1 b - - 2 24	twic1660-08739	1	47	22	high	7550	high	27	13	both	32	4
mqr-94b84ae59a2639d0	2r2bk1/R4p2/4p2p/3pBqpQ/3P4/7P/5PP1/6K1 w - - 4 42	twic1660-04739	2	82	14	middle	4650	middle	17	9	both	38	4
mqr-818cc9a4fc09ab00	r3k2r/pbqpbppp/1p2pn2/n7/2pPP3/P1P2N2/1PBNQPPP/R1B2RK1 w kq - 2 11	twic1660-00883	1	20	24	high	8550	high	32	16	both	31	2
mqr-deb95d5e5de1ba59	r1bqkb1r/p2n1pp1/2pp1n1p/1p2p3/3PP1P1/2N1BN2/PPP2P1P/R2QKBR1 w Qkq - 0 8	twic1660-02061	2	14	24	high	8550	high	32	16	both	41	5
mqr-a906d22b3833ee51	5k2/7p/6p1/1p1N4/1n6/P2p2PP/5PB1/2b3K1 b - - 2 29	twic1660-01694	1	57	4	low	2200	low	14	8	none	20	2
mqr-81bd989672f3fedb	r2q1rk1/pp1nbppb/2p1pn1p/8/4N3/1P1P2P1/PBPN1PBP/R2Q1RK1 w - - 1 12	twic1660-03755	2	22	24	high	8350	high	30	14	both	39	2
mqr-26c6e0283674f14e	r2k3r/4bp2/p1n1p3/1pp3Bp/6N1/P2P2P1/1PP2P1P/R4RK1 w - - 2 19	twic1660-02050	2	36	12	middle	4900	middle	23	13	none	33	1
mqr-0f50bb239156c598	3r1b2/1p2qbpk/p4p1p/4pP2/Q2pP3/PP1N1BP1/3n1R1P/2R4K b - - 2 32	twic1660-03901	2	63	19	high	6650	high	25	13	both	37	5
mqr-0a13901a82082c4c	r1bqk2r/ppp2ppp/2n2n2/2b1p3/2B1P3/5N2/PPPN1PPP/R1BQ1RK1 w kq - 4 8	twic1660-04735	1	14	24	high	8350	high	30	14	both	29	2
mqr-ad69e193072c7335	r1bq1rk1/ppp1n1bp/3p2p1/4np2/2P5/1PN1PN2/P1Q1BPPP/R1B2RK1 b - - 0 10	twic1660-00776	2	19	24	high	8350	high	30	14	both	33	2
mqr-45dc6c90ae1b1b0d	r5k1/p2p2bp/np4p1/1N1P1r2/4n3/P5P1/R3PPKP/1NB2R2 w - - 1 19	twic1660-08673	2	36	14	middle	5400	middle	23	11	none	32	1
mqr-abd7a6fcc990d52f	3r1rk1/ppp2pp1/1B4qp/3P1b2/8/2N5/PP1Q2PP/4RR1K b - - 0 23	twic1660-07990	2	45	19	high	6300	high	22	11	both	38	5
mqr-7b3783dda50ea4ba	r7/ppp2pkp/3p2p1/3Q4/7q/1P4P1/P1r2P1P/3R1K1R b - - 0 19	twic1660-06431	1	37	16	middle	5350	middle	20	12	both	49	4
mqr-8f3e3a2da46de7f5	r1bq1rk1/pppn1ppp/3bpn2/3p4/2P5/1P3NP1/PB1PPPBP/RN1Q1RK1 b - - 2 7	twic1660-08249	2	13	24	high	8550	high	32	16	both	33	2
mqr-f697b1591af48bfd	4r3/pp1br1p1/2pp1p2/6k1/3PP1p1/1PP1R1P1/P1B2K1P/4R3 b - - 0 27	twic1660-04290	1	53	10	middle	4300	middle	22	14	none	25	1
mqr-ea64fb354b812a97	1k4r1/p2q1p2/Pp1bb3/3p4/3P1p1p/1N3Q1P/1P2BPP1/2R4K w - - 11 35	twic1660-09100	1	68	16	middle	5650	high	22	12	both	35	2
mqr-075f7d07293cd0c7	5rk1/1p4p1/r1b1pq1p/2b5/1pPpBP2/P2Q1R2/6PP/1RB3K1 w - - 0 21	twic1660-03068	1	40	20	high	6650	high	23	11	both	36	4
mqr-9506f4d77dd96ae2	n1qrbbk1/5ppp/1p1Pp3/r1p1P1B1/p7/P1N3P1/1P3PBP/2RRQ1K1 b - - 2 22	twic1660-04112	1	43	22	high	7650	high	28	14	both	25	2
mqr-b947e72826a67e8a	r1bqr1k1/1p3pp1/p1pp1n1p/8/P1PQ4/5PNP/BP3P2/R1B1R1K1 b - - 0 20	twic1660-08793	1	39	21	high	7200	high	26	13	both	37	2
mqr-5ef360c489f24e7a	2r3k1/5pb1/3p2p1/3Pn2p/4R3/6PP/1qPQBBK1/8 w - - 7 51	twic1660-08675	1	100	16	middle	5250	middle	18	8	both	45	2
mqr-06f4c5be5e538a4f	r1bqkb1r/1p2pppp/p1np1n2/8/2B1PB2/2N2N2/PP3PPP/R2Q1RK1 b kq - 3 8	twic1660-00737	2	15	24	high	8250	high	29	13	both	35	1
mqr-bba86c06dfa085ca	rnb1k2r/1pp1qppp/3p1n2/p2Pp3/2P5/2N1P1P1/PP1QNPBP/R3K2R w KQkq - 0 11	twic1660-06651	1	20	22	high	7850	high	30	16	both	38	0
mqr-af5e631bbb493b7f	2rq1rk1/p2bppbp/5np1/1p2B3/8/1BN2P2/PPPQ2PP/2KR3R b - - 0 14	twic1660-00236	1	27	22	high	7450	high	26	12	both	33	1
mqr-9dbff1980c64e83c	2k3r1/pb2bp2/N7/7p/8/3P1P2/PPP1p1PP/R1B1R1K1 b - - 1 21	twic1660-05742	1	41	10	middle	4150	middle	20	11	none	30	3
mqr-e9f49bc4d22880e6	2r1r1k1/1p1qbppp/p2p4/3Pn3/3NN3/7P/PP3PP1/R2QR1K1 w - - 2 18	twic1660-02737	1	34	20	high	6750	high	24	12	both	43	1
mqr-a90109ff01f412a2	4r1k1/1p2rnbp/1q1p2p1/pbp2p2/2P2Pn1/PP2P1P1/1B1QR1BP/3NR1K1 w - - 0 26	twic1660-04125	2	50	23	high	8000	high	29	14	both	36	5
mqr-80c60b8ff9e3588c	r4rk1/p1p3pp/3bpp2/3P1b2/3N4/2q1BQ2/P1P2PPP/R4RK1 b - - 2 15	twic1660-07613	2	29	20	high	6750	high	24	12	both	50	7
mqr-45796a15c8c05b81	r1bq1rk1/pppn2bn/3p3p/3PpP2/2P3pP/2N1BN2/PP1Q1PP1/R3KB1R w KQ - 0 13	twic1660-02263	1	24	24	high	8450	high	31	15	both	43	3
mqr-568ca15e61f3c992	r1bqr1k1/1ppn1ppp/2np1b2/p7/2PNP3/P1N1BP2/1P2B1PP/R2Q1RK1 w - - 0 14	twic1660-05060	2	26	24	high	8350	high	30	14	both	43	1
mqr-4fc44782c65f4c3f	3rr1k1/2qn1pp1/1p2pb1p/p1p5/2PP4/PPB2N1P/2Q2PP1/3RR1K1 w - - 0 22	twic1660-01992	1	42	20	high	6950	high	26	14	both	41	3
mqr-345cf98155e81c3b	rn1qkb1r/pp2pppp/5n2/3pNb2/8/2N3P1/PP1PPPBP/R1BQK2R b KQkq - 1 7	twic1660-04231	2	13	24	high	8350	high	30	14	both	35	0
mqr-086cf19eb60ae0d7	r1b1kb1r/pp1n2pp/2n1pq2/3p4/3P4/3B4/PP1NNPPP/R1BQK2R w KQkq - 0 10	twic1660-07488	2	18	24	high	8150	high	28	12	both	37	1
mqr-2e415d982758c42e	r4rk1/pp2p1bp/4pnp1/2q5/Q1Pn4/2N1B3/PP2BPPP/R4RK1 b - - 1 14	twic1660-00393	1	27	22	high	7450	high	26	12	both	49	2
mqr-6b815ce09c55ce08	r1bqkb1r/pp3ppp/2n2n2/2pp4/3P4/1P2PN2/PB3PPP/RN1QKB1R b KQkq - 0 7	twic1660-04636	2	13	24	high	8350	high	30	14	both	38	2
mqr-454519bbd7093d5e	6r1/1k2b3/Rp2pp2/2p4n/3PP3/2P2P2/6RB/5NK1 b - - 0 32	twic1660-06224	2	63	10	middle	3850	middle	17	8	none	27	3
mqr-51e4de55729fefeb	3Q4/1q3pkp/8/1npPP3/1p6/1P3KN1/6PP/8 b - - 6 40	twic1660-03284	2	79	10	middle	3550	middle	15	9	both	24	1
mqr-e4b3a60afeb2316d	r2q3k/1pp3R1/b2pr2p/4n2N/8/1P4PP/1Q2P1B1/5RK1 w - - 3 29	twic1660-00317	2	56	20	high	6350	high	20	8	both	47	3
mqr-05843a646a29e825	8/8/5bk1/4p3/4P1Q1/p5P1/q4BK1/8 b - - 5 64	twic1660-06736	2	127	10	middle	3050	middle	10	4	both	4	0
mqr-f412b88afb3b2ecd	1rbqk2r/3p2pp/p1Rbppn1/1p1N4/4P3/3B1N2/PP1BQPPP/4K2R b Kk - 0 13	twic1660-02838	1	25	23	high	7900	high	28	13	both	36	3
mqr-2a408d944831e1bd	r1bq3r/3p1k1n/p1p3pp/1pN1P3/3n1B2/3P4/PPPQ2PP/R3K1NR b KQ - 0 14	twic1660-02407	2	27	22	high	7550	high	27	13	both	36	1
mqr-0578306ace092206	4r3/pb2b3/1p1N2kp/1Pp5/P1Pp1BP1/3P2K1/8/4R3 b - - 3 47	twic1660-06614	1	93	8	low	3500	middle	18	10	none	28	1
mqr-3122aabaf757c5c1	r1bqkb1r/pp1n1ppp/2n1p3/3pP3/3N4/5N2/PPP2PPP/R1BQKB1R w KQkq - 3 8	twic1660-04174	2	14	24	high	8350	high	30	14	both	37	2
mqr-9aac605f243d59fd	8/5p2/2p5/p1pkP1P1/1p3KN1/P1Pb4/1P6/8 w - - 18 43	twic1660-03882	1	84	2	low	1700	low	14	10	none	15	2
mqr-3e841a5670d2c9e7	r6r/pq3k2/3p2p1/2p1p3/2P1PpP1/B1QP1Pb1/P5K1/R6R b - - 3 28	twic1660-08526	2	55	18	high	6050	high	22	12	both	49	2
mqr-b2b1d091c68dbcda	r2r2k1/3q1p2/4b1p1/p2p3p/3R4/1P2QB1P/P4PP1/3R2K1 b - - 1 25	twic1660-08828	2	49	18	high	5850	high	20	10	both	30	1
mqr-0d194ebcdd6078f2	8/5kpp/8/8/RR6/3N3P/6P1/7K b - - 0 65	twic1660-06253	2	129	5	low	1850	low	9	4	none	11	0
mqr-f59765d99411ca65	8/6pk/7p/2Bp2P1/p1b1pPn1/2P1P3/1q6/4Q1KB w - - 3 39	twic1660-07116	1	76	12	middle	4250	middle	17	9	both	24	2
mqr-b79c921bd460d57d	2r5/p5pk/4b2p/1p3p2/3R4/P5P1/2Q1PKBq/8 w - - 2 33	twic1660-02505	2	64	14	middle	4550	middle	16	8	both	39	2
mqr-495cea97df0ab52d	r1b1k2r/1pqpbppp/p1n1pn2/8/2PNP3/P1N1B3/1P2BPPP/R2QK2R b KQkq - 3 9	twic1660-02730	1	17	24	high	8350	high	30	14	both	44	4
mqr-428c4da3b1b3cc4f	2Q5/3n2pp/3k1p1n/4p3/2N5/3P2PP/5P2/6K1 b - - 1 38	twic1660-04520	1	75	7	low	2825	middle	14	8	one	3	0
mqr-02716e43418e10d2	8/2PR2pp/1p6/1Pr5/P5P1/3p1P2/3k1K1P/8 w - - 1 44	twic1660-08461	2	86	4	low	2100	low	14	10	none	21	2
mqr-7338bd195e86d35f	3R4/p4pp1/1p1b2kp/2p2b2/1nPP2N1/7P/PB3PP1/6K1 b - - 0 29	twic1660-05093	2	57	7	low	3500	middle	20	12	none	31	3
mqr-66cdd83fa4345c71	6r1/2p1rp1R/1pkp4/p4R2/2P4p/PP2PK2/5P1P/8 w - - 4 33	twic1660-04575	2	64	8	low	3400	middle	18	12	none	23	4
mqr-60802aaf43657ad6	8/6p1/5k2/1pr4p/1R3K1P/P4PP1/1P6/8 w - - 0 50	twic1660-05166	2	98	4	low	1900	low	12	8	none	11	1
mqr-48a9ebc85d18e638	4r3/p1p1kp2/2Np4/1Qp1r2p/P3P2n/1P3P2/1KP2q2/2R3R1 b - - 3 35	twic1660-03168	2	69	18	high	5950	high	21	11	both	4	0
mqr-82430e20087d47c2	r5k1/pq2npp1/1pbQ3p/2p5/6P1/1P3PB1/P5BP/5RK1 b - - 1 24	twic1660-01535	1	47	16	middle	5550	middle	21	11	both	33	1
mqr-dcabab27be709a0e	5bk1/6p1/3rq2p/1p1R4/1P3p1B/P2Qp2P/6PK/8 w - - 0 51	twic1660-07636	2	100	14	middle	4650	middle	17	9	both	36	4
mqr-ff277aea43af300b	2Q5/pp6/2R2ppk/7p/3pP3/1P1P4/6PK/4q3 b - - 6 42	twic1660-07474	2	83	10	middle	3500	middle	15	10	both	28	2
mqr-d44c6768aea2efc2	r3r3/7p/2p1pkp1/1p1p1p2/1PnP2PP/PK3P2/4R3/2BR4 b - - 3 31	twic1660-08746	1	61	10	middle	4200	middle	21	13	none	33	3
mqr-88b944e2e7481468	5r2/8/7R/1k6/2n4B/8/1r3PPK/1R6 w - - 11 50	twic1660-08367	1	98	10	middle	3100	middle	10	2	none	31	1
mqr-2b4d0e70e4c8304f	r1bqk2r/pp1Nppb1/2p3p1/7p/3PpB1P/4P3/PPPQ1PP1/R3KB1R b KQkq - 0 10	twic1660-07104	1	19	21	high	7500	high	29	16	both	26	4
mqr-3d2402bd54262393	3r4/2rPbpk1/6pp/p2RP3/3N4/6P1/P5KP/3R4 b - - 3 41	twic1660-07070	2	81	10	middle	3800	middle	17	9	none	35	2
mqr-cd9e693ce14fb7d7	r5k1/p3bppp/1p2p1b1/6N1/1P5P/P1PpB3/3R1PP1/6K1 b - - 0 24	twic1660-07748	2	47	8	low	3800	middle	21	13	none	25	2
mqr-493127e57f8435f7	r1bqkb1r/5ppp/p1p1p3/8/3PP3/8/P4PPP/1RBQK1NR w Kkq - 0 11	twic1660-05816	2	20	20	high	6750	high	24	12	both	40	0
mqr-36feb3e92f55c873	8/R5p1/3k1p2/5P2/5K2/8/8/6r1 b - - 8 53	twic1660-02412	1	105	4	low	1400	low	7	3	none	17	0
mqr-470d050c8cf93e9b	3r4/p4k2/1p2p2p/8/2P5/1PB1KP2/7P/2R5 b - - 4 39	twic1660-04656	2	77	5	low	2250	low	13	8	none	24	0
mqr-1534579e008a4b64	r1b1k1nr/ppqp1pbp/2n3p1/1Bp1p3/3PP3/2P2N2/PP3PPP/RNBQR1K1 b kq - 0 7	twic1660-01611	2	13	24	high	8550	high	32	16	both	34	3
mqr-6e51db8b8219815a	2rrn1k1/p2q1pp1/2p4p/1p6/1P1PP3/PQ2BPP1/6KP/3RR3 w - - 0 24	twic1660-04787	2	46	18	high	6150	high	23	13	both	38	2
mqr-0f04c4830f2d7666	8/3n4/p1r1kp2/8/2p1P2P/2P3P1/1P1RBKP1/8 w - - 0 37	twic1660-07720	2	72	6	low	2700	middle	15	9	none	24	2
mqr-da17c44af09080a6	r4rk1/ppp1q1pp/4bn2/4pp2/1bP5/2NBP3/PP1B1PPP/R2Q1RK1 w - - 0 12	twic1660-08284	2	22	22	high	7650	high	28	14	both	38	1
mqr-ab781b82b245916d	r2q1rk1/1p2bppp/2p1pn2/p2n4/2NP4/1P3PP1/PB3PBP/R2Q1RK1 w - - 0 13	twic1660-03840	1	24	22	high	7650	high	28	14	both	30	1
mqr-60be45ad19835efb	r4rk1/5ppp/p3bn2/q1bp2P1/1pp1PB2/5P2/PPPQ3P/1KNR1B1R b - - 2 18	twic1660-05582	2	35	22	high	7650	high	28	14	both	42	3
mqr-bf45a8cd7443605b	8/5k2/1p6/1P3PK1/2nB4/7P/8/8 b - - 2 58	twic1660-03464	2	115	2	low	1100	low	8	4	none	11	0
mqr-9646de48f6c60f16	r1bqkb1r/pp1n1pp1/2p1p2p/8/3PB3/5N2/PPP2PPP/R1BQK2R b KQkq - 0 9	twic1660-02080	1	17	22	high	7650	high	28	14	both	32	0
mqr-4627fb0932a0088e	4q1k1/3B4/1p1bNr1P/pQ3p2/3P4/P1P4P/4PP2/3R2K1 b - - 0 36	twic1660-02524	2	71	15	middle	5100	middle	19	10	both	32	5
mqr-0b24d8bfefef3832	3r4/1R3pk1/p4bp1/3B3p/P1N2K1P/4P1P1/2R2P2/r7 b - - 0 39	twic1660-01950	2	77	11	middle	4150	middle	18	9	none	34	3
mqr-14b994ecc285aa23	r1k5/7R/5R2/p1p2p2/Pp2bP2/6N1/1K1r4/8 w - - 5 38	twic1660-05609	2	74	10	middle	3500	middle	14	6	none	3	0
mqr-6137d8ef5e66afda	2kr4/1p1r4/n1p3p1/3q3p/2R4P/3pQ1N1/3R1PPK/8 w - - 6 45	twic1660-03497	2	88	18	high	5650	high	18	8	both	44	4
mqr-17da952e4de89fc9	bq1rk3/4b1p1/1p3pPr/3NpP2/P1Q1P3/1P3B1p/1P5P/2R2RK1 b - - 0 27	twic1660-08357	2	53	20	high	6750	high	24	12	both	25	3
mqr-4941d2d95a4e2207	1r1qr1k1/3nppbp/1pbp1np1/p7/P1P1P3/NPN1BP1P/4BQP1/2R2RK1 w - - 0 24	twic1660-04015	2	46	24	high	8350	high	30	14	both	36	1
mqr-7cf556709e8ca4b5	2b5/Qp5k/2p4p/4q1pP/3Nrp2/2P5/P1P2PP1/5RK1 b - - 2 28	twic1660-03778	1	55	14	middle	4850	middle	19	11	both	30	2
mqr-1fd1890b962573b5	r2r2k1/5pbp/p1p1bnp1/4p3/N3P3/1P2BB2/P1P3PP/3R1RK1 b - - 4 18	twic1660-05309	1	35	14	middle	5500	middle	24	12	none	38	3
mqr-c3e8bf8c54721c5d	3R4/pp3k2/2p2n2/4Q3/q7/8/PPP3PP/2K2b2 b - - 0 28	twic1660-00092	1	55	12	middle	4000	middle	15	8	both	35	3
mqr-959bf6d8c1c9bd92	r1q2rk1/p3ppbp/np4p1/2Pp4/Q2P4/B1P2N2/P4PPP/R4RK1 w - - 2 14	twic1660-05858	2	26	20	high	6950	high	26	14	both	35	2
mqr-58e16ccefac1f596	5rk1/4qppp/1p2p3/pPb1P3/3rP3/1P4P1/4QPBP/2R2R1K w - - 6 22	twic1660-04107	2	42	18	high	6150	high	23	13	both	32	1
mqr-f758bc9527940865	8/p4pk1/3p2pp/2p1N3/2Ppn2P/8/P4PP1/1b3BK1 w - - 0 28	twic1660-01629	1	54	4	low	2600	low	18	12	none	18	2
mqr-1138d502ca1d787c	rnbqk1nr/pp3p2/3p2pp/2pPp3/2P1P2P/2P5/P4PP1/R1BQKBNR w KQkq - 0 8	twic1660-05221	1	14	22	high	7850	high	30	16	both	34	1
mqr-8e090910ee7f846f	8/4k3/5p2/1b6/1P2BK2/8/8/8 b - - 4 54	twic1660-05786	2	107	2	low	900	low	6	2	none	17	0
mqr-911df2b7e811f1fd	3q2k1/p4p1p/1n2p1p1/2Q1P3/5P2/5BP1/P1Rr2KP/8 w - - 8 35	twic1660-00793	2	68	14	middle	4750	middle	18	10	both	7	1
mqr-c61e63ae9df3412c	6k1/5p2/4p1p1/1q5p/3Q3P/3n2P1/1PN2PK1/8 w - - 2 36	twic1660-00860	2	70	10	middle	3450	middle	14	8	both	36	1
mqr-03b4ee385e276b26	8/p5pk/1nQ4p/1P1p4/8/3qP1P1/5P2/1R4K1 w - - 1 42	twic1660-02074	1	82	11	middle	3650	middle	14	8	both	33	3
mqr-8dd1531648597fe2	1rb3k1/7p/p1p2qp1/3pR3/1P6/2P2NP1/P4KP1/R2Q4 b - - 2 21	twic1660-04407	2	41	16	middle	5300	middle	19	10	both	35	3
mqr-791c8b3c3d0b5099	8/3b4/3p3k/p1pPpPn1/PpP2pP1/1P3P2/2BN1K2/8 b - - 3 50	twic1660-04556	1	99	4	low	2700	middle	19	13	none	16	3
mqr-f2212d6c509d9a9a	r1b1kb1r/1p2pppp/1pn2n2/3p4/2pP1B2/2P2N2/PP1NPPPP/R3KB1R w KQkq - 2 8	twic1660-00057	1	14	16	middle	6600	high	30	16	none	32	1
mqr-14d27390bddc145e	r1b1k2r/p1q1bpp1/1pp1p3/2p1Pn1p/4N3/3P1N2/PPP2PPP/R1BQR1K1 w kq - 0 11	twic1660-00589	2	20	22	high	7850	high	30	16	both	35	1
mqr-838befcf366f2fab	1n3rk1/pq3ppp/1p2pn2/8/P1NP4/BP4P1/2Q2P1P/4R1K1 b - - 1 19	twic1660-02467	1	37	16	middle	5650	high	22	12	both	33	0
mqr-26759bd5c0681ad2	8/p4p1p/1p3pk1/r7/2K1PP2/P5PP/R7/8 w - - 1 37	twic1660-02134	1	72	4	low	2100	low	14	10	none	18	0
mqr-fde9ed4f3b7fecbc	8/5p2/5k2/1N2br2/2P5/7R/K7/8 w - - 4 47	twic1660-07739	2	92	6	low	2000	low	8	2	none	24	0
mqr-c134ff2fe5096a9c	4r3/p4p2/4bkpp/1pN5/4PP2/1P4P1/P2R2KP/8 w - - 2 24	twic1660-04255	2	46	6	low	2900	middle	17	11	none	30	1
mqr-c578041f0fcd9d6a	r2qrnk1/4bpp1/1p2b2p/pP1p4/N1pPP3/5N1P/P4PP1/1BRQR1K1 w - - 3 19	twic1660-03170	1	36	22	high	7650	high	28	14	both	31	3
mqr-63f5aa9c6d19e5a3	r1r5/1p2kppp/1p1bpn2/1B1p4/3P4/P3PP2/1PRB1KPP/7R w - - 3 21	twic1660-01699	2	40	12	middle	5000	middle	24	14	none	41	1
mqr-72f16a0ef560811b	r1bqk2r/p3ppbp/1pn3p1/2p1Pn2/5P2/2PPBN2/P3B1PP/RN2QRK1 w kq - 1 13	twic1660-08891	1	24	24	high	8350	high	30	14	both	30	1
mqr-a561784a3e2970f6	r1bq1rk1/2p1bppp/p1np1n2/4p3/P3P3/1BPP1N2/3N1PPP/R1BQ1RK1 b - - 0 11	twic1660-03519	2	21	24	high	8350	high	30	14	both	29	1
mqr-88e3b13976e7c1c2	k7/8/p2K2p1/3n2N1/3B1P1p/8/P7/8 b - - 5 56	twic1660-08481	2	111	3	low	1550	low	10	5	none	12	1
mqr-74f5f294c32eca94	1k1r4/1pq5/2p1R1p1/5p2/1PpQ3P/2P5/P1P3P1/7K w - - 1 32	twic1660-05324	2	62	12	middle	4150	middle	17	11	both	39	4
mqr-ecef1caec47d8ef6	2r1kb1r/pp3pp1/q3p3/2nnPNBp/2N4P/5Q2/PP3PP1/2R2RK1 b k - 4 17	twic1660-00290	2	33	22	high	7450	high	26	12	both	38	3
mqr-0319e4439eb0785e	r5k1/2p2pb1/6pp/p7/3p4/1P1N1P2/P4P1P/3R2K1 w - - 0 31	twic1660-03133	1	60	6	low	2900	middle	17	11	none	22	0
mqr-a6a1ae2d208e51e8	2k5/5bp1/pp1n1n2/4p3/1P1p4/3P4/1PNBPKBP/8 b - - 1 32	twic1660-03792	2	63	6	low	3100	middle	18	10	none	32	0
mqr-b69477b569a36a72	8/3N2p1/2p4k/5p1q/5rbQ/1P6/P5B1/2R3K1 w - - 8 38	twic1660-03800	1	74	15	middle	4600	middle	14	5	both	40	4
mqr-1acc6cf61319715f	1b1q2k1/pp3ppp/4p1n1/PPB2n2/2P1N3/5NP1/3Q1P1P/6K1 b - - 1 28	twic1660-08712	1	55	14	middle	5250	middle	22	12	both	41	4
mqr-98c7f34976a35217	r2r2k1/p1p1nppp/8/8/2b1PB2/P3RPQ1/2q1N1PP/4R1K1 b - - 1 20	twic1660-00072	1	39	20	high	6550	high	22	10	both	50	3
mqr-b09dcc9867c151bf	5rk1/1q3pbp/1p2p1p1/4N3/Q7/4B3/P4PPP/2R3K1 b - - 0 25	twic1660-01218	1	49	15	middle	5000	middle	18	9	both	29	2
mqr-3783b3a6cb237039	3r2k1/1Q3pp1/7p/8/1pn5/5P2/5K2/8 w - - 0 50	twic1660-08482	1	98	7	low	2375	low	10	5	one	22	2
mqr-fce8dc97cf2b4f4c	r2rRnk1/1p3ppp/p1pq4/8/3Q4/2N2B1P/PP3PP1/4R1K1 w - - 2 23	twic1660-08420	1	44	19	high	6300	high	22	11	both	61	5
mqr-76b1e8f7fe196da9	rn1qk2r/pbp1npb1/1p1pp1pp/8/2PP1B1P/P1N2N2/1PQ1PPP1/2KR1B1R b kq - 3 9	twic1660-00756	1	17	24	high	8550	high	32	16	both	37	2
mqr-794f7e7c3f4f6209	1r4k1/1p5p/p2R4/3n4/5p2/1b3N1P/3B1PP1/6K1 w - - 0 32	twic1660-04554	2	62	8	low	3200	middle	15	7	none	29	3
mqr-9c029542075920b9	2r4r/5kb1/6p1/5p2/3q3p/5P2/PP1Q2PP/R2R2K1 w - - 0 23	twic1660-00362	1	44	17	high	5300	middle	17	8	both	5	1
mqr-0c752229f2db5d09	rnbq1rk1/ppp1bppp/4pn2/3p4/2PP4/5NP1/PPQBPPBP/RN2K2R b KQ - 7 7	twic1660-04733	2	13	24	high	8550	high	32	16	both	30	1
mqr-79e93ef7f507f229	rnbqkb1r/pp3ppp/3pp3/3nP3/2BP4/5N2/PP3PPP/RNBQK2R b KQkq - 1 7	twic1660-00088	2	13	24	high	8350	high	30	14	both	35	1
mqr-8511aa57ae8d0be7	2r2rk1/5ppp/p3b3/qpnp4/3N4/2N5/1Q2BPPP/1R3RK1 w - - 0 19	twic1660-06685	2	36	21	high	6800	high	22	9	both	43	6
mqr-4830ba2f03cf3aaa	8/8/8/1p1k1R2/8/2K1P3/5P2/7r b - - 7 53	twic1660-08728	1	105	4	low	1400	low	7	3	none	4	0
mqr-96299c05cc0ab82f	1r4r1/3R1p2/p1Q1pk2/1p6/5bq1/2P4P/PP3PP1/3R2K1 b - - 0 35	twic1660-06110	1	69	17	high	5500	middle	19	10	both	44	3
mqr-04ebbe7484a0596f	1r4k1/2qn1pp1/4n2p/PP1Rp3/8/1Q2B1PP/5P2/4R1K1 b - - 0 37	twic1660-05197	1	73	17	high	5550	middle	19	9	both	40	2
mqr-002410b896d685be	r4rk1/pp3pbp/5qpB/2p2pN1/2Pn3Q/8/PPP3PP/4RRK1 b - - 4 18	twic1660-04726	1	35	20	high	6850	high	25	13	both	32	3
mqr-e699b7d67cfd39d1	2n2r1k/2q1p1bp/4Q1p1/2p5/4R3/2PR3P/5PP1/6K1 w - - 13 32	twic1660-03472	2	62	16	middle	5100	middle	17	8	both	47	3
mqr-d73d24cb8f826882	1k2r3/1p6/p2p2p1/2pPbnP1/2q1B2p/1PP2R1P/2Q3K1/2B5 b - - 0 36	twic1660-00177	1	71	16	middle	5550	middle	21	11	both	39	5
mqr-cd1e6f5ee8375eb5	rnbq1rk1/pp2bpp1/2p2n1p/3p4/3P3B/2NBP3/PPQ2PPP/R3K1NR b KQ - 3 9	twic1660-08183	1	17	24	high	8350	high	30	14	both	33	0
mqr-41e4ad5e28083aab	r1b1kb1r/2q2ppp/p1p1pn2/1p6/4P3/P1N1B3/1PP1BPPP/R2Q1RK1 b kq - 1 10	twic1660-08850	1	19	22	high	7650	high	28	14	both	38	3
mqr-b106ba3d8ee8d395	r1bq1rk1/pppnn1b1/3ppp1p/6p1/3PP3/2PBBN2/PP3PPP/R2QRNK1 w - - 0 11	twic1660-05665	1	20	24	high	8550	high	32	16	both	38	2
mqr-c7c4e3207028c00f	r5k1/pp4pp/3b4/8/4P1P1/2N3P1/PP3r2/R1B1N1K1 b - - 0 23	twic1660-05160	1	45	10	middle	3950	middle	18	9	none	39	2
mqr-b0e4cda4086f70a2	k5r1/p1b3pp/4pn2/8/2N5/1P2P3/1P1P1PPP/2B2RK1 w - - 4 24	twic1660-02377	1	46	8	low	3600	middle	19	11	none	18	0
mqr-e8a8284b39cc5f0b	1q6/4bk2/2P1ppp1/5n1p/1PN2P2/1KBQ2P1/7P/8 w - - 7 64	twic1660-03135	2	126	12	middle	4250	middle	17	9	both	40	2
mqr-70de7c065aed7327	r1b2r1k/1q5n/5p2/pN2p1p1/8/1P2P2P/PB4Q1/2R3RK b - - 2 27	twic1660-09094	2	53	20	high	6350	high	20	8	both	33	3
mqr-a2b8525bbe8d7998	r1b2rk1/1pp2q1p/7P/p1pPp1b1/2P1Q1p1/1P2N1P1/P3PPB1/R3KR2 b Q - 2 23	twic1660-06584	2	45	20	high	7050	high	27	15	both	33	4
mqr-3e40874d9af0d866	4k2r/2q2ppp/pr6/6P1/2P1p2P/Q4B2/P1P5/K3R3 w - - 2 29	twic1660-07170	2	56	15	middle	4950	middle	18	10	both	34	3
mqr-4ec018b544967195	1r3q1k/2p4p/p2p1r1P/1p1PpnQ1/5p2/P1N2P2/1PP3P1/2KR3R w - - 0 24	twic1660-07548	2	46	18	high	6250	high	24	14	both	36	4
mqr-3a9a03a3e338cddd	3r2k1/5pp1/q3p2p/7P/pR1PQ1P1/P7/KP3P2/8 w - - 6 29	twic1660-02303	2	56	12	middle	4150	middle	17	11	both	33	2
mqr-d78895bd9bbd7104	r1bq1rk1/pp2ppbp/2n3p1/2p5/3PP3/2P1BN1P/P3BPP1/R2QK2R b KQ - 4 10	twic1660-00421	2	19	22	high	7650	high	28	14	both	39	5
mqr-c7916b3b600f09cc	2r1bnk1/r1q1Bp1p/p1p1p1pP/PpPp2Q1/1P1P2N1/2NBP3/5PP1/R3K2R b KQ - 0 23	twic1660-02650	2	45	22	high	7850	high	30	16	both	23	2
mqr-e6085cd9412413c4	r1bq1rk1/ppp1ppbp/6p1/3PN3/2Q1P3/2N1P3/PP4PP/R3KB1R b KQ - 0 11	twic1660-04777	2	21	21	high	7300	high	27	14	both	28	2
mqr-fd243ff10516c6fa	2r4k/3n1ppp/pp5r/3PpP2/2P1N3/3R2P1/4R2P/6K1 w - - 3 36	twic1660-00344	2	70	10	middle	4000	middle	19	11	none	33	0
mqr-267e018c83e11864	rn1q1rk1/4bppp/2p1p3/p2p2P1/1p1PP2P/P3QN2/1PP2P2/1NKRR3 b - - 1 16	twic1660-04202	1	31	20	high	7150	high	28	16	both	27	3
mqr-e4cb78d1e49d46b4	3r2rk/5p1p/pq3PpQ/1p2p3/2p1n3/P4R1P/1PP1B1P1/5R1K w - - 3 27	twic1660-04301	2	52	18	high	6150	high	23	13	both	37	3
mqr-4f314c56f110c038	r3k1nr/ppp1qpb1/2np3p/4p1p1/5P2/N1PPPNPb/PP2B2P/R1BQK2R w KQkq - 3 9	twic1660-09051	1	16	24	high	8550	high	32	16	both	30	4
mqr-e3e181849db029e7	r1bq1rk1/ppp3bp/2n1p1p1/4N3/2Q1P3/2N1B2P/PP3PP1/R3KB1R b KQ - 0 12	twic1660-01208	1	23	23	high	7800	high	27	12	both	39	3
mqr-7503539ffd13458e	3rr1k1/ppq3pp/4pb2/4Np2/b7/1PBB4/P3QPPP/3RR1K1 b - - 0 20	twic1660-00431	2	39	21	high	7000	high	24	11	both	42	5
mqr-bcf0302bd966d1da	7r/R6p/3bkp2/Qb2p3/2qpPB2/8/2r3PP/5RK1 w - - 1 33	twic1660-00928	1	64	19	high	5900	high	18	7	both	41	3
mqr-0c7b34769c1320b3	3r2k1/1r4p1/2n4n/p1B2p2/P1N1pP2/2Pp2PP/1P1R4/3R2K1 w - - 1 35	twic1660-08248	2	68	12	middle	4700	middle	21	11	none	36	2
mqr-71d7861176fade8f	r3k2r/1pq1nppp/p3p3/3pP3/3nbP2/2P1B3/PP2B1PP/R2Q1RK1 w kq - 0 15	twic1660-00744	1	28	21	high	7300	high	27	14	both	38	4
mqr-dec62a22d20ea2ec	r2qkb1r/pppn1n2/4p1p1/3pPp1p/3P1PbP/4B3/PPPQNNP1/2KR1B1R b kq - 1 13	twic1660-05979	2	25	24	high	8550	high	32	16	both	38	4
mqr-c78e6b6c24769c01	5rk1/p1n3p1/3q3p/1PpP4/8/P1PQ4/6PP/R1B3K1 b - - 0 23	twic1660-01086	2	45	14	middle	4750	middle	18	10	both	40	4
mqr-84f310dfc6539dfa	2r5/2r2pk1/6pp/1R2p3/p1n4P/2P2BP1/P3PPK1/3R4 w - - 2 31	twic1660-00277	1	60	10	middle	4000	middle	19	11	none	42	1
mqr-1636948c68fc0402	r2qk2r/3nbp1p/p2p1np1/P2Pp1B1/1p6/3B1P2/1PPQN1PP/R3K2R b KQkq - 0 14	twic1660-03432	1	27	22	high	7650	high	28	14	both	26	2
mqr-3c862f7c5bd5d498	2b5/1p3kp1/p1p1p3/P1PpP1KP/1P2pP2/4P3/4N3/8 w - - 7 68	twic1660-02881	1	134	2	low	2100	low	18	14	none	10	0
mqr-a44cf6e5b95a94fc	6k1/5pp1/pQ2b2p/1p1pP2P/6P1/PPP2P2/3KB3/7q b - - 2 47	twic1660-08802	1	93	10	middle	3950	middle	19	13	both	27	3
mqr-6abe9ec0b54d21fb	1r1q1rk1/3nppbp/6p1/3Pp3/1pP1P3/4RBP1/P4P1P/R1NQ2K1 b - - 2 19	twic1660-08253	1	37	20	high	6850	high	25	13	both	25	0
mqr-2d5086aa38754e35	r1b1k2r/p1p1b1p1/2pq4/3p4/3Pp3/BP4p1/P3P1BP/RNQ2RK1 b kq - 3 15	twic1660-03720	1	29	21	high	7100	high	25	12	both	41	3
mqr-2705a8cbaab9ae7d	rnb1r1k1/1p3pp1/2pp1q2/p4N1n/4P2p/2NB1P1P/PPPQ2P1/1K1R3R b - - 3 15	twic1660-08167	1	29	22	high	7650	high	28	14	both	35	4
mqr-39724aa76e02f510	r7/p1p4k/R2b3p/1r4pP/1P2p3/2B1PP2/4K1P1/1R6 b - - 0 26	twic1660-07584	1	51	10	middle	3900	middle	18	10	none	29	3
mqr-3b1bad54b4c09312	r4rk1/pb3ppp/2n1pn2/qp6/3P1B2/3BP3/P2N1PPP/R2Q1RK1 b - - 3 14	twic1660-02799	2	27	22	high	7450	high	26	12	both	40	3
mqr-1ff467896a647c68	r1bqr1k1/ppp2pbp/3p1np1/4p3/2PN4/1PNP2P1/PB2PPBP/R2Q1RK1 b - - 0 10	twic1660-06265	1	19	23	high	8200	high	31	16	both	33	1
mqr-0b587f445fffb9ef	2b5/2p2k1p/3r1b2/p1NPRp2/2P5/1P5P/5PP1/5K2 w - - 6 34	twic1660-04923	2	66	7	low	3150	middle	17	10	none	24	1
mqr-03d91abd7b51b1bd	r4rk1/4qp1p/2pnp1p1/p2pQ3/1p3P2/PP1P2P1/2P1RPBP/R5K1 w - - 0 19	twic1660-05091	1	36	18	high	6450	high	26	16	both	42	5
mqr-0c4a5fed53b3e51c	r1bq1rk1/pp2ppBp/6p1/3p4/1n2n3/1P2PN2/P1PNBPPP/R2Q1RK1 b - - 0 12	twic1660-05048	1	23	23	high	8000	high	29	14	both	39	5
mqr-804b8b4920fcafbb	r2qk2r/pb1nbppp/1p2pn2/2pp2B1/3P4/2PBPN2/PP1N1PPP/R2Q1RK1 w kq - 4 9	twic1660-06938	1	16	24	high	8550	high	32	16	both	43	3
mqr-f7c858f8c660e148	r4rk1/1p3pp1/pqb4p/2b5/2BNp3/4P3/PPP2KPP/R1Q4R b - - 0 19	twic1660-04834	1	37	20	high	6750	high	24	12	both	33	2
mqr-c14ccde6e2ee82a6	r1b1k2r/pp2bppp/1q2pnn1/3pN1B1/3P1P2/2PB4/PP1N2PP/1R1QK2R b Kkq - 4 11	twic1660-05672	1	21	24	high	8350	high	30	14	both	38	4
mqr-ca2f181cd596e25f	rnb2rk1/1pp4p/3ppbqP/p5p1/2PPp3/6P1/PPNQPPB1/R1B1K2R w KQ - 2 16	twic1660-06584	1	30	22	high	7850	high	30	16	both	35	3
mqr-7590b3c12c59316a	5rk1/2p1bppp/p1p1pn2/P5B1/1qpP4/2N3P1/1PQ1PP1P/3R2K1 w - - 0 17	twic1660-03033	2	32	16	middle	5950	high	25	15	both	42	2
mqr-ceef51ba3b44d5ca	2r2rk1/1bp2pp1/1p2p2p/pPbnP1q1/2N1B3/P3P3/1BQ2PPP/R2R2K1 b - - 6 19	twic1660-08250	2	37	22	high	7650	high	28	14	both	41	6
mqr-271c33ec37e0ba50	rnbq1rk1/1pp1bppp/4pn2/3p4/p3P3/P2P1NP1/1PPN1PBP/R1BQ1RK1 b - - 0 8	twic1660-04422	2	15	24	high	8550	high	32	16	both	32	3
mqr-55d8744ca348552f	r2q1rk1/pb1nbppp/1pp1pn2/3pN3/2PPP3/2N3P1/PP3PBP/R1BQR1K1 b - - 0 10	twic1660-03934	2	19	24	high	8550	high	32	16	both	31	4
mqr-91f6312bd5c0e092	3rr1k1/ppq2ppp/2pbpn2/8/P2P1B2/2P3PP/1PQ2PB1/R4RK1 w - - 5 17	twic1660-03235	2	32	20	high	6950	high	26	14	both	43	3
mqr-883fd9dcbc4c3061	r6k/1p2qnpp/3p4/2n5/2P1P3/P3QPP1/1P2B3/1K1R2R1 w - - 3 30	twic1660-04066	2	58	17	high	5650	high	20	10	both	35	2
mqr-5ce8ef7ac9bca696	2rq1rk1/pp1bppbp/3pn1p1/3N4/2P1P3/1P2Q1P1/P3NPBP/2R2RK1 b - - 0 17	twic1660-07076	1	33	22	high	7650	high	28	14	both	38	1
mqr-cb73b95748af2de4	8/5pp1/4p3/3k3p/1p3P1P/1N1KP1P1/8/8 w - - 2 41	twic1660-08032	2	80	1	low	1250	low	12	9	none	12	0
mqr-ca10af99e1dfe60f	8/pk4pp/1p6/6b1/2P1bp2/1PR1p3/P6N/2Kr4 w - - 0 42	twic1660-05890	2	82	7	low	3050	middle	16	9	none	2	1
mqr-41c5c9ab18ad5467	b7/2R2Bnk/p5p1/1p6/4P2p/5P2/PPP3PP/1K6 w - - 4 32	twic1660-07365	2	62	5	low	2700	middle	17	11	none	29	1
mqr-84928b1d8a9b8831	5r2/rp1R1p2/6p1/p3R1Pk/5P2/8/PPPK1n2/8 b - - 2 30	twic1660-05600	2	59	9	middle	3450	middle	16	9	none	22	0
mqr-d1bcab3d41256bbb	2q1rnk1/1p3ppp/1Pp2b2/2np4/3P4/2N1BN1P/2Q2PP1/r3R1K1 w - - 0 26	twic1660-07413	1	50	20	high	6800	high	24	11	both	44	4
mqr-48212a2260e195d7	2b2r2/2q2pbk/6pp/1ppBp3/4P3/2P3P1/1PQN1PP1/3R2K1 w - - 0 26	twic1660-05352	2	50	16	middle	5650	high	22	12	both	32	1
mqr-b75ada110968a847	4r1k1/pp2n1pp/2pq2n1/3p4/3Pp1B1/2P1B1PP/PP4PK/R4Q2 w - - 0 22	twic1660-06077	1	42	16	middle	5850	high	24	14	both	45	0
mqr-072921d99f2d7865	2R5/R4p1p/6pk/1p2pr2/8/7P/P4PP1/6K1 w - - 0 31	twic1660-07192	1	60	6	low	2550	low	14	9	none	34	1
mqr-ad94e7801d28faac	rnb1k2r/pp1pppb1/8/2N3B1/3P4/5NK1/Pn4PP/2R2B1R w kq - 2 16	twic1660-07068	2	30	16	middle	5900	high	23	9	none	41	3
mqr-f81587ff93c86af5	r1bqk2r/1ppn1pp1/p2bp3/3p4/3P4/2NNP3/PPPQ1P1P/R3KB1R w KQkq - 3 11	twic1660-03173	1	20	22	high	7650	high	28	14	both	34	1
mqr-0201c023bd88080a	4Rrk1/p4pb1/1p1q3r/2pB4/P7/2P2QPP/1P3P2/6K1 b - - 4 29	twic1660-05499	1	57	16	middle	5300	middle	19	10	both	33	5
mqr-afae2d44db042bdf	4q2r/p1pb1pbk/3p1npp/8/3NP2P/2NQ1P2/PP1B4/2K3R1 b - - 0 26	twic1660-06688	1	51	18	high	6250	high	23	11	both	34	2
mqr-a55e11c3a2e7e0cb	2r1r1k1/3bqpb1/p4np1/1p2p2p/3pP2P/1PN2P2/P1QNBBP1/R3K2R w KQ - 0 21	twic1660-06866	1	40	23	high	7900	high	28	13	both	39	3
mqr-fcc84ff6658211d4	8/5R2/B7/5n2/5k2/4p3/3r4/1K6 b - - 35 65	twic1660-07506	1	129	6	low	1900	low	7	1	none	21	0
mqr-62355df03b1e89ff	8/1p6/4k3/PnB3p1/6Kp/1P5P/8/8 b - - 1 53	twic1660-08771	2	105	2	low	1300	low	10	6	none	12	0
mqr-7a4083da43482836	5rk1/2q5/p1r3P1/1p2R3/P2p2p1/1b1P2Q1/6PK/8 b - - 2 48	twic1660-04394	2	95	15	middle	4750	middle	16	8	both	49	4
mqr-9a84d6d1309376be	8/r5k1/6p1/4p1B1/3b4/7P/6PK/2R5 w - - 7 39	twic1660-02306	2	76	6	low	2200	low	10	4	none	27	0
mqr-c0ea20117b73c4d3	6nk/8/p7/2p3P1/1pP2b2/1P2Q3/6R1/6K1 b - - 0 62	twic1660-02490	1	123	8	low	2825	middle	12	6	one	14	2
mqr-628ec98a55395ba8	8/2r2pqk/p5pp/1p6/2n5/5PP1/PP4P1/1KQ4R w - - 0 31	twic1660-06590	2	60	13	middle	4400	middle	17	10	both	29	3
mqr-1c7f2bec4e07dc76	1r5r/4p1k1/5nbp/p1p5/2P4P/qB4Q1/P1P2PP1/1K1R3R w - - 0 24	twic1660-06158	2	46	19	high	6200	high	21	10	both	34	2
mqr-c3946e5484dffc24	r2qk2r/1p2bppp/2n1bn2/p1Pp2B1/8/P1N1PN2/1P3PPP/R2QKB1R w KQkq - 0 10	twic1660-02406	2	18	24	high	8250	high	29	13	both	45	3
mqr-ad3f2c9692ced875	rnb1kb1r/1p1n1pp1/p3p2p/4P3/3N3B/q1N5/P1PQ2PP/1R2KB1R w Kkq - 1 13	twic1660-01779	2	24	24	high	8050	high	27	11	both	49	4
mqr-05be077302934457	r1q1r1k1/p1p2pnp/1p1p2p1/2nQ2P1/2P1P2P/1P6/P3NPB1/2KR3R w - - 3 18	twic1660-02054	2	34	20	high	6950	high	26	14	both	42	4
mqr-27d40545b2fe57e0	r1bqk2r/p1pp1ppp/1np5/4P3/1bP5/3B4/PP1B1PPP/RN1QK2R b KQkq - 4 9	twic1660-07266	1	17	22	high	7650	high	28	14	both	34	2
mqr-75dd2420be01c702	8/4r1k1/8/6pp/4r3/6PK/2R4P/5R2 b - - 2 48	twic1660-00627	1	95	8	low	2600	low	10	4	none	27	0
mqr-1e631cc5a28879d8	7r/p4p2/7q/3PpP2/3nP1p1/2k2P2/P4K2/1QR5 b - - 7 45	twic1660-02479	2	89	13	middle	4300	middle	16	9	both	3	1
mqr-90eeda66894d2af9	8/6p1/1R3k1p/8/6P1/3nP1KP/r4P2/8 b - - 8 46	twic1660-02175	2	91	5	low	2050	low	11	6	none	4	0
mqr-50390c2d37695c45	r1bqk2r/pppp1ppp/8/4P3/1b2n1Q1/2N5/PPP2PPP/R1B1KB1R b KQkq - 1 7	twic1660-03011	2	13	22	high	7650	high	28	14	both	39	3
mqr-e1660fa608418841	8/8/2Rb2k1/8/6P1/8/6Kp/8 b - - 9 55	twic1660-07870	2	109	3	low	1100	low	6	2	none	10	0
mqr-d530f4a264bc2121	4r3/p2q1pk1/2b3pp/1pppR3/5QPN/2P3P1/PP3PB1/6K1 b - - 4 29	twic1660-06612	1	57	15	middle	5400	middle	22	13	both	34	2
mqr-c3cf089a706049da	3rr1k1/1p1n3p/p1p1p3/3p3p/3PP3/2N4P/PP3PP1/R4RK1 w - - 1 19	twic1660-05009	2	36	10	middle	4300	middle	22	14	none	27	2
mqr-2a60e7091c0c3aa0	4rk2/3b1p1p/1Q6/p2p3B/P2p4/1P4PK/2Pq4/2R4R w - - 5 40	twic1660-08567	2	78	16	middle	5200	middle	18	9	both	4	0
mqr-d0edd1edf99ba5c4	8/5rkp/6n1/6Q1/4P3/3p3P/2q3P1/3R3K w - - 1 42	twic1660-00200	2	82	13	middle	3900	middle	12	5	both	33	2
mqr-f37aa72ae41cc6ad	r1b1k2r/p2p3p/2p1p3/2P1n3/1b1Kp3/8/PP4PP/R1B2B1R b kq - 1 18	twic1660-07357	2	35	13	middle	5050	middle	22	11	none	29	1
mqr-8fb621a94afafb02	R2r1b2/5kpp/2n1pp2/1p6/5P2/1PBNP3/4KP1P/3R4 b - - 0 30	twic1660-08552	1	59	10	middle	4050	middle	19	10	none	32	2
mqr-6134df7692d32f05	7k/4K2p/7P/4N1P1/8/8/b7/8 b - - 30 104	twic1660-01083	1	207	2	low	1000	low	7	3	none	8	0
mqr-7d3627f2e993aadb	r3k2r/1p3pp1/pqb1p3/2p1P1Np/3p1P2/1P1P2nP/1PPBQ1P1/R4RK1 w kq - 1 20	twic1660-05790	1	38	20	high	7150	high	28	16	both	41	4
mqr-a2d7f20c6666957f	r1bq1rk1/ppp2ppp/2np1n2/2bNp3/4P3/3B1N1P/PPPP1PP1/R1BQ1RK1 w - - 2 8	twic1660-08285	1	14	24	high	8550	high	32	16	both	33	3
mqr-935019e28fcce72f	r4rk1/p3Qpbp/4p3/1pp1PpN1/5P2/1P2q3/P1P3PP/3R1R1K w - - 4 24	twic1660-05297	2	46	18	high	6250	high	24	14	both	42	8
mqr-10637235ff08057d	7R/p1k2p2/2p1p3/1p1r1pP1/1qNP1P2/1P2QP2/P7/K7 w - - 0 32	twic1660-07265	1	62	13	middle	4600	middle	19	12	both	37	1
mqr-22eef47257a11a0d	3q1rk1/1bpp1ppp/8/8/B4b2/P4N2/1P3PPP/3Q1RK1 w - - 0 20	twic1660-03050	1	38	16	middle	5450	middle	20	10	both	32	2
mqr-3aa10ec974778101	r1b2n1r/2b1kppp/1pp2n2/p3p1N1/P1B1P1P1/2N1B2P/1PPR1P2/2KR4 b - - 3 15	twic1660-08860	2	29	16	middle	6400	high	28	14	none	29	3
mqr-e0fc87283a0d440f	r2qrbk1/2p2pp1/p1np1n1p/1p2p3/3PP3/1PP2NN1/1P3PPP/R1BQR1K1 b - - 0 14	twic1660-03725	1	27	22	high	7850	high	30	16	both	31	3
mqr-c655f1917529d34a	2k4r/ppp2ppp/4pnq1/Q7/1PP5/P2rB2P/5PP1/R3R1K1 b - - 5 22	twic1660-06223	1	43	18	high	6150	high	23	13	both	41	3
mqr-91b197a416c3b2c0	r3qrk1/5pb1/p1b1p1p1/P1N1P1Bp/1p1P2nP/7R/BPPQ2P1/1K2R3 b - - 2 25	twic1660-04809	1	49	22	high	7550	high	27	13	both	32	3
mqr-10871128bcfb1f0d	r1b2b1r/ppN3pp/3pP3/1N2nQ1k/6nq/3B4/PPPB1PPP/R3K2R b KQ - 6 17	twic1660-06447	1	33	24	high	8150	high	28	12	both	2	0
mqr-15bcf37632c9a25a	8/8/1p2b3/p4kp1/P2KN3/1P6/7P/8 w - - 2 52	twic1660-03562	1	102	2	low	1300	low	10	6	none	14	1
mqr-d261dad5473d41c3	rn1qk2r/1bpp1ppp/1p2pn2/p7/2PP4/5NP1/PP1bPPBP/R1BQ1RK1 w kq - 0 8	twic1660-07508	2	14	23	high	8200	high	31	16	both	27	3
mqr-049c96bd19ccc1c1	rnbq1rk1/pp2ppbp/5np1/3P4/3N4/6P1/PP2PPBP/RNBQ1RK1 b - - 0 8	twic1660-02499	1	15	24	high	8250	high	29	13	both	34	2
mqr-358af45cd270ae70	6rr/5n1p/1n1k1p2/p1p1pPp1/PpPpP1P1/1P1P1BKP/4N2R/7R w - - 11 36	twic1660-03681	1	70	12	middle	5200	middle	26	16	none	18	1
mqr-c45ddf3d37c5b447	8/5Q2/8/6bk/3N4/6p1/6K1/3q4 b - - 9 61	twic1660-01524	2	121	10	middle	2750	middle	7	1	both	3	0
mqr-7cf98bcaf7a85f34	2k5/4Q3/1K6/8/8/8/8/8 w - - 32 75	twic1660-05783	1	148	4	low	975	low	3	0	one	29	0
mqr-6332f1dcea805bd2	8/8/3KN3/2P5/2k5/8/6b1/8 w - - 8 60	twic1660-00904	2	118	2	low	800	low	5	1	none	12	0
mqr-ff43cf5549352ac4	r2q2k1/1p1b1pr1/p2p1Rp1/2pP3p/P1P1PB1P/1P6/2Q1B1P1/6K1 w - - 3 26	twic1660-08280	2	50	17	high	6050	high	24	14	both	37	5
mqr-ffebb5fea9e5ce61	5r1k/pp3rp1/7p/8/8/P5Pq/1P2RPQP/5RK1 b - - 4 26	twic1660-08284	1	51	16	middle	5050	middle	17	9	both	33	4
mqr-17878b9a379fbeea	1rb2rk1/p4p2/2pb1p1p/3p4/8/2NB4/PPP2PPP/1R2R1K1 w - - 0 16	twic1660-03242	1	30	12	middle	4800	middle	22	12	none	40	1
mqr-0395c17025a3e144	2r1r1k1/2q3pp/2pb1p2/1p1pN3/1P1PnP2/4B2P/1Q3PP1/1R1R2K1 w - - 0 25	twic1660-06487	1	48	20	high	6750	high	24	12	both	34	1
mqr-236cbc1f4bac81fa	r1bq1rk1/pppp1pbp/2n3p1/8/2PNn3/3BB3/PP3PPP/RN1QK2R w KQ - 0 9	twic1660-06431	2	16	24	high	8250	high	29	13	both	45	2
mqr-5aa97b20d4a5e6e1	rn1qk2r/1bp2ppp/1p2pn2/pN1p4/2PP1Q2/P4N2/1P2PPPP/R3KB1R b KQkq - 1 9	twic1660-03159	1	17	22	high	7850	high	30	16	both	32	1
mqr-0a570e2f9c5c2a9b	r4rk1/pp2bppp/1q2p3/2n5/b2BP3/1N6/PPQ1BPPP/2R2RK1 b - - 12 15	twic1660-07463	2	29	22	high	7450	high	26	12	both	42	4
mqr-5661479fcded35dc	3qrbk1/pp3p1p/2p1bPp1/6Q1/6P1/2B4P/PPP3B1/1K5R w - - 0 27	twic1660-08695	1	52	16	middle	5650	high	22	12	both	38	2
mqr-486f58075613ca61	6k1/R4ppp/8/3p4/3N2K1/P3P3/r5rP/8 w - - 0 30	twic1660-04553	2	58	7	low	2700	middle	13	7	none	6	0
mqr-ef482a4513c7bf81	2r1r1k1/1q1b2pp/p2bp3/3p1p2/P2NnP2/2P1B1P1/1PQ1B2P/R4RK1 w - - 2 22	twic1660-00257	2	42	22	high	7450	high	26	12	both	45	4
mqr-31e82160914fd948	r1b2rk1/1p2q1p1/p4p1p/2b1p3/2Pp1P2/1P1P2P1/P2NR1BP/R2Q2K1 b - - 0 17	twic1660-03392	1	33	20	high	6950	high	26	14	both	34	1
mqr-e231d08aee68902f	r1b1k2r/2q2ppp/p1p1pn2/8/4pP2/1PQ5/P1P1B1PP/R1B2R1K b kq - 0 14	twic1660-07811	2	27	20	high	6850	high	25	13	both	35	1
mqr-efc50e4f27ef2135	r1b1kb1r/pp2pppp/1qnp1n2/8/3NP3/2N1B3/PPP2PPP/R2QKB1R b KQkq - 3 7	twic1660-06447	2	13	24	high	8350	high	30	14	both	40	4
mqr-d476f67d83470966	r1b1rb2/pp3kp1/1qpppn1p/5p2/2PP1N1P/8/PP1QRPPB/1B3K1R w - - 9 21	twic1660-02095	1	40	22	high	7750	high	29	15	both	39	3
mqr-5be9610ba8361038	2r3k1/1p2qppn/1B2p3/3pP2p/1r5P/2b1RNP1/5P2/1R1Q2K1 w - - 8 30	twic1660-03829	2	58	20	high	6550	high	22	10	both	37	3
mqr-73056b43591479b6	4b2r/6kP/1n1p1p2/1p1PpPp1/pPp1P1N1/P1P2B2/6K1/7R b - - 4 46	twic1660-05727	2	91	8	low	3900	middle	22	14	none	14	2
mqr-9fbc970924b16b33	8/7Q/1p2nkp1/2p5/8/7P/Pr4P1/6K1 b - - 0 34	twic1660-03076	2	67	7	low	2475	low	11	6	one	23	2
mqr-85c0257363f2d335	1r6/3kbp1p/4p3/PPn1P3/2R2P2/2P2K2/1R5P/8 b - - 0 45	twic1660-05956	1	89	8	low	3250	middle	16	9	none	30	1
mqr-e6079c3515c0807f	2r2r1k/pp4p1/3p2QP/3P1p2/5B2/3p4/Pq6/4RK1R b - - 0 29	twic1660-06209	2	57	17	high	5400	middle	18	9	both	42	2
mqr-1c72fcb70bdf2a64	r2r2k1/5p1p/1qp1p1p1/p3P3/2PpnP2/1P1R3P/P5P1/1NRQ1K2 b - - 7 27	twic1660-03275	2	53	18	high	6250	high	24	14	both	38	1
mqr-868fdec454ce7856	5r1k/pp4rp/1bnp4/6NQ/3p4/2P5/P4PPP/RN4K1 w - - 3 25	twic1660-02786	2	48	14	middle	5025	middle	20	10	one	31	3
mqr-cdf7d671facf704d	rnb2r2/pppp1qk1/1b5p/3n1N2/8/3B1N1P/PP3PP1/R1BQ1RK1 b - - 3 17	twic1660-08231	2	33	24	high	7950	high	26	10	both	6	1
mqr-32183755573adb32	2b5/5p2/6kp/3pPpp1/p1rp1P2/P2K2P1/1PN4P/3R4 w - - 5 34	twic1660-02009	1	66	6	low	3100	middle	19	13	none	22	2
mqr-7d03ea3bffd0f04b	8/5p2/4p3/3p2bp/rBrR1k2/P1P2P2/2P1K3/1R6 b - - 3 42	twic1660-04952	1	83	10	middle	3700	middle	16	8	none	4	1
mqr-d409cbd5d918ce4a	2r2rk1/1q1pbppp/p6n/1p2PP2/3Q4/2N5/PP4PP/R1B2R1K b - - 0 17	twic1660-05667	2	33	20	high	6750	high	24	12	both	39	3
mqr-ee9f23f623b42bf3	8/5p2/4p1k1/p5r1/Pp6/1PbK4/5Q2/8 b - - 3 57	twic1660-08411	1	113	7	low	2475	low	11	6	one	26	0
mqr-4d13d807982e4b0c	r4rk1/pp2npp1/2p1p2p/2N1P3/3P1PP1/1R5P/q7/3Q1RK1 w - - 1 24	twic1660-04280	1	46	18	high	6050	high	22	12	both	36	3
mqr-5bb054496997c149	2rr2k1/1bqn1pbp/pp1ppnp1/8/P1PP4/BPN2NP1/4QPBP/2RR2K1 b - - 2 16	twic1660-07579	2	31	24	high	8350	high	30	14	both	34	2
mqr-bdf02937f421746e	2r2rk1/1pq2ppp/p1n1b3/4p3/8/2P1B3/PPQ1BPPP/R3K2R w KQ - 3 18	twic1660-03921	1	34	20	high	6750	high	24	12	both	50	2
mqr-9e35de6e6a596b10	2r1r2k/p5p1/1p2b2p/8/1P2nP2/PN4PP/B2R4/2R3K1 b - - 2 45	twic1660-09091	2	89	12	middle	4500	middle	19	9	none	39	5
mqr-68280c7fec4c4031	8/3N4/p5p1/5p1p/1P1k4/1P3P2/6PK/8 w - - 3 66	twic1660-01909	1	130	1	low	1150	low	11	8	none	14	0
mqr-b9e01b944a62dc19	2r2r2/1p1n1k2/p3p1p1/P2b1p2/1P1B3P/3B1P2/5KP1/2R1R3 b - - 0 29	twic1660-02575	1	57	12	middle	4600	middle	20	10	none	34	2
mqr-6103058eb86f6def	r2q1rk1/pp1bb1pp/2n2p2/3pPp2/3P4/5N2/PPN2PPP/R1BQ1RK1 w - - 0 13	twic1660-06884	1	24	22	high	7650	high	28	14	both	30	1
mqr-deb1ebe95fc5cb30	r2qk2r/1p1nbpp1/2p1pn1p/p2p1b2/2PP4/PP2PN2/1B1NBPPP/R2Q1RK1 b kq - 2 10	twic1660-07129	1	19	24	high	8550	high	32	16	both	45	2
mqr-4deb9546f63fe96a	1rbqkb1r/1ppn1ppp/p3pn2/8/Q1BPP3/2N2N2/PP3PPP/R1B1K2R w KQk - 1 8	twic1660-01893	1	14	24	high	8350	high	30	14	both	50	4
mqr-6c77583efdf6ca89	r1bq1rk1/4bppp/p2p1n2/2p5/Pp2P3/1B1Q4/1PPN1PPP/R1B1R1K1 b - - 3 13	twic1660-05030	1	25	22	high	7650	high	28	14	both	28	1
mqr-e33ab47c227e813e	r1b1kbnr/pp3ppp/2n1p3/8/1qBpN3/8/PPPN1PPP/R1BQK2R w KQkq - 6 9	twic1660-06428	2	16	24	high	8250	high	29	13	both	34	1
mqr-3d0e425fdd524805	r4rk1/1pp1bppp/2n2n2/3Np3/p3P3/P1P2NPq/1P2QP1P/R1B2RK1 b - - 1 15	twic1660-01559	2	29	22	high	7650	high	28	14	both	47	6
mqr-c120def09ac39031	r5k1/2p3p1/p1pp4/3Pp1N1/1P1n4/P6P/R5P1/6K1 w - - 2 27	twic1660-03319	1	52	6	low	2900	middle	17	11	none	21	1
mqr-7f363bceefe7035b	3r2k1/pp3pbp/6p1/1b6/1PR1Q3/q3PK2/3N2PP/2R5 b - - 1 29	twic1660-06095	2	57	17	high	5550	middle	19	9	both	48	5
mqr-13c72166b3e6a176	8/pn1R2pk/5p2/2p1rPP1/2P5/3Q2K1/Pr6/8 b - - 0 35	twic1660-03893	1	69	11	middle	3775	middle	15	8	one	29	3
mqr-76fd61ab1f50e766	6k1/4bpp1/1q2p2p/3pP3/p2P4/2Q5/P1NK1PPP/8 b - - 0 31	twic1660-00041	2	61	10	middle	3850	middle	18	12	both	34	1
mqr-41170463f975b249	r1br2k1/p1q2pbp/1p4p1/4p3/2RpPP2/1P1Q4/1PPBN1PP/5RK1 b - - 3 19	twic1660-02903	2	37	20	high	6950	high	26	14	both	36	2
mqr-83630bcad75d49a0	r5k1/2B1bpp1/b6p/1p1n4/3Pn3/1P1BP2P/5PP1/1NR3K1 w - - 0 26	twic1660-06979	1	50	11	middle	4550	middle	21	10	none	35	2
mqr-290fd9c5fe29159a	r3kb1r/pp1qpp1p/2np1np1/2p5/2P1P3/3P1N2/PP3PPP/RNBQ1RK1 w kq - 0 8	twic1660-04748	1	14	22	high	7850	high	30	16	both	32	0
mqr-c8c39cca63cbfe22	2rr4/4k2p/2p1npp1/1p6/p2NPP2/P3K2P/1PPR4/3R4 b - - 6 31	twic1660-05387	2	61	10	middle	4100	middle	20	12	none	29	3
mqr-04089a3e40aeee7e	7k/p1b3pp/8/6rP/3P3q/2P2B2/PP3R1P/5Q1K b - - 2 38	twic1660-07434	2	75	14	middle	4650	middle	17	9	both	35	6
mqr-19b196d486f05475	8/1R4pk/7p/p1p5/P7/2P4P/1P3PPK/3r4 b - - 2 43	twic1660-07222	2	85	4	low	2100	low	14	10	none	19	0
mqr-93a0d32fac8f1e1a	r2q1rk1/1pp3p1/p2pp1b1/P3p1B1/1P2P3/2PP3P/3Q1P1K/R5R1 b - - 0 22	twic1660-03353	1	43	18	high	6250	high	24	14	both	31	3
mqr-9f86f54107a424fa	r1b2q2/pp4rB/2n1pk2/2p4Q/3p4/3R4/PPP2PPP/R5K1 w - - 0 27	twic1660-06190	2	52	19	high	6300	high	22	11	both	48	2
mqr-b5054ac7525e3d1f	8/1p1r4/pB6/P7/7k/5p2/4bP1K/6R1 w - - 14 60	twic1660-00451	2	118	6	low	2300	low	11	5	none	21	0
mqr-b74ec04dea64242b	r4rk1/ppq1bppp/2npbn2/2p1p1B1/P1B1P3/N1PP1N2/1P3PPP/R2QR1K1 b - - 6 12	twic1660-00964	1	23	24	high	8550	high	32	16	both	42	2
mqr-2dd11cfa2ff54960	3r1k2/1R4p1/3P3p/2p2P2/1p1p4/1P1P2P1/r5BP/6K1 b - - 0 29	twic1660-00029	2	57	7	low	3100	middle	17	11	none	25	2
mqr-229d2d9017d36807	8/8/1p4R1/p7/P6P/1P1K4/6pk/4r3 w - - 5 61	twic1660-01675	2	120	4	low	1700	low	10	6	none	19	2
mqr-ee121d9642787c8b	3r3r/p3kppp/2Qbp3/5qPb/3P4/2P1B2P/PP3PB1/4RRK1 w - - 3 21	twic1660-06411	1	40	20	high	6750	high	24	12	both	39	1
mqr-4432d46fc6144c94	8/q3n1k1/5p1p/4p1p1/p1N1P3/Q1P3P1/5PP1/6K1 b - - 0 40	twic1660-06829	1	79	10	middle	3650	middle	16	10	both	27	1
mqr-b74669dc31fef154	2kr1b1r/ppqbn1p1/4p2p/3pP3/1Pp2P2/2P2N2/P1B3PP/R1BQ1RK1 b - - 1 14	twic1660-08523	2	27	22	high	7650	high	28	14	both	27	1
mqr-efc4508f8ec070df	8/5q2/k7/p3P3/P1pp4/1R6/K7/2R5 w - - 0 50	twic1660-08480	1	98	8	low	2575	low	10	5	one	29	1
mqr-d67cdcd09bfdf09c	1rbr1k2/1p1p1ppp/pNnRp3/4P3/B7/8/PP4P1/3R2K1 b - - 4 25	twic1660-02647	1	49	12	middle	4700	middle	21	11	none	18	1
mqr-c3569cc439385b1a	3b4/5p2/R3pkp1/1P5p/7P/4PKP1/1r2BP2/8 w - - 23 54	twic1660-05313	1	106	6	low	2700	middle	15	9	none	21	1
mqr-d1563b696d2f515f	3q1r2/1Q2ppkp/6p1/2p2b2/8/6P1/P3PPBP/5RK1 w - - 0 19	twic1660-08600	2	36	14	middle	4750	middle	18	10	both	39	1
mqr-27c496e9a349a116	r2r2k1/1ppq1pp1/2np1n1p/4p3/p3P3/2PPbN1P/PPQ2PP1/R3RNK1 w - - 0 15	twic1660-04101	1	28	21	high	7500	high	29	16	both	36	5
mqr-f9d96b6e34ec425d	8/1p3p1p/5p2/p1k5/7P/5P2/1RNr4/4K3 b - - 1 44	twic1660-06822	2	87	5	low	2150	low	12	7	none	22	1
mqr-6f34f37310742790	2k4r/ppp2p2/2n1p3/3pP1rp/3P2pR/2PN4/PP3PP1/R3K3 w Q - 0 19	twic1660-07215	2	36	10	middle	4400	middle	23	15	none	25	2
mqr-15136ac9b01a7db2	8/4Rp1k/p1b2r2/3q4/6pp/P4P2/4N1PP/4Q1K1 b - - 0 40	twic1660-01063	2	79	14	middle	4550	middle	16	8	both	42	3
mqr-e02cccb3bb03b106	r4rk1/pp1b1ppp/3b1n2/q4NB1/4p3/1BP4Q/PP3PPP/R3R1K1 w - - 2 18	twic1660-04037	1	34	22	high	7450	high	26	12	both	50	6
mqr-b2a9a4d0fb61c77e	r1b1kb1r/1p1n1ppp/p2ppn2/6B1/2BNP3/2N5/PqPQ1PPP/R4RK1 w kq - 0 10	twic1660-06604	2	18	24	high	8250	high	29	13	both	50	4
mqr-9eec6a3665558b1d	2b5/5p2/1P1k4/8/7P/5B2/7K/8 b - - 2 46	twic1660-05973	2	91	2	low	1000	low	7	3	none	14	0
mqr-d3923bb379ff38c6	4qr2/p7/1pN2B1k/2pQ2p1/3p3p/3P4/PPP2PPP/R5K1 b - - 0 29	twic1660-05480	1	57	14	middle	5050	middle	21	13	both	29	2
mqr-1fb507bea1337785	5rk1/1p1r2bp/p3p1p1/2q1p1B1/P3Q3/2P4P/1P2RPP1/R5K1 b - - 0 21	twic1660-01338	1	41	18	high	6050	high	22	12	both	48	3
mqr-fcfb5aca3ef9c4bd	2r5/3brkpn/2q1pp1p/p2p3P/1p1P1PP1/P3Q1B1/1PPR4/1NK3R1 b - - 1 24	twic1660-08006	2	47	20	high	6950	high	26	14	both	34	2
mqr-3217dff170c9d0c8	1k1r4/4n3/rp1p1n1p/pN1PpPp1/B1P3P1/1P1KP2P/R7/7R w - - 15 51	twic1660-00754	2	100	12	middle	4900	middle	23	13	none	31	1
mqr-a40bf6ea2bf47b6d	2r5/3k3p/1p2pp2/3p1p2/P2P4/1NPn4/2R2KPP/8 w - - 2 27	twic1660-02783	2	52	6	low	2900	middle	17	11	none	6	0
mqr-5e9f70f3e4e36385	rn1q1rk1/pp2ppbp/6p1/3p1b2/3Pn3/2N2NP1/PP1BPPBP/R2QR1K1 w - - 0 11	twic1660-00277	2	20	24	high	8350	high	30	14	both	34	2
mqr-02407d84b225cf4e	8/5k2/p3r1pp/2rNpp2/2P5/4KN2/P1R3P1/8 b - - 2 36	twic1660-00703	2	71	8	low	3150	middle	15	8	none	22	2
mqr-8d4e8cbdf9ef0dd0	4r1k1/Bp2bppp/2p5/4nq2/1PP1p3/P6P/3RQPP1/3R2K1 b - - 0 28	twic1660-06796	2	55	17	high	5850	high	22	12	both	42	4
mqr-b892fb3ee9cdf52b	2r1rbk1/p4ppp/bp6/2p4q/2NPp2P/1P2P1P1/PB3P2/1QR2RK1 w - - 0 24	twic1660-00503	2	46	20	high	6950	high	26	14	both	30	3
mqr-716d9d8a51c919c6	2R3n1/4b2k/r2p1n2/p2Pp1r1/4Pp2/P7/3NBBP1/1R4K1 w - - 0 34	twic1660-02765	1	66	14	middle	5100	middle	20	8	none	52	2
mqr-c497558a90b9bd24	r1bq1rk1/pp3pp1/2pbpn1p/8/2PP4/5N2/PPB2PPP/R1BQ1RK1 w - - 0 12	twic1660-05620	1	22	22	high	7650	high	28	14	both	35	1
mqr-12527c3aa41f17c2	1r1q1rk1/p2nbppp/b3p3/2p5/P2PQ3/B1P2NP1/5PBP/R3R1K1 b - - 0 15	twic1660-00252	1	29	22	high	7450	high	26	12	both	39	1
mqr-8e7ea129a61d548d	2r1r1k1/5pp1/p3pb1p/q1Np4/1p1P4/2P4P/PP2QPP1/1R2R1K1 w - - 7 27	twic1660-04267	2	52	18	high	6250	high	24	14	both	42	5
mqr-130242f3b3a9077a	r1b2rk1/ppq2ppp/4p3/3n4/8/PNPP4/3B1PPP/R2QR1K1 b - - 0 15	twic1660-01514	2	29	20	high	6750	high	24	12	both	38	3
mqr-dcfb98cfbea7d395	r5k1/6p1/2b5/8/P7/1P1R1P2/5K1P/8 w - - 1 38	twic1660-06907	1	74	5	low	1950	low	10	5	none	21	0
mqr-b1f1a0e7cb4d84d3	6k1/p5p1/1p4qp/1p1p1p2/2nP1Q2/PN3PP1/8/4K3 w - - 0 34	twic1660-07891	2	66	10	middle	3750	middle	17	11	both	24	2
mqr-5fa720e9f501fa64	1kn3r1/1p1bqp2/p1pp1b2/4pP2/PPN1P1rp/1BP2N2/1K3QPR/3R4 w - - 1 27	twic1660-05106	2	52	22	high	7550	high	27	13	both	53	7
mqr-a1150870a29c9687	8/1R6/8/7p/5bk1/r7/6K1/8 w - - 4 73	twic1660-02558	2	144	5	low	1550	low	6	1	none	18	0
mqr-0c3157a7e003b2fa	8/5k1p/p4n2/4Bp2/3p1P2/1P1P4/P5BP/2r3K1 w - - 3 32	twic1660-07972	1	62	5	low	2500	low	15	9	none	2	0
mqr-48bba47fdf61e6e8	2r3k1/p2n1ppp/1pq1pn2/3b4/P2P4/2PB1N1P/3BQPP1/4R1K1 w - - 3 20	twic1660-03942	2	38	18	high	6350	high	24	12	both	37	2
mqr-6e9d3547eea152e3	r2q1rk1/pb2bppp/1n2pn2/1Pp3B1/8/PQN1PN2/4BPPP/R3K2R b KQ - 2 15	twic1660-03105	1	29	24	high	8150	high	28	12	both	40	1
mqr-c94db4902b8cbd71	rn1q1rk1/pb2bppp/1p3n2/2pp4/3P4/1PN1PN2/PB2BPPP/R2QK2R w KQ - 2 10	twic1660-05302	2	18	24	high	8350	high	30	14	both	38	2
mqr-5a7e795af5725119	rn1r2k1/pp3pbp/2p2np1/8/2P1p1b1/1P3PP1/PB2P1BP/RN2NRK1 b - - 0 12	twic1660-03567	2	23	16	middle	6400	high	28	14	none	38	2
mqr-d4d8be804956e1c9	8/8/3r2k1/5pp1/1R6/6P1/5PK1/8 b - - 7 79	twic1660-06400	2	157	4	low	1500	low	8	4	none	20	0
mqr-dd7aff85290b3a07	R4b2/3r1pp1/2k1p3/1p2P2P/2p1P3/2B1PK2/1P6/8 b - - 3 42	twic1660-03539	2	83	6	low	2800	middle	16	10	none	25	0
mqr-84c35133af8fc270	rn3rk1/pbq1bppp/1p2pn2/2ppN3/2P5/1P1P2P1/PB1NPPBP/R2QK2R w KQ - 5 10	twic1660-00729	2	18	24	high	8550	high	32	16	both	40	3
mqr-6aeeac865cd8d5fa	8/6k1/4K1p1/1P1B4/2P1P3/5rp1/8/R7 b - - 1 49	twic1660-00060	2	97	5	low	1950	low	10	5	none	19	0
mqr-fcfec3f4811afc3a	2n2rk1/p4p1p/4bBp1/1p2P2P/1Pp2PP1/P4B2/8/3R2K1 b - - 3 32	twic1660-01956	2	63	8	low	3700	middle	20	12	none	15	2
mqr-7dde1e05b3cde702	4r3/p3kp1p/2p5/3p1p2/R7/1PR2P2/P1P2PKP/4r3 b - - 3 25	twic1660-05616	2	49	8	low	3400	middle	18	12	none	33	0
mqr-0207bdf52553bc00	5rk1/pQ5p/4q3/1P2B1r1/1P1P4/5pPP/5P1K/4R3 b - - 2 34	twic1660-08426	2	67	15	middle	4850	middle	17	9	both	40	4
mqr-195122cd9a52f53e	2r2rk1/5p1p/4p1p1/pn1p4/R4PP1/1BP5/PP2R2q/1K1Q4 b - - 1 33	twic1660-00086	2	65	18	high	5950	high	21	11	both	37	4
mqr-4a998b3c2772a0c9	r4r2/3n1pkp/2p3p1/1q2p1Pn/pp1PP1N1/7N/PPPQ3P/1K2R2R w - - 0 20	twic1660-08946	2	38	20	high	6950	high	26	14	both	34	3
mqr-807d4cd83f6c149b	1b2r3/6pk/5n1p/3P4/PP2q1bQ/4B3/5PPP/R1R3K1 w - - 5 31	twic1660-07975	1	60	18	high	5800	high	19	8	both	38	4
mqr-3ce68f40a186179c	2Rq4/3P2k1/4p1p1/p3Pb1p/8/5P2/3Q2P1/6K1 b - - 4 39	twic1660-04910	1	77	11	middle	3650	middle	14	8	both	26	2
mqr-395954458ba3a602	r3k2r/pp3ppp/2p1pB2/4P2b/4q3/2P1Q3/PP3PPP/R3KB1R b KQkq - 2 15	twic1660-01835	1	29	19	high	6600	high	25	14	both	39	4
mqr-cdb32a12c101f28a	4r3/pb1pk2p/5Rp1/2p3P1/2P5/8/PP2B2P/4K3 w - - 3 33	twic1660-04759	2	64	6	low	2800	middle	16	10	none	29	1
mqr-86ec113ace5650dc	r2q1rk1/ppp2pbp/n2p1np1/8/2PBP3/2N2B2/PP3PPP/R2QR1K1 b - - 0 11	twic1660-00680	2	21	22	high	7650	high	28	14	both	28	1
mqr-7e73474829d73542	r1b2rk1/3nbppp/pqn1p3/1pppP3/3P1P2/2P1BN2/PP1NB1PP/R2Q1R1K b - - 5 12	twic1660-04722	1	23	24	high	8550	high	32	16	both	37	4
mqr-25d438a145514e34	5rk1/3R1p1p/6p1/R7/5n2/P4P1P/5P2/1r3BK1 w - - 1 27	twic1660-06159	2	52	10	middle	3600	middle	15	7	none	27	1
mqr-518d2d68e86a1513	r1bq1rk1/pp2ppbp/1np2np1/8/3PP3/2N1BN1P/PPQ2PP1/3RKB1R w K - 2 11	twic1660-07284	2	20	24	high	8350	high	30	14	both	46	0
mqr-fe52d035c193818e	2k5/ppp4p/8/2N3p1/2n5/2P5/PPr2PPP/3RK3 b - - 6 23	twic1660-06155	1	45	6	low	2900	middle	17	11	none	23	4
mqr-49e7e9df64d643ab	r1qrb1k1/pp3pb1/2p1pn1p/4n3/3PP1P1/1Q4BP/PP2N1B1/2RR2K1 w - - 0 25	twic1660-03956	1	48	23	high	7800	high	27	12	both	46	5
mqr-b27f7378bc5969fd	1r2k2r/1bq1bppp/p1n1p3/1p2P3/2n2BP1/PNN5/1PP1Q1BP/2KRR3 w k - 5 18	twic1660-02641	2	34	24	high	8150	high	28	12	both	46	3
mqr-d479ee47365da155	r5k1/6p1/4q2p/2p5/1nP1n3/2N2N1P/3Q2P1/1R4K1 w - - 0 28	twic1660-09025	1	54	16	middle	5050	middle	16	6	both	45	3
mqr-cfa9db402cf22663	2r3k1/5p2/1q4p1/4Q2p/1pp4P/4P1P1/1P3P2/2R3K1 b - - 0 30	twic1660-09080	1	59	12	middle	4050	middle	16	10	both	30	1
mqr-0987a7d79dd0354f	r1bqk1nr/1pp2p2/2npp2b/6p1/p1BPP2p/P1NQBN1P/1PP2PP1/R3K2R w KQkq - 3 11	twic1660-07305	1	20	24	high	8550	high	32	16	both	46	5
mqr-a4896341106aaa38	1r4k1/5p2/q5pp/8/8/1R2P1PP/1Q3P1K/8 b - - 0 43	twic1660-06715	1	85	12	middle	3750	middle	13	7	both	35	1
mqr-2c3693d744ac755c	r2rn1k1/3nqpbp/p1b3p1/1pp1p3/4P3/1PP2NNP/PBB1QPP1/3RR1K1 b - - 7 18	twic1660-04326	1	35	24	high	8350	high	30	14	both	35	1
mqr-c364c1bba6bb4953	8/6pp/2Q2nk1/5pr1/4q3/8/1P4PP/6RK w - - 11 41	twic1660-07133	2	80	13	middle	4000	middle	13	6	both	30	2
mqr-724e4b750664bde7	r1bq1r2/1pp1ppbk/p1n3pp/3n4/P1BP4/2P2N2/1P1N1PPP/R1BQR1K1 w - - 0 11	twic1660-03625	1	20	24	high	8350	high	30	14	both	37	3
mqr-916944625c3c0fe6	rnbqk2r/pp2ppbp/6p1/2p5/3PP3/2P2N2/P4PPP/R1BQKB1R w KQkq - 0 8	twic1660-00388	2	14	22	high	7650	high	28	14	both	37	1
mqr-b7f18a47f336e8b2	8/R1p1ppk1/n2p2pp/3P2P1/3N3P/3bPB2/1r3PK1/8 b - - 0 50	twic1660-01547	1	99	8	low	3600	middle	19	11	none	35	2
mqr-cbdc5b69b582c8b2	8/2p5/4R3/p1pPk3/1pP4P/3K4/r7/8 b - - 3 40	twic1660-04341	1	79	4	low	1800	low	11	7	none	2	0
mqr-b90871ed83e67383	8/2r3bp/BRk3p1/P1P1pp2/3p4/7P/5PP1/6K1 b - - 2 38	twic1660-00672	2	75	6	low	2800	middle	16	10	none	3	1
mqr-c65b365cae5969ba	3rqrk1/pp4pp/2n2p2/3pp3/2NP4/2P1R3/PP2QPPP/R5K1 w - - 0 21	twic1660-02169	1	40	18	high	6250	high	24	14	both	39	3
mqr-c7ad4ab7ef18912c	2rr1nk1/1b2qppp/1n2p3/1pN1N3/1p1P1P2/P5Q1/6PP/1B1RR1K1 w - - 0 24	twic1660-03009	2	46	22	high	7350	high	25	11	both	51	6
mqr-44bfd22ee73232c6	r2q1rk1/pp2ppbp/2n2np1/3p1b2/3P1B2/2PB1N1P/PP3PP1/RN1Q1RK1 w - - 6 10	twic1660-04682	1	18	24	high	8350	high	30	14	both	44	1
mqr-21d0850cfd9c4ab8	r2qkn1r/p3b1pp/1pb1pn2/2p1p1N1/2P5/2N1B3/PPQ1BP1P/R3K1R1 w Qkq - 2 14	twic1660-04654	2	26	24	high	8150	high	28	12	both	51	4
mqr-f300e7c6b8fa5c4f	r2qkb1r/pp1b1ppp/2n1pn2/2p1N3/2pP4/N5P1/PP2PPBP/R1BQ1RK1 b kq - 3 8	twic1660-01565	2	15	24	high	8450	high	31	15	both	34	3
mqr-13b7b60e14b6b6c5	3r2k1/pb1r1pb1/1pn1qnpp/2p1p3/8/1PNPPN2/P2RBPPP/BQ1R2K1 b - - 7 19	twic1660-03651	1	37	24	high	8350	high	30	14	both	46	2
mqr-d65f2ceb03599874	r4rk1/1p4pp/p2Bp3/3n1p2/8/2P5/PP3PPP/3R1RK1 b - - 0 22	twic1660-05343	2	43	10	middle	4100	middle	20	12	none	30	1
mqr-a25d0d97c1161df4	6k1/7p/1p1Bp1p1/3n4/2p1P2P/6P1/1b3P2/5RK1 b - - 0 29	twic1660-05175	1	57	5	low	2500	low	15	9	none	25	0
mqr-510c42ccfc49098f	3rk2r/p2q4/1pn3n1/2pbb1P1/3p1p1p/P2P3P/1PPQNBB1/1R1N2RK w k - 0 22	twic1660-08920	1	42	24	high	8150	high	28	12	both	32	6
mqr-257077286ee6947e	1qr3k1/1b1n1ppp/p3p3/Qp1p4/3P4/P2BPN1P/1PR2PP1/6K1 w - - 5 26	twic1660-04948	1	50	16	middle	5850	high	24	14	both	42	5
mqr-e99a7f1e161e2da3	4k2r/6q1/3p3p/2pP2b1/5B2/2P5/1P4Q1/R5K1 w - - 3 36	twic1660-02158	1	70	14	middle	4350	middle	14	6	both	40	3
mqr-477ca47874149a8f	6k1/3Q1p1p/b5p1/4p3/3nP3/5NNP/5PPK/1q6 b - - 1 44	twic1660-07678	2	87	12	middle	4150	middle	16	8	both	41	2
mqr-270175ac9df23754	2k5/1p3pp1/p5b1/3pr2p/7P/3p1BN1/P2N1PPK/8 b - - 1 27	twic1660-01480	1	53	6	low	3050	middle	18	11	none	22	0
mqr-38382dd3586ca294	6nk/4P1pp/2pP4/8/1PQ2P2/3R2P1/4q2P/6K1 b - - 4 47	twic1660-06388	1	93	11	middle	3750	middle	15	9	both	27	4
mqr-43f6def5f81ef28c	2R5/5k2/4p3/6p1/r7/4PK2/8/8 b - - 15 58	twic1660-03061	1	115	4	low	1400	low	7	3	none	20	0
mqr-5f59561edbe985b4	rq3rk1/pp1bppbp/3n2p1/8/3B1P2/2PQ4/PP1NB1PP/R2R2K1 b - - 0 15	twic1660-03763	2	29	22	high	7450	high	26	12	both	39	1
mqr-90c3ba05e98d0911	8/1k4R1/8/2P5/2KN4/8/8/7r b - - 12 71	twic1660-06115	2	141	5	low	1550	low	6	1	none	4	0
mqr-790d5e8ccf45d431	1kr5/ppr3p1/5p2/N6p/1B2Q3/P4Pq1/1P6/1K1R4 b - - 0 28	twic1660-03405	1	55	16	middle	5100	middle	17	8	both	36	1
mqr-d29317c384c26c67	r4k1r/pp3ppp/3N4/3bp3/Qn5q/4P3/PP3PPP/R3KB1R w KQ - 4 14	twic1660-02553	2	26	20	high	6750	high	24	12	both	39	4
mqr-3a9e25299da8e25d	r1b2rk1/pppp1pp1/7p/2b5/3NP3/1BN2Q2/PqP2PPP/5RK1 b - - 0 13	twic1660-03128	1	25	19	high	6650	high	25	13	both	29	5
mqr-7b4429dc31150c18	2q1rbk1/1B4pp/1B6/4R3/rp6/2n3P1/P1Q2P1P/2R3K1 b - - 2 30	twic1660-08690	1	59	20	high	6250	high	19	7	both	40	4
mqr-19cf73763e73955c	4k3/3n1pp1/pp2p1r1/1q2Pn1Q/1PpP3P/P7/3N1PP1/2R2RK1 b - - 0 25	twic1660-05354	1	49	17	high	5950	high	23	13	both	31	6
mqr-6eada11f0a613f4e	r2r2k1/pp4pp/2q5/2b2p2/2P1pn2/2P1R3/PB1N1PPP/2R1Q1K1 b - - 2 22	twic1660-02315	1	43	20	high	6750	high	24	12	both	53	3
mqr-f377ba83124d09db	r1bq1rk1/ppp1bppp/3p1n2/8/8/2P1BN2/PPPQ1PPP/2KR1B1R w - - 7 10	twic1660-01222	1	18	22	high	7650	high	28	14	both	36	2
mqr-58075a23eb013cb3	2r5/8/5p2/p2p1kpp/P2P3P/3N1PP1/3K4/8 w - - 0 40	twic1660-02531	1	78	3	low	1900	low	14	10	none	15	1
mqr-4ddaf6f973b015d0	8/q5pk/p4p1p/3Q4/2p1pP2/6P1/P4P1P/2R3K1 b - - 1 36	twic1660-08249	1	71	10	middle	3600	middle	16	11	both	21	1
mqr-582c7e8f513ee18c	5B2/8/8/7p/p1ppk2P/8/1P2K3/8 b - - 41 60	twic1660-00162	1	119	1	low	950	low	9	6	none	7	0
mqr-eeb2ccf3cba4318f	8/p6R/2p1kP2/1p1nP3/5P2/8/r7/5K2 b - - 2 39	twic1660-05421	2	77	5	low	2050	low	11	6	none	25	2
mqr-57f0942a646d2bfb	r4r1k/pp4p1/1bn2q1p/3p4/2nNp1b1/1NP1B1P1/PPQ2PBP/R4RK1 b - - 7 20	twic1660-05655	2	39	24	high	8150	high	28	12	both	59	6
mqr-6688ffd882df052c	5r2/3n1pkp/2p5/p5p1/NrP5/5RPP/P4KP1/4R3 w - - 1 26	twic1660-08973	1	50	10	middle	3900	middle	18	10	none	35	1
mqr-1db9b93ef791189d	r3kb1r/1p1bnppp/pqn1p3/3pP3/3p4/P1PB1N1P/1P3PP1/RNBQR1K1 b kq - 0 10	twic1660-01969	2	19	24	high	8450	high	31	15	both	35	3
mqr-ba7d4d5cf57bc162	r7/2n1kp1p/pp4p1/2pb4/8/2N1PP2/PPK3PP/5B1R w - - 2 21	twic1660-01886	1	40	8	low	3700	middle	20	12	none	28	2
mqr-a474c2280998d2e9	rnbq1rk1/1p1pppbp/2p2np1/p7/2P5/1PN2NP1/PB1PPPBP/R2QK2R b KQ - 1 7	twic1660-06302	2	13	24	high	8550	high	32	16	both	26	0
mqr-e4691fc13e8b21a4	r2q1rk1/p1bb2pp/2p1ppn1/3pP3/5P2/1P1B4/PBPNQ1PP/R4RK1 b - - 1 14	twic1660-05994	1	27	22	high	7650	high	28	14	both	30	4
mqr-4de44cf36d2294bd	4rk2/2pq4/8/4rpNP/1p3Q1P/6NK/P7/5R2 b - - 5 41	twic1660-00810	2	81	16	middle	4900	middle	15	6	both	38	0
mqr-397a0290f38b981b	r3r1k1/2pn1pp1/p3pq1p/P2p3n/NP1P1b1P/3B1PB1/2P1RPK1/R2Q4 w - - 1 23	twic1660-08353	2	44	22	high	7650	high	28	14	both	38	3
mqr-a4cf07c86b0f6038	8/4bpk1/p3p1p1/6P1/Pp2RP2/1P6/2P2BK1/3rr3 w - - 0 39	twic1660-08342	2	76	8	low	3350	middle	17	10	none	25	4
mqr-2ef7bef53f1d5ee9	r1bn1r1k/ppq3bp/2p3p1/5p2/2P1p3/1PBNP3/PQ2BPPP/3R1RK1 w - - 0 19	twic1660-00776	1	36	22	high	7650	high	28	14	both	40	1
mqr-de15fcdc40be3424	r1bq1rk1/ppp2pbp/3n4/3Pp1P1/2P2p1P/2N1B3/PP2BP2/R2QK2R w KQ - 0 19	twic1660-04054	2	36	22	high	7650	high	28	14	both	41	2
mqr-2f9464bdf3eb9dce	r4rk1/pp1qnpbp/2np2p1/2p5/5PP1/1PN5/PBPPQ2P/2KR2NR w - - 1 13	twic1660-08238	2	24	22	high	7650	high	28	14	both	35	1
mqr-3697a504549e5f74	rnbq1rk1/ppp2ppp/3b1n2/3p2B1/3P4/3B1N2/PPP2PPP/RN1Q1RK1 b - - 7 7	twic1660-00979	1	13	24	high	8350	high	30	14	both	35	1
mqr-1e2503df8db743c9	3k4/3r3p/6p1/5pP1/5P2/3p2P1/3Q1K2/8 b - - 6 50	twic1660-08109	1	99	6	low	2225	low	11	7	one	15	0
mqr-0d040c745575b9bf	8/8/8/1P3k2/1K1Q4/2P5/8/4q3 w - - 7 61	twic1660-05023	2	120	8	low	2150	low	6	2	both	29	0
mqr-d4cfeed43df04859	r3rnk1/ppq2pbp/2p2np1/4p3/P1N1P1b1/1P3NP1/1BP1QPBP/R4RK1 w - - 3 14	twic1660-07533	1	26	24	high	8350	high	30	14	both	41	3
mqr-49f47b6ae6501266	r2q1rk1/pp3p2/3bbn1p/3p2p1/3P4/3B2BP/PP3PP1/RN1Q1RK1 b - - 1 14	twic1660-02926	2	27	22	high	7450	high	26	12	both	39	2
mqr-598df65ac8957446	r2qkbnr/1bp1pppp/p1n5/1p6/2pP4/2N2NP1/PP2PPBP/R1BQ1RK1 b kq - 3 7	twic1660-05318	1	13	24	high	8450	high	31	15	both	29	2
mqr-8119597367b14e84	8/8/8/2B5/6k1/P4pP1/5K2/3b4 w - - 3 52	twic1660-06963	1	102	2	low	1000	low	7	3	none	13	0
mqr-aad7c6d21b5bf24a	r1bq1rk1/p2nbppp/1pp2n2/3p4/3P1B2/P1N1PN1P/1PQ2PP1/R3KB1R w KQ - 0 11	twic1660-05177	1	20	24	high	8350	high	30	14	both	56	2
mqr-21d368f3e7a09a22	3r1bk1/1p1P1p1p/6p1/pN1Q1pn1/P1B5/1P5P/5qP1/2R4K w - - 1 30	twic1660-02338	1	58	16	middle	5550	middle	21	11	both	36	3
mqr-840a93da43d912bd	r7/4k1KP/8/8/8/7R/5P2/8 w - - 5 52	twic1660-05261	1	102	4	low	1300	low	6	2	none	20	0
mqr-b0268334926d2e6e	r3r1k1/p2nqpbp/1pp1b1p1/4p3/2P1P3/1PN1BP2/P1N1Q1PP/3R1RK1 b - - 1 18	twic1660-03487	1	35	22	high	7650	high	28	14	both	40	1
mqr-ec4f2602bcfcb617	1R6/8/8/k5r1/2KB4/8/8/8 b - - 89 98	twic1660-03313	2	195	5	low	1450	low	5	0	none	15	0
mqr-4fd56dd69593a4a3	1r1k4/Rp1n1pp1/2pP2p1/2P1p3/1KP2P1P/5BP1/8/8 b - - 0 36	twic1660-01716	1	71	6	low	3000	middle	18	12	none	15	2
mqr-f7c048b9f8dfc053	r3rbk1/1bqn1ppp/pp1ppn2/6N1/3P1B2/2PB3P/PP1NQPP1/3RR1K1 w - - 2 15	twic1660-03960	2	28	24	high	8350	high	30	14	both	50	7
mqr-22efc6f800dd1e00	r1bq1rk1/ppp2pbp/2np1np1/4p3/2P5/1PN1P1P1/P2PNPBP/R1BQ1RK1 b - - 0 8	twic1660-04519	1	15	24	high	8550	high	32	16	both	33	0
mqr-aa5e4d258018d8b5	3r4/ppk1b3/2p1p2p/2P3P1/1P1P2B1/P1KR4/7r/3R4 b - - 0 29	twic1660-00752	2	57	10	middle	3900	middle	18	10	none	37	4
mqr-006f8e811afdbf14	2kr3r/pp3ppp/6b1/2b1P3/2P3P1/1PN5/PB2N1KP/R3qB1R b - - 2 18	twic1660-07180	2	35	18	high	6375	high	24	11	one	51	4
mqr-1cafe123fd98b563	2r1qrk1/pn3p1p/1p1Q2p1/2p5/P1b1PP1N/2b3P1/6BP/1RBR2K1 w - - 1 22	twic1660-09119	2	42	22	high	7350	high	25	11	both	47	6
mqr-47ac56b7ea773500	2rq1rk1/pb1n1ppp/1p2pn2/2bp4/2PB4/1P3NP1/PQ1NPPBP/R2R2K1 w - - 1 15	twic1660-04733	1	28	24	high	8350	high	30	14	both	37	3
mqr-4f4f534e4aacaf03	2r5/6bk/p4pp1/1p2pn1p/7P/1PP1RNB1/P4PP1/6K1 w - - 5 32	twic1660-06662	1	62	8	low	3700	middle	20	12	none	21	3
mqr-eeda6a5e2bcf8e9d	2r1r3/p3k1b1/2p2ppp/B1N1P3/2P5/8/PPb3PP/R3R1K1 b - - 0 26	twic1660-03849	2	51	12	middle	4700	middle	21	11	none	24	1
mqr-412317323343b699	r2qkb1r/3n1ppp/1p2pn2/2Pp4/PP6/4PN2/5PPP/RNBQK2R b KQkq - 0 10	twic1660-00198	2	19	22	high	7550	high	27	13	both	30	4
mqr-9df48e9eb58cb9f5	1r1r2k1/pbp2ppp/2q1p3/1Q3n2/2PP4/1N3PP1/PB2P2P/R1R3K1 b - - 8 19	twic1660-03631	1	37	20	high	6850	high	25	13	both	40	6
mqr-2393787aa4fe83c7	Q1b4r/p3kppp/4pn2/8/2pq4/P5P1/1P1NPP1P/R3K2R b KQ - 0 13	twic1660-00300	2	25	17	high	5850	high	22	12	both	44	3
mqr-c29f9017d8b14032	1k5r/rp2bpQp/pNbp4/q3p3/8/1R1B1PB1/P4P1P/6K1 b - - 0 26	twic1660-01326	1	51	19	high	6350	high	22	10	both	36	3
mqr-ef080650990f5193	R3B3/5qpk/1b2bp2/2n1p2p/4P2P/2B3P1/3N1P2/4R1K1 b - - 2 32	twic1660-07728	2	63	14	middle	4975	middle	19	8	one	36	2
mqr-a29449b7d2027114	3rr3/6bk/pq2p1pp/1pNn1p2/1P1P3P/P2RB1P1/5PK1/2QR4 w - - 1 35	twic1660-03958	2	68	20	high	6750	high	24	12	both	37	3
mqr-8967770131261c87	r1bq1rk1/pp2npb1/2np2p1/2p1p1B1/4P1QP/P1NP3N/BPP2P2/R3K2R w KQ - 0 12	twic1660-07538	1	22	24	high	8350	high	30	14	both	52	3
mqr-fd7a9860b70c4b6d	2R5/1p3pk1/p3p1r1/P3Pp1N/1n3P2/6P1/7P/6K1 b - - 0 36	twic1660-02603	2	71	6	low	2800	middle	16	10	none	2	0
mqr-13e1ecc365105111	q4r2/5pbk/2npb1pp/rp1Np3/4P3/1BPPQN2/5PPP/RR4K1 w - - 4 22	twic1660-01455	1	42	22	high	7450	high	26	12	both	45	3
mqr-1896be59aad23556	3n1rk1/5p1p/4p1pb/1q1pP3/3P4/1P2QN2/5PPP/r1R1K2R b K - 5 23	twic1660-02356	1	45	19	high	6300	high	22	11	both	37	3
mqr-1581c812753bd0c9	6k1/5pp1/4p2p/p3P3/P2r1PP1/1P3R2/2r4P/1R5K b - - 4 33	twic1660-07849	2	65	8	low	3300	middle	17	11	none	34	3
mqr-7349041362fdb7fc	8/3nk3/3p1p2/p1pPpP2/2P1N1KP/P7/8/8 w - - 1 35	twic1660-05486	2	68	2	low	1700	low	14	10	none	14	3
mqr-573f0f4ebbab5388	1k1r4/1p2bp2/pn6/2p1Pp2/5P1p/1PN1Q2P/P1R2B2/4K2q w - - 1 32	twic1660-07511	2	62	16	middle	5550	middle	21	11	both	2	0
mqr-dff4abab189def7a	2r1r1k1/4p1bp/pp1p2n1/8/2P2B2/NP4PP/P4P2/1R3BK1 w - - 2 26	twic1660-08300	1	50	11	middle	4500	middle	21	11	none	25	1
mqr-7dfe28d3f135367e	rnbq1rk1/p3ppbp/3p1np1/1PpP4/4PP2/2N2N2/PP4PP/R1BQKB1R b KQ - 0 8	twic1660-03200	2	15	24	high	8450	high	31	15	both	33	2
mqr-d51eaf885adb653e	rnbqk2r/p2pn1pp/1p2p3/5p2/3PP3/2bB1N2/PP3PPP/R1BQ1RK1 w kq - 0 9	twic1660-02129	2	16	23	high	8000	high	29	14	both	37	2
mqr-772de4838599bdcb	3r1rk1/ppp3b1/2n1p1pp/4p3/P2Pp3/2P2N1P/1P3PP1/R1B1R1K1 w - - 0 18	twic1660-01341	2	34	12	middle	5100	middle	25	15	none	30	4
mqr-a103e96e25a5df4d	1k1r2r1/pppq1pbp/4b1p1/8/5Q2/2N1BN2/PPP2PPP/3R1RK1 b - - 9 16	twic1660-02906	2	31	21	high	7100	high	25	12	both	43	3
mqr-fb40c8569ac42776	r1bqk2r/bpp2p2/p1np1n1p/4p3/P1B1P1p1/2PP1N2/1P3PPP/R1BQRNK1 w kq - 0 11	twic1660-01390	2	20	24	high	8550	high	32	16	both	37	4
mqr-a6a0323df0167669	7k/7p/4b1n1/3pP1P1/3P2p1/2RB4/3r4/5NK1 w - - 2 35	twic1660-06652	1	68	8	low	3100	middle	14	6	none	23	2
mqr-4cac407f5176a1ad	1b1r2k1/6pp/p3rp1q/1b1p4/1P1B4/P3R1N1/2Q2PPP/2R3K1 b - - 11 27	twic1660-00763	1	53	20	high	6550	high	22	10	both	42	4
mqr-bb792c4480228eaa	8/4kp2/2pbnp1p/3p4/3P2B1/4P1P1/5PKP/4N3 w - - 6 34	twic1660-02966	2	66	4	low	2400	low	16	10	none	20	1
mqr-fba69e7ee808ed27	1b6/p7/1pk5/3N3p/PPP1pp2/7P/5P2/4K3 w - - 0 60	twic1660-05773	2	118	2	low	1700	low	14	10	none	16	2
mqr-676007c97eeb3129	6k1/8/7p/4q3/8/4K2P/8/4n3 w - - 2 54	twic1660-02815	1	106	5	low	1525	low	6	2	one	2	0
mqr-955a88921a61066d	1r4k1/p3ppbp/2n1b1p1/2P3N1/8/4B1P1/P3PPBP/3R2K1 b - - 1 18	twic1660-01963	2	35	10	middle	4300	middle	21	11	none	43	1
mqr-92f9c4e6edfeda35	rr3bk1/3n1pp1/2bp3p/3Pp3/2N1P1P1/B6P/5PB1/2R3K1 w - - 0 38	twic1660-06266	2	74	12	middle	4750	middle	21	10	none	29	4
mqr-c867e007e1d9aa4e	3r1rk1/1p2qp1n/2p1B1pp/p1n1p3/N3P3/P3P1N1/1PQ3PP/3R1RK1 b - - 0 22	twic1660-04766	1	43	21	high	7200	high	26	13	both	36	6
mqr-a19e2c1fa6b7b4f8	8/r3k2p/1p3pp1/1R3P2/1PPK2P1/8/7P/8 b - - 2 41	twic1660-07944	2	81	4	low	2000	low	13	9	none	20	1
mqr-db74a105ddc4e57a	2rq1rk1/1b1nppbp/pp1p1np1/2p5/P2P1B2/2P1PN1P/1P1NBPP1/RQ1R2K1 b - - 3 12	twic1660-01276	2	23	24	high	8550	high	32	16	both	32	2
mqr-66a7bb16de561d6a	r4rk1/pp3pp1/2bqp2p/2pp4/5P2/1P1PP2R/P1PN2PP/R2Q2K1 w - - 0 16	twic1660-01238	2	30	18	high	6450	high	26	16	both	33	1
mqr-0db8aae5a66b7b3c	2b1r3/5Rbk/pBPp2pp/4q3/P3p3/4Q2P/4B1P1/6K1 b - - 4 32	twic1660-01494	1	63	16	middle	5350	middle	19	9	both	35	1
mqr-265fd4ef3a06dc47	r1bqr1k1/pp1nbpp1/2p4p/3p4/3P4/2NBPN2/PPQ2PPP/R3R1K1 w - - 10 18	twic1660-08595	2	34	22	high	7650	high	28	14	both	46	1
mqr-36070b8c186defc4	1r6/1P4pk/4R1p1/4p2p/4P3/8/5P2/6K1 b - - 0 49	twic1660-06380	2	97	4	low	1800	low	11	7	none	13	1
mqr-14cbc00c8ec179aa	1k1r4/1p4p1/5p2/pRqPp1n1/2P3Q1/P7/1PB5/1K6 b - - 11 38	twic1660-01225	1	75	14	middle	4650	middle	17	9	both	39	5
mqr-e45338ca5643fe34	r3r3/pp3pbk/3p2bp/2pP3n/3qP1pP/2N1NnP1/PP1B1PB1/R2Q1R1K w - - 7 22	twic1660-01040	2	42	24	high	8350	high	30	14	both	29	3
mqr-8dac1b55dec110d6	3r1rk1/1pq1nppp/p1bb4/4p3/8/1B2BN1P/PPP1QPP1/3RR1K1 b - - 5 18	twic1660-01330	1	35	22	high	7450	high	26	12	both	34	1
mqr-63c1205752f1780b	r4rk1/pp1qb1pp/2n2pb1/2pnp3/2N4P/2PP1NQ1/PP2BPP1/R1B1K2R w KQ - 1 13	twic1660-05276	1	24	24	high	8350	high	30	14	both	42	4
mqr-832a1a5a7ada6e1f	5rk1/1p4bp/p3p1p1/3p4/P2qp1P1/1P3r1P/4QPK1/3BB3 w - - 4 36	twic1660-03698	1	70	15	middle	5300	middle	21	12	both	25	3
mqr-11aec836f2dcd66b	8/pb3pkp/1p1n2p1/2pNb3/P3P3/1P4PP/2P1N1B1/6K1 b - - 4 23	twic1660-03174	1	45	6	low	3300	middle	20	12	none	31	3
mqr-ab07421e5822b8cc	3Q4/4nkpp/4p3/3pP3/p2P4/P3P1NK/2q4P/8 w - - 2 34	twic1660-07039	1	66	10	middle	3650	middle	16	10	both	23	2
mqr-320e8d36ca7f57e3	3r1rk1/pp3qb1/2n2p1p/4p3/4N1pP/1P4Q1/P4PPB/2R1R1K1 b - - 1 27	twic1660-00160	2	53	20	high	6650	high	23	11	both	36	1
mqr-b659b0a38a653b50	7r/1p3kp1/p1bPpP2/7r/3p4/P3P3/5Q1R/4R1K1 b - - 0 37	twic1660-04659	2	73	13	middle	4425	middle	17	9	one	43	3
mqr-fd988f2cd76c71ce	3r3r/p1n1nkbp/1p1R2p1/2p1p3/2P1N3/4B1PB/PP2PP1P/R5K1 b - - 3 19	twic1660-00578	1	37	14	middle	5600	middle	25	13	none	34	1
mqr-eea921abe38ad3fd	r1bq1rk1/p4pp1/2pb1n1p/3p4/8/3B1Q1P/PPP1NPP1/R1B2RK1 w - - 2 13	twic1660-08301	1	24	22	high	7450	high	26	12	both	38	3
mqr-64f4bc54dabf9fe3	r1q2nk1/p3bppp/1p2p3/n1p5/2P1P2P/4PNP1/PB2QPB1/3R2K1 b - - 0 18	twic1660-03019	2	35	18	high	6550	high	26	14	both	30	2
mqr-2a13d25f5d1c6c4b	1rbq1rk1/pp2npbp/2n1p1p1/2ppP3/5P2/2NP1NP1/PPP3BP/R1BQ1R1K b - - 2 10	twic1660-03387	2	19	24	high	8550	high	32	16	both	30	2
mqr-00400a957ab54a01	3r3k/1p4b1/p4n2/5R1p/3P4/8/PP3PPP/R5K1 w - - 1 29	twic1660-01546	2	56	8	low	3250	middle	16	9	none	28	2
mqr-af9311cdf74b9d31	2rq1rk1/p2nbppp/1p2p3/4P2b/2BP4/5N1P/P4PP1/1RBQ1RK1 w - - 1 16	twic1660-05837	2	30	22	high	7450	high	26	12	both	41	2
mqr-1bcc85e433878c54	6k1/1pQ2p2/p1p2Pp1/2P1p1q1/4P2p/P2r2rP/1P4RK/5R2 w - - 0 37	twic1660-08201	1	72	16	middle	5450	middle	21	13	both	34	5
mqr-fd53d02152836be7	5R2/8/8/P2kp3/6b1/1P6/8/4K3 b - - 0 53	twic1660-05955	2	105	3	low	1200	low	7	3	none	16	0
mqr-0f64a5a6e329dcad	r1R1nbk1/3q1pp1/7p/1p1pB2N/3P3P/1P1Q1P2/Pp4P1/1K2R3 b - - 0 24	twic1660-05699	1	47	18	high	6200	high	23	12	both	34	3
mqr-e7e0484ce852e66f	4r3/p1p2pk1/2Rb1pb1/8/1PNB1n2/P4N1P/5PP1/6K1 b - - 4 26	twic1660-07123	1	51	10	middle	4100	middle	19	9	none	40	3
mqr-a3ce4748c0510b21	8/2n5/1K6/6N1/7p/6k1/8/8 b - - 1 56	twic1660-05549	1	111	2	low	800	low	5	1	none	12	0
mqr-f1beedaf6777aa9b	3rk3/1q3pp1/4pnp1/2p3Br/2Pn1P2/1p1BQ2P/2P5/2K2RR1 w - - 0 31	twic1660-04044	2	60	20	high	6550	high	22	10	both	33	5
mqr-851d6d22b1565e56	r2qr1k1/p4ppp/2pb1n2/1p1P4/8/1nNPBP1P/PPP2P2/R2QK2R w KQ - 0 14	twic1660-03886	2	26	21	high	7300	high	27	14	both	25	4
mqr-26eeaad780fc50ca	2r2rkb/5p1p/q1p3pP/3pP3/5Pb1/1BQ1B3/P5P1/2R1R1K1 w - - 5 28	twic1660-01695	1	54	20	high	6550	high	22	10	both	37	2
mqr-e1f36f6ad92b7c2c	3k4/7Q/p2br1p1/5pP1/2P4P/8/P4P2/6K1 b - - 0 39	twic1660-02587	2	77	7	low	2675	middle	13	8	one	23	0
mqr-874f9557af581abd	r2r2k1/1pp1qpp1/2n1b2p/pBb1p3/P3P1n1/2P2N2/1PQ2PPP/R1BN1RK1 b - - 6 14	twic1660-01355	1	27	24	high	8350	high	30	14	both	54	4
mqr-451b947ddd4e29a7	2r2rk1/7p/p4ppP/1pq1p3/2n1Q1P1/1N3P2/PPP5/1K1RR3 b - - 1 26	twic1660-01309	1	51	18	high	6050	high	22	12	both	35	1
mqr-3a52f987fff2db1e	r1b3k1/ppp2ppp/2n5/1N6/5B2/3Q4/PPP1rPqP/2KR3R b - - 1 15	twic1660-08663	2	29	20	high	6650	high	23	11	both	47	5
mqr-8a7f5b7721cfa86b	5rk1/ppq2p1p/3r1bp1/2p1pb2/2PnP3/1PQ3P1/PB3PBP/R3NR1K b - - 2 18	twic1660-03603	2	35	22	high	7650	high	28	14	both	48	2
mqr-116477aab54152e1	r3kb1r/2p2ppp/p3pn2/8/3qb3/1Pp5/P2PB1PP/RN1QK1NR w KQkq - 0 14	twic1660-00541	1	26	22	high	7450	high	26	12	both	24	3
mqr-a6e76600981940f4	r4rk1/1pN2pp1/1p3np1/3pRbq1/3Q4/1NP4P/PP3PP1/R5K1 b - - 5 21	twic1660-01316	1	41	20	high	6750	high	24	12	both	42	3
mqr-fff4d4fa06b80988	r1b2r1k/ppp1qppp/2np4/8/4PPnQ/2N5/PPP3PP/2KR1BNR w - - 0 12	twic1660-05124	1	22	22	high	7650	high	28	14	both	40	4
mqr-2ea598b6421bab21	8/8/2R3k1/5rpp/8/6K1/5P2/8 b - - 7 56	twic1660-09108	1	111	4	low	1400	low	7	3	none	4	0
mqr-98105d25bdb33c2d	r1bqkb1r/1p3ppp/p2p1nn1/3p4/4P3/2N1BN2/PP2BPPP/R2Q1RK1 w kq - 0 11	twic1660-02731	1	20	24	high	8250	high	29	13	both	47	4
mqr-a532cc9d14304943	r2q1rk1/pb2bpp1/7p/n2pp3/3P4/2N2Q2/PPP1BPPP/R1B1K2R b KQ - 0 14	twic1660-02385	1	27	22	high	7550	high	27	13	both	33	1
mqr-a95d5634e4a7c76b	2rq1rk1/3bbpp1/p1np1n1p/3Bp3/Np2P3/P2QBN1P/1P3PP1/2R2RK1 b - - 1 16	twic1660-03195	2	31	24	high	8250	high	29	13	both	31	4
mqr-cb49c88690dac8b8	k3n1R1/ppr5/4Bp1p/8/3P4/P3P3/1P6/1K6 b - - 1 38	twic1660-08687	1	75	6	low	2600	low	14	8	none	19	0
mqr-8321438faeed15aa	2kr4/pp3ppp/2p1b3/4P2P/4p3/2P3Q1/2P3P1/2qBK2R w - - 1 24	twic1660-04552	2	46	14	middle	4950	middle	20	12	both	22	1
mqr-8e03a074eb4b2bf4	4rrk1/1p1b1ppp/p1n5/1BPp2q1/Q2P4/2P1R3/P5PP/4RNK1 w - - 0 21	twic1660-00234	2	40	20	high	6750	high	24	12	both	38	4
mqr-e1216f0b6a513d44	r3n1k1/5pb1/5rpp/p1pp4/npN2B2/4PN1P/1P3PP1/R4RK1 b - - 1 30	twic1660-02716	2	59	14	middle	5500	middle	24	12	none	27	3
mqr-dc7d12d0496c294a	r3k1nr/pp2bpp1/2p5/2q4p/4P1b1/2NQ1N2/PPP1B1PP/R3K2R w KQkq - 0 13	twic1660-01902	2	24	22	high	7450	high	26	12	both	41	0
mqr-ec7e2bb8fd84eb31	4R3/8/8/8/4kp2/6p1/r5P1/6K1 b - - 7 50	twic1660-06841	2	99	4	low	1400	low	7	3	none	4	0
mqr-e4515e01ccd1129a	2r5/7p/8/3B4/6k1/6P1/Pr5P/R5K1 w - - 0 34	twic1660-01977	2	66	7	low	2400	low	10	4	none	23	0
mqr-b8e96f7de8cb1f3a	8/8/3r2k1/1P1p3p/PR4p1/4r3/5RKP/8 w - - 0 63	twic1660-00019	2	124	8	low	2800	middle	12	6	none	27	1
mqr-b35d799bfa029e27	1r4k1/p3r1p1/2ppn3/2p4q/2P2P2/2BPP1R1/PPK3P1/7R w - - 0 31	twic1660-04754	1	60	14	middle	5075	middle	21	12	one	35	3
mqr-cd5fb910e08b8632	4k3/2B1b2R/4p3/2p5/1pP4P/1r2P1P1/5PK1/8 b - - 0 33	twic1660-06207	1	65	6	low	2600	low	14	8	none	15	2
mqr-5154c21c459b562a	7r/ppknq1bp/6p1/2p1P3/6b1/2P3P1/PP4BP/R1B1QRK1 w - - 0 19	twic1660-05450	1	36	19	high	6450	high	23	11	both	36	1
mqr-f8eacc24ef839fde	r3nrk1/pppnqp1p/3p2p1/3Pp3/1PP1B3/P1B1P3/2Q2PPP/R4RK1 w - - 0 16	twic1660-00329	1	30	20	high	7150	high	28	16	both	38	2
mqr-4ab2993553d51bbb	7k/1p5p/3p2p1/1P2p3/1P4P1/6P1/1BPbP3/5K2 w - - 1 33	twic1660-03289	2	64	2	low	1800	low	15	11	none	15	1
mqr-5bc766f4c83600b3	5b2/1Nk5/p5p1/8/5n1p/PR6/1P3KP1/8 w - - 1 32	twic1660-04765	2	62	5	low	2200	low	12	6	none	21	0
mqr-0ace896d7c177341	8/p2R4/2k2p1p/2p5/1p6/1P1K2R1/r3rPPP/8 w - - 3 39	twic1660-01307	2	76	8	low	3100	middle	15	9	none	24	1
mqr-963560c20ce7b171	r1bqk1nr/1p2ppbp/p2p2p1/2p5/3nPP2/2NB1N1P/PPPP2P1/R1BQ1RK1 b kq - 0 8	twic1660-04373	1	15	24	high	8550	high	32	16	both	39	3
mqr-a2b99c9b34a089f9	r1bqkb1r/1p2pppp/p2p1n2/2n5/P2NP3/2N2B2/1PP2PPP/R1BQK2R b KQkq - 2 8	twic1660-00712	2	15	24	high	8350	high	30	14	both	35	3
mqr-a826d70e6189a701	r4rk1/1b3ppp/p2qp3/2pn4/8/3P1B1P/1PP2PP1/R1BQ1RK1 w - - 2 17	twic1660-01980	2	32	20	high	6750	high	24	12	both	29	2
mqr-31da98d07277cf8b	8/3p2pk/4p2p/4r3/7P/1p5N/1P4P1/3R2K1 w - - 0 43	twic1660-04788	1	84	5	low	2250	low	13	8	none	21	1
mqr-835b21d66bf14ceb	8/8/3k4/2p1pp1n/P1p4P/5P2/1PPK1B2/8 b - - 1 38	twic1660-07791	2	75	2	low	1600	low	13	9	none	13	0
mqr-f48f98e5283cc1c4	3b4/1p4pp/p1k2p2/P1B1pP2/1PP1N3/3K4/6PP/8 w - - 1 38	twic1660-07945	1	74	3	low	2250	low	17	12	none	26	1
mqr-c106cd7403433805	r3r1k1/pb1n1p2/5bpp/8/N1RN4/4P3/P4PPP/1B1R2K1 b - - 0 22	twic1660-08894	2	43	14	middle	5200	middle	21	9	none	40	3
mqr-5ce6be171f76eeaf	4r3/1r1k2p1/1B1b3p/Q2R1p2/2p5/3q2P1/5P1P/6K1 b - - 0 49	twic1660-02208	1	97	16	middle	5000	middle	16	7	both	42	3
mqr-dfd70ee7162ebcac	r3kbnr/4p3/p1p2p2/3p2p1/3P2p1/2NK2BP/PPP2P2/R3R3 w kq - 0 18	twic1660-03908	1	34	12	middle	4900	middle	23	13	none	40	3
mqr-dbad86770dd08508	r1bqk2r/pp2npbp/2np2p1/2p1p3/2P5/1PN1P1P1/PB1P1PBP/R2QK1NR w KQkq - 0 8	twic1660-01186	2	14	24	high	8550	high	32	16	both	39	1
mqr-2f0e20540a40693a	r2qkb1r/1p3ppp/p1n1pn2/2pp1b2/3P4/PP2PN2/1BPN1PPP/R2QKB1R w KQkq - 0 8	twic1660-05206	2	14	24	high	8550	high	32	16	both	32	2
mqr-876a778b40b45fa8	2r2r1k/1p1q3p/p2p1npn/3Ppp2/4P3/P2B3P/1P1N1PP1/1R1QR1K1 w - - 0 27	twic1660-08923	1	52	20	high	6950	high	26	14	both	35	2
mqr-1a5120cf950cc314	r1bq1rk1/pp3ppp/2n1pn2/2p5/2BP4/P1P1PN2/5PPP/R1BQ1RK1 b - - 3 10	twic1660-05459	2	19	22	high	7650	high	28	14	both	35	3
mqr-5edc6d59e66c2348	r2q1r2/pp2ppk1/2n3p1/2ppP2p/3P2bP/2PB4/P1PQ1PPN/R3K2R b KQ - 1 13	twic1660-05726	1	25	20	high	7150	high	28	16	both	39	3
mqr-118b687613e72cf6	r1bq1rk1/5ppp/p1pb1n2/3pp3/4P3/1P1B4/PBPNQPPP/R3K2R w KQ - 1 12	twic1660-03445	1	22	22	high	7650	high	28	14	both	39	3
mqr-76971d6a190914f1	4r3/pp2qknp/6pb/2pp1p2/5P1P/P1PP3N/1P1Q1RKB/8 w - - 9 33	twic1660-02100	1	64	16	middle	5750	high	23	13	both	24	0
mqr-4f694fb46254d5ac	2r3rk/4Np1p/p2RbPpQ/1p6/2P1P3/7P/1q2B1P1/5RK1 w - - 5 30	twic1660-06767	2	58	19	high	6200	high	21	10	both	51	8
mqr-793784d1ab68b8a9	5k2/p4ppp/8/2p5/R7/8/P4PPP/r4BK1 w - - 4 26	twic1660-03534	2	50	5	low	2350	low	14	9	none	19	1
mqr-9fe77de375121078	8/6k1/R4n2/6r1/8/5K2/8/8 b - - 3 64	twic1660-02175	1	127	5	low	1450	low	5	0	none	27	0
mqr-dcdcd797e4a53144	8/pp2np1p/2k1p1p1/Pn1p4/3PP3/1P2KPPP/1B6/5B2 w - - 7 33	twic1660-00269	2	64	4	low	2800	middle	20	14	none	21	2
mqr-a1dfb128935c5c8c	5k2/7p/1n6/r2pNK2/5P2/1R6/6P1/8 b - - 7 47	twic1660-02171	2	93	6	low	2200	low	10	4	none	21	0
mqr-77d0bff2ffe3291a	rn1q1rk1/ppp1ppbp/1n4p1/8/3PP1b1/4BN1P/PP1N1PP1/R2QKB1R b KQ - 0 9	twic1660-03656	1	17	24	high	8350	high	30	14	both	39	4
mqr-69f66934a280b0a2	8/2K5/4bk2/8/8/3N1p2/7P/8 w - - 0 50	twic1660-07490	2	98	2	low	900	low	6	2	none	16	0
mqr-8c1cd9d61fcff7b4	4b3/pppq2kp/2n2pp1/3p4/3P3P/2PB2Q1/PP1N1PP1/6K1 b - - 1 23	twic1660-08918	2	45	12	middle	4750	middle	22	14	both	30	1
mqr-5254d1bcaa73e57f	5r1k/1p3p2/p3pNnp/2p1P3/5P1q/P2Q3P/P5P1/5RK1 b - - 0 29	twic1660-04935	1	57	14	middle	4950	middle	20	12	both	24	5
mqr-ea5091f71a3a07fd	r3k2r/pp1b1ppp/1q2p3/3pPn2/1b1P4/5N2/PP1BBPPP/R2QK2R w KQkq - 2 12	twic1660-04472	1	22	22	high	7650	high	28	14	both	28	1
mqr-9dcb5cf39a61ac8d	5r2/1N2k3/p3p1p1/3pP3/1P4p1/3b4/P6P/2rR2K1 w - - 0 31	twic1660-04212	1	60	8	low	3250	middle	16	9	none	14	1
mqr-8f6dbad7a07191f5	2rb2k1/5pp1/R3p3/pn2P2p/7P/4BNP1/4PP2/6K1 b - - 7 40	twic1660-04958	1	79	8	low	3500	middle	18	10	none	29	1
mqr-0da7135dab7b0fd3	8/4r2p/p4pb1/P7/2k5/2P2PB1/3K2PP/R7 b - - 0 34	twic1660-00940	2	67	6	low	2600	low	14	8	none	28	0
mqr-11c78d344d7a4667	1rbq1rk1/pp2n2p/2n1pbp1/2pp4/P4P2/2NP2P1/1PP1N1BP/1RBQ1RK1 b - - 0 12	twic1660-00580	2	23	24	high	8350	high	30	14	both	35	1
mqr-dd5d9fb4753fc208	r1bqr1k1/pp3ppp/1bpp1nn1/4p3/3PP3/2PB1N1P/PP3PP1/R1BQRNK1 b - - 3 12	twic1660-01170	2	23	24	high	8550	high	32	16	both	35	4
mqr-085564fce0effb04	3r2k1/5p1p/ppqpr1p1/8/PQ2P3/2PR1P1P/6P1/3R1K2 b - - 1 27	twic1660-00279	2	53	16	middle	5350	middle	20	12	both	35	4
mqr-52a126e2961d1d77	r3kb1r/1bpnpppp/pq3n2/1p6/3PN3/3B1N1P/PPP1QPP1/R1B1K2R w KQkq - 6 10	twic1660-00911	1	18	24	high	8350	high	30	14	both	42	2
mqr-ca919dedd0a93670	r1b2rk1/ppb3p1/1np2nQp/3p4/1P1P3q/P1N1B1N1/4BPPP/R4RK1 b - - 5 18	twic1660-01861	2	35	24	high	8150	high	28	12	both	38	4
mqr-2393a2b4f05d8538	1b1rr1k1/1p1b1pp1/2pp2np/7q/1PPNP3/p4P2/P2Q1BP1/3RRBK1 w - - 5 29	twic1660-08980	2	56	22	high	7550	high	27	13	both	33	2
mqr-88f4661f41eca883	r4r1k/pb1p1p2/q7/1pPQp3/4P1p1/1B2B3/PP3P2/2K5 w - - 0 24	twic1660-03316	2	46	15	middle	5200	middle	20	11	both	30	4
mqr-73adbb1d42800d2f	1r6/5p2/1r3pk1/pp1p3p/2bN2P1/P1P1P2P/1R1K1P2/1R6 w - - 0 26	twic1660-06870	1	50	10	middle	4100	middle	20	12	none	31	3
mqr-16c8b0a24469ba08	2Q1k3/1p1r2p1/p3p3/5pq1/PP6/3B1R1P/2P2KP1/3r4 b - - 9 43	twic1660-08516	1	85	15	middle	4950	middle	18	10	both	4	0
mqr-002518be47dc4e01	rn1q1rk1/pb3ppp/1p2p3/8/3PP3/3B1N2/P2Q1PPP/2R1K2R w K - 2 13	twic1660-03140	1	24	20	high	6750	high	24	12	both	46	0
mqr-4ccaf6d7415ec375	8/7p/8/P1k5/8/3K4/3B2PP/8 w - - 1 51	twic1660-02367	1	100	1	low	750	low	7	4	none	18	0
mqr-d5726552033e929c	2r3k1/pr2ppb1/5np1/1N5p/2PB4/5PP1/P4P1P/2RR2K1 b - - 0 25	twic1660-07255	2	49	12	middle	4700	middle	21	11	none	32	2
mqr-f90388c17e0fe1ce	r3r3/1pqn1p1k/2pp2pp/p1n5/P2NPQ2/1PN1R3/1P3PPP/3R2K1 b - - 6 20	twic1660-02353	1	39	20	high	6950	high	26	14	both	40	4
mqr-1fdf104e354cfbcc	r1b2r2/p3q1k1/2p3p1/2pP1pbp/4P3/1B5Q/PPP3PR/1K1R4 b - - 0 23	twic1660-08023	1	45	19	high	6400	high	23	12	both	42	3
mqr-04e0e02df70376bf	rnbqk2r/ppp1p1bp/6pn/3p2B1/3P4/5NN1/PPP2PPP/R2QKB1R b KQkq - 3 7	twic1660-05424	2	13	24	high	8350	high	30	14	both	32	1
mqr-66caa62812b5464c	r1bqrnk1/pp2bpp1/2p2n1p/3p4/3P1B2/2NBP3/PPQ1NPPP/R4RK1 w - - 6 12	twic1660-07023	1	22	24	high	8350	high	30	14	both	47	2
mqr-d57a9675847f7279	3r2k1/p3R1p1/8/2N3p1/1P3p2/5P2/3r2PP/5K2 b - - 5 40	twic1660-07401	1	79	7	low	2800	middle	14	8	none	29	1
mqr-87328f5fd6a14b5a	r3kb1r/pp3ppp/2n5/q4b2/8/2N2N2/PP1QPPPP/R3KB1R w KQkq - 1 13	twic1660-03789	2	24	22	high	7350	high	25	11	both	40	0
mqr-87022220fc988d6a	r1b2rk1/pp3ppp/2nqpn2/3p4/3P4/P1NBPN2/1P3PPP/R2QK2R b KQ - 0 10	twic1660-04281	2	19	22	high	7650	high	28	14	both	38	3
mqr-b08feb47b42343b4	r1bqkb1r/pp1n1ppp/2n1p3/2ppP3/3P4/2PB4/PP1NNPPP/R1BQK2R b KQkq - 2 7	twic1660-04009	2	13	24	high	8550	high	32	16	both	34	4
mqr-f1ac6fa7fb176591	r1b1k2r/pp1nqppp/2p2n2/2b1P3/2Q5/2N2N2/PPPB2PP/2KR1B1R b kq - 4 11	twic1660-00595	1	21	24	high	8150	high	28	12	both	36	2
mqr-2b80068cc3e513a7	8/4kpp1/1n5p/1p2pP1P/pP2P1P1/3KN3/8/8 w - - 11 50	twic1660-06120	1	98	2	low	1800	low	15	11	none	12	0
mqr-eee7adefb9034c69	r2qr1k1/pp1n1ppp/2pb1p2/3b1P1N/3P2Q1/2PB4/PP4PP/R1B2RK1 b - - 4 14	twic1660-04608	1	27	22	high	7650	high	28	14	both	49	3
mqr-2c4adb8968e9feee	1rq2k2/Q3pp2/p2p2p1/Pp6/4PP2/6P1/1P3K2/R7 w - - 2 28	twic1660-06927	2	54	12	middle	4150	middle	17	11	both	33	3
mqr-17b3375af81150c6	r4k2/p3bp2/2R2p1p/8/P2Nr3/4P3/5PPP/3R1K2 b - - 0 29	twic1660-03623	2	57	10	middle	3800	middle	17	9	none	23	2
mqr-f8d987a3bbf59936	r3r1k1/pbp4p/3p1p2/2p2q2/2P1p3/1PQ3P1/P4PBP/4RRK1 w - - 0 24	twic1660-08591	2	46	18	high	6150	high	23	13	both	33	3
mqr-5c93a999a3f29991	r4rk1/pp1qppbp/5np1/2np4/2PN4/1PN2PP1/PB2P1KP/2RQ1R2 w - - 0 15	twic1660-02493	1	28	22	high	7650	high	28	14	both	36	2
mqr-2c0c3e7f550cefc8	r1bq2nr/pp2kpbp/3pp1p1/1N6/2BpP3/Q1P5/PP1P1PPP/R1B1K2R b KQ - 0 10	twic1660-05920	1	19	22	high	7850	high	30	16	both	29	1
mqr-7d0b999f256a0c75	1k6/1p3pp1/4p1p1/4PPP1/1bB5/1P5P/P1p4K/8 b - - 0 36	twic1660-07216	1	71	2	low	1900	low	16	12	none	22	2
mqr-8235e8950d07c23b	1n4k1/2q5/p6p/Pp2P3/1P1B1PQb/2P5/7P/7K b - - 2 38	twic1660-03327	2	75	11	middle	3900	middle	16	9	both	6	0
mqr-5eb39cf373982078	2kr3r/1ppqn3/p1nb1p2/PP1p1bpp/B2P4/2P2N2/5PPP/RNBQ1RK1 b - - 0 13	twic1660-07872	1	25	24	high	8350	high	30	14	both	39	5
mqr-1b1f2be97e387b89	r1b1k2r/1ppq4/p1np1b1p/5ppP/B2P4/2N1PQ2/PPP1NP2/R3K2R b KQkq - 1 14	twic1660-01388	2	27	22	high	7650	high	28	14	both	35	2
mqr-93e6442489d3c04d	rn2r1k1/p4p1p/1p4pb/2pq4/8/2PP1NP1/P3PPK1/R1BQR3 b - - 0 16	twic1660-01590	2	31	20	high	6750	high	24	12	both	46	5
mqr-1cc119ebbfc68856	5k2/3pr1pp/2n3RP/2rBPp2/1pP2P1R/1P6/1K6/8 b - - 2 44	twic1660-01652	1	87	10	middle	3900	middle	18	10	none	18	6
mqr-b9d7742929016a19	2kr1r2/pp6/2q5/7p/1b1pR1pP/3Q4/P1P2P1P/R1B3K1 w - - 1 27	twic1660-03335	2	52	18	high	5850	high	20	10	both	43	3
mqr-7d36989280809275	r1bqkb1r/pp3p2/2n1p1pp/2pn4/7P/1QN2NP1/PP1PPPB1/R1B1K2R w KQkq - 0 9	twic1660-05594	1	16	24	high	8350	high	30	14	both	39	3
mqr-7eb97f05b8450f9e	6k1/n4pp1/4p2p/p1npP3/P1PN1P2/5N2/2R2KPP/1r6 b - - 1 27	twic1660-00982	2	53	8	low	3700	middle	20	12	none	33	2
mqr-57703717f5f04b66	5nk1/6p1/5p1p/3R4/1p1P4/4P2P/1P1N1PPK/r7 b - - 2 33	twic1660-07176	2	65	6	low	2800	middle	16	10	none	26	0
mqr-4b26a86f8a5fd9f6	5rk1/1p5p/1bn1p3/n2pP3/Pp1PbNP1/1P5B/3N3K/5RB1 b - - 0 31	twic1660-01380	2	61	12	middle	4900	middle	22	10	none	35	5
mqr-09b1e863801e7b4b	r1q2r2/1pp3bk/p2p3p/P2Bpn2/4P1bP/2NP2P1/1PP3QK/R1B2R2 b - - 4 20	twic1660-01905	1	39	22	high	7550	high	27	13	both	32	2
mqr-cc99c66ee0077eb3	r1b1rbk1/1pq2pp1/2p2nnp/p2P4/P2N4/2N1BP1P/BPP2QP1/3RR1K1 b - - 0 17	twic1660-06932	1	33	24	high	8250	high	29	13	both	47	4
mqr-05da2c9861a53993	8/3k1p2/p2p4/3Rbp1p/P1p3r1/2P5/1P4PP/5KB1 b - - 6 46	twic1660-02555	2	91	6	low	2900	middle	17	11	none	29	3
mqr-bc7f30b1b6d5540d	r1bqk2r/1pp2pp1/1pnp1n1p/4p3/2B1P2B/3P4/PPP1NPPP/R2QK2R b KQkq - 1 9	twic1660-01354	2	17	22	high	7850	high	30	16	both	39	2
mqr-38926b70acade5d8	2rr2k1/5pp1/bp6/2p3p1/4p1P1/1P2P2P/PB3P2/2RR2K1 b - - 0 26	twic1660-02843	2	51	10	middle	4100	middle	20	12	none	27	1
mqr-162616b05959fa78	r3k2r/pp1b1pp1/4p3/3pP2p/3n2qb/2N5/PPB2PP1/R1B1RQK1 w kq - 4 17	twic1660-05474	2	32	22	high	7450	high	26	12	both	40	1
mqr-614e183180193c0b	6k1/1p4pp/1pp5/3n1p1b/PP2p3/2P1P1PP/5PB1/3N1K2 w - - 2 33	twic1660-02852	2	64	4	low	2800	middle	20	14	none	13	1
mqr-639257be3539cc1a	1rbq1rk1/4npbp/6p1/1N1np3/Q2p4/N2P2P1/1B2PPBP/RR4K1 b - - 3 18	twic1660-07478	2	35	24	high	7950	high	26	10	both	37	1
mqr-fa905bdb4da33659	1r4k1/ppN2p2/2b4p/4R1p1/7P/2n5/PR3PP1/6K1 b - - 0 26	twic1660-01072	1	51	9	middle	3600	middle	17	9	none	34	3
mqr-ecfd042974db31ba	4k3/2p2p2/p2P3Q/2p4p/4N3/P4q2/1PP3rP/R1B2K2 w - - 1 31	twic1660-03305	1	60	14	middle	4750	middle	18	10	both	2	0
mqr-4f8510aec46e9d63	2r5/8/1k6/1P3R2/4K3/8/8/8 b - - 22 60	twic1660-05176	2	119	4	low	1200	low	5	1	none	18	0
mqr-64a58798caaf38e3	4k3/p1r2pBr/1qn3pp/1B1n4/Q3p3/1P2P2P/P2P1P1P/R3K2R w KQ - 1 17	twic1660-04610	1	32	20	high	6750	high	24	12	both	39	4
mqr-a3d6bf64bd3709a8	8/5p2/4p3/R7/2Pk2p1/1P4P1/P2K1P2/1r6 w - - 3 46	twic1660-06086	1	90	4	low	1900	low	12	8	none	20	0
mqr-7ecfb260c278d4e5	4r1k1/6pp/p5p1/4p2P/2p1P2b/P3R1R1/1PP3B1/1K6 b - - 2 29	twic1660-05980	1	57	8	low	3450	middle	18	11	none	20	2
mqr-f17b5ba7a643bd05	rnb2rk1/ppq1ppbp/3p1np1/2p5/3PPP2/1QPB1N2/PP4PP/RNB2RK1 w - - 7 9	twic1660-05887	1	16	24	high	8550	high	32	16	both	42	3
mqr-81aa8df1cd65d3ee	r3k2r/1pq2pp1/p2pbn1p/8/4P3/1N1Q2P1/PPP2PB1/R4RK1 w kq - 1 16	twic1660-03703	1	30	20	high	6750	high	24	12	both	38	2
mqr-51ca5c4a7f0725bc	8/b1p1kppp/2p5/2P5/1Pb2NP1/2N2K1P/R4P2/6r1 w - - 9 31	twic1660-07559	2	60	8	low	3500	middle	18	10	none	29	1
mqr-5e6c154cb1f375ad	2r5/p2r4/4b1pk/p1p1p2p/2PnB3/2NP2PP/1R3PK1/R7 w - - 2 34	twic1660-03160	2	66	12	middle	4700	middle	21	11	none	44	2
mqr-d56dd5912da1a11e	r1bq1rk1/pp2ppbp/3p1np1/8/2PQP3/2N1B3/PP2BPPP/R3K2R w KQ - 3 10	twic1660-01600	2	18	22	high	7650	high	28	14	both	48	3
mqr-e266925a095d79dd	5q1k/7p/1p1bB1p1/1b1Pp3/pP1pP3/P2N2P1/4Q2P/6K1 b - - 1 33	twic1660-01807	2	65	12	middle	4550	middle	20	12	both	31	2
mqr-8319c77ed3a6c382	r4r1k/5p2/1q1Pb1pP/1N2Q1N1/p3P3/7P/PPB5/1K5R b - - 0 33	twic1660-02899	1	65	18	high	5900	high	20	9	both	2	0
mqr-a8ff271a50e61516	8/2k2pp1/2p1p1bp/4N3/Pn4PP/2KP4/4PPB1/8 b - - 2 47	twic1660-06545	1	93	4	low	2500	low	17	11	none	20	2
mqr-e3832a9f828a03a5	r1b1k2r/p1q2ppp/2pppn2/2b5/2P1P3/2NB4/PP2QPPP/R1B2RK1 b kq - 1 10	twic1660-03558	1	19	22	high	7650	high	28	14	both	38	2
mqr-bb17c5a2a95bafe2	r1bq1rk1/pp1pnpb1/2n3pp/8/1pP1p2P/P1N3P1/3PPPB1/R1BQNRK1 w - - 0 11	twic1660-09046	1	20	24	high	8450	high	31	15	both	31	3
mqr-088b515dd4e83799	r3r1k1/2qbbppp/p1npp3/1p6/2P1PP2/1P1QN1PP/P2B2BK/2R2R2 w - - 1 23	twic1660-00286	2	44	22	high	7650	high	28	14	both	41	2
mqr-4207926bea6eeb16	1rb2rk1/p3ppbp/2p3pn/3qP3/N1p3P1/1P5P/P1PB1P1N/R1Q1R1K1 b - - 4 17	twic1660-09109	2	33	22	high	7650	high	28	14	both	44	7
mqr-aac30c9a8eca31f8	r5k1/pp4pp/2p5/5r2/2P4q/P1N1B2P/1P4P1/R2K1B1R b - - 1 22	twic1660-05298	1	43	15	middle	5225	middle	20	10	one	46	3
mqr-b3df9abe57021414	2r4r/3nkpp1/4pb2/4P2p/5Pn1/5q2/P1P3PP/3RRNBK w - - 0 26	twic1660-03428	2	50	17	high	5925	high	22	10	one	30	3
mqr-1e13012d12bd9051	r1q1r1k1/1pp2pbp/p1np1np1/8/2P1PB2/2N3P1/PPNQ1PKP/R3R3 w - - 0 15	twic1660-02012	1	28	22	high	7650	high	28	14	both	48	2
mqr-d4b55e7c8dee40c3	r1bq1rk1/ppp2pbp/n2p1np1/3Pp3/2P1P3/2N2N1P/PP2BPP1/R1BQK2R b KQ - 0 8	twic1660-04341	2	15	24	high	8550	high	32	16	both	29	3
mqr-befdd499d84ef4b7	8/5pk1/7p/p5p1/6B1/6P1/P4RKP/4r3 b - - 1 48	twic1660-07257	2	95	5	low	2150	low	12	7	none	23	0
mqr-6547dbf0ce728c9e	r2q1rk1/1bp2ppp/p1nbpn2/1p6/3P1B2/5NP1/PPQNPPBP/R4RK1 w - - 6 12	twic1660-02041	1	22	24	high	8350	high	30	14	both	48	3
mqr-b6dbb8ca3933bdad	r5k1/1bp3pp/3p4/1p1Pp2n/pPP1N1PP/P3Br2/5P2/R3K2R b KQ - 0 24	twic1660-02188	1	47	12	middle	5000	middle	24	14	none	33	4
mqr-1ad894b6662c3417	r3kbnr/ppq2p1p/2n1p3/3p1p2/3P4/2PQ1N1P/PP3PP1/RNB1K2R w KQkq - 0 10	twic1660-02704	1	18	22	high	7650	high	28	14	both	40	1
mqr-febb5b0f00baea79	2rq1rk1/p4ppp/2B2b2/1P6/3p1Q2/P1B5/5P1P/R4RK1 b - - 0 23	twic1660-04447	1	45	19	high	6100	high	20	9	both	26	2
mqr-2a0e33756354648f	4kb1r/3b3p/p4p2/4p1p1/2PpP3/q2B2B1/1r3PPP/3RQRK1 w k - 0 25	twic1660-00928	2	48	20	high	6650	high	23	11	both	22	1
mqr-968a985585e7477a	8/7Q/4p3/1Kp2k2/2P2qp1/3P4/8/8 b - - 14 73	twic1660-04595	1	145	8	low	2450	low	9	5	both	3	0
mqr-f0e65da63821588c	6k1/8/2p5/8/8/5P2/N2K2Pr/8 w - - 0 39	twic1660-06587	1	76	3	low	1200	low	7	3	none	12	0
mqr-ff71f8c8b94d557c	2R5/5pk1/6pp/8/1p1bN3/3QrKP1/1P5P/6q1 w - - 4 35	twic1660-06182	1	68	14	middle	4450	middle	15	7	both	3	1
mqr-271cf20878807900	rnbq1rk1/pp3p2/3b1n1p/3P2p1/3p3B/3B1N2/PP3PPP/RN1Q1RK1 w - - 0 12	twic1660-04616	2	22	24	high	8150	high	28	12	both	35	3
mqr-db0ef99c680e6bf0	r1b4r/5k1p/2p1ppp1/p7/1bB5/1R2B3/P1P2PPP/3R2K1 b - - 3 20	twic1660-02283	2	39	12	middle	4700	middle	21	11	none	29	0
mqr-95d848d0fac341e9	r1b2rk1/pp2ppbp/q3n1p1/3R4/2P5/1QN1PNP1/PP4BP/5RK1 b - - 0 16	twic1660-04786	1	31	22	high	7450	high	26	12	both	33	3
mqr-c95263e1434998ac	8/1kP5/p3K3/4BN1p/8/P7/2r5/8 w - - 5 63	twic1660-01434	2	124	4	low	1650	low	9	4	none	30	0
mqr-51740097884732a2	5r1k/pp1n4/6Rp/4pn1Q/5q2/7P/PP6/6RK w - - 4 34	twic1660-06083	1	66	16	middle	5000	middle	16	7	both	37	3
mqr-c3f15455c10ead1f	r1b1kbnr/1pq2pp1/p1npp3/2p3Pp/2P1P3/2NP3P/PP3PB1/R1BQK1NR b KQkq - 0 8	twic1660-07487	2	15	24	high	8550	high	32	16	both	35	0
mqr-cafe525a5b8a9141	1r1q1rk1/3nbppp/4p3/3b2P1/2PNpP2/4B3/1PQ3BP/R4RK1 b - - 2 23	twic1660-01110	1	45	22	high	7250	high	24	10	both	35	3
mqr-ea40fd2c41bb3679	r4rk1/1pp1nppp/1pn5/1B1qpb2/4N3/2P5/PP1PQPPP/R1B2RK1 w - - 1 12	twic1660-03846	2	22	22	high	7650	high	28	14	both	35	1
mqr-9e1dbe14ef2b0a88	2r1r1k1/3pq1bp/b2n2p1/p1nP1p2/2p1P3/NP4P1/PB1NR1BP/1Q1R2K1 w - - 0 23	twic1660-01645	2	44	24	high	8150	high	28	12	both	37	5
mqr-e5aca8dafdb253a7	r1bq1rk1/pp2ppbp/2np1np1/2P5/2P5/2N2NP1/PP2PPBP/R1BQ1RK1 b - - 0 8	twic1660-06513	1	15	24	high	8450	high	31	15	both	37	1
mqr-ae3a70094490a90a	2rr2k1/pp3pp1/1q2b2p/8/3N4/1PP1R3/P4PPP/R2Q2K1 w - - 0 20	twic1660-00315	1	38	18	high	5950	high	21	11	both	41	2
mqr-ef4be537017ff491	r1bq1rk1/p2p1ppp/2p1p3/3nP3/1b6/2N5/PPP1BPPP/R1BQ1RK1 w - - 1 10	twic1660-03334	1	18	22	high	7650	high	28	14	both	34	2
mqr-c0724bdd80e760ac	rq3rk1/p2n1pbp/3p2p1/3P4/1np1PP2/2N1BQ1P/1P3RP1/RB4K1 b - - 4 19	twic1660-08723	2	37	22	high	7450	high	26	12	both	34	2
mqr-b1300566c95daf98	2r2rk1/1b1n1pb1/p2pp1p1/1p4Pp/3PP2P/P1PB1N2/1P1N4/2K2R1R w - - 1 20	twic1660-07701	1	38	14	middle	5700	high	26	14	none	28	1
mqr-df035f65b5c65ad5	r1bq2k1/p1p1r1bp/1pn1ppp1/1N1nP1B1/2pP4/5NP1/PP3PBP/2RQ1RK1 w - - 0 14	twic1660-00219	2	26	24	high	8450	high	31	15	both	38	5
mqr-47b11267ce23f0d9	5k2/4p3/6p1/p2Pbp2/7P/1pq1BK2/2r2N2/3Q3R w - - 0 33	twic1660-08108	1	64	15	middle	4800	middle	16	7	both	23	1
mqr-d40d77484c29b1e1	8/1RP3pk/8/pPr5/n6P/6B1/5PK1/8 w - - 1 49	twic1660-01191	1	96	6	low	2400	low	12	6	none	21	0
mqr-28a7dfd098fdc5aa	6k1/1N4p1/pp5p/8/b1P5/8/1P3P1P/6K1 b - - 1 30	twic1660-01269	2	59	2	low	1500	low	12	8	none	16	0
mqr-3c427c040ca34604	r2q1rk1/ppp1ppbp/2np1np1/5b2/2PP4/2N2NP1/PP2PPBP/R1BQR1K1 b - - 2 8	twic1660-01966	2	15	24	high	8550	high	32	16	both	40	1
mqr-bf991de76921d89f	2r2rk1/3n1ppp/1pp1pn2/3p4/3P1Q2/qP3NP1/P3PPBP/R4RK1 w - - 4 19	twic1660-07649	1	36	20	high	6950	high	26	14	both	36	1
mqr-35242b990e25c0e4	r3brk1/pp4pp/2pbpn1q/3p1p2/2P5/PP1PPNP1/1B3PBP/R2QK2R w KQ - 3 14	twic1660-06171	1	26	22	high	7850	high	30	16	both	36	2
mqr-961bfb0fcb0e57d2	r3k2r/p3b1pp/Ppn5/3npp2/1P2N3/2P2N2/5PPP/R1B2RK1 w kq - 0 20	twic1660-00155	2	38	14	middle	5500	middle	24	12	none	33	1
mqr-0e8c51adf2034a6e	5rk1/pbp3pp/1p1p2r1/3Pp3/2P1NnPq/4QP2/PP3R1P/R4BK1 w - - 9 24	twic1660-07141	1	46	20	high	6950	high	26	14	both	39	3
mqr-c4a19e8bb097d572	r1bq1rk1/pp2npbp/2n1p1p1/2pP4/8/1BNPB3/PPPN1PPP/R2Q1RK1 b - - 0 10	twic1660-07575	1	19	24	high	8450	high	31	15	both	36	4
mqr-5db3e55cf5eac2c5	r2qkb1r/5ppp/npn1p3/p2pP3/P2N4/2P5/1P2QPPP/RNB1K2R b KQkq - 0 11	twic1660-05139	1	21	22	high	7650	high	28	14	both	37	2
mqr-6cd18e71bc3fd43f	r1b2rk1/ppq1ppb1/6pp/3B1n2/4N3/1QP5/PP3PPP/R1B1R1K1 w - - 2 17	twic1660-00915	1	32	22	high	7450	high	26	12	both	41	4
mqr-e661df905a78c9b7	2r1rbk1/1b4pp/p7/1p1p1PPP/4p3/1P2B3/P5B1/R4RK1 w - - 0 27	twic1660-01250	2	52	12	middle	4700	middle	21	11	none	32	1
mqr-4491616b70d5358a	4n3/8/4R3/8/3BPk2/3P4/6r1/5K2 b - - 6 46	twic1660-03599	1	91	6	low	2000	low	8	2	none	22	0
mqr-283956219d82a42f	2r1r1k1/1p3ppp/1q2p3/3pN3/1P1Pn3/8/1PP2PPP/R2Q1RK1 b - - 0 17	twic1660-04934	2	33	18	high	6150	high	23	13	both	39	4
mqr-f342e476ec571d7d	6k1/pp2bpp1/1q3n1p/1N1p1B2/1nr2B2/4PQ1P/PP3PP1/5RK1 w - - 2 20	twic1660-03794	1	38	18	high	6350	high	24	12	both	45	3
mqr-d95fc134de4b52f7	4r3/p2k3p/1pp1P3/5KB1/1P3N2/2P1b2P/P7/8 b - - 0 39	twic1660-07402	1	77	5	low	2500	low	15	9	none	4	1
mqr-8c0d08fcb7581ec9	r2q1rk1/pbp2pb1/1pn1p2p/3pP2P/3PnB2/2PB1N2/PP1NQ1P1/2KR3R w - - 1 14	twic1660-08014	1	26	24	high	8350	high	30	14	both	44	4
mqr-e4df30096a7aa410	7R/2r1kp2/4p3/4P3/3KP3/8/8/8 w - - 37 65	twic1660-08441	1	128	4	low	1500	low	8	4	none	16	0
mqr-841de470e56d5892	2k1r3/pp4p1/2n2pp1/8/6R1/1B5P/PPP2PP1/2K5 b - - 2 25	twic1660-02463	1	49	6	low	2900	middle	17	11	none	28	0
mqr-cfff582c21e1caa1	8/1p6/2bP3P/2Pk1q2/1P5K/8/8/8 b - - 6 50	twic1660-08444	2	99	5	low	1825	low	9	5	one	32	0
mqr-d71f2303fd5e95cc	2r5/3k1pQ1/2pqb1p1/3p4/5p2/PPR1rB2/1KP4R/8 b - - 8 39	twic1660-01193	1	77	18	high	5650	high	18	8	both	33	3
mqr-1698d88d499fce71	r4rk1/pppq1ppp/2n1pn2/8/2PP1Q2/2N5/PP1RBPPP/R5K1 w - - 3 16	twic1660-00209	2	30	20	high	6950	high	26	14	both	46	2
mqr-8196fcb17680aed3	r5k1/q4pbp/1n2p1p1/1Q1P4/8/5PPP/4NBK1/2R5 b - - 0 32	twic1660-00561	2	63	16	middle	5250	middle	18	8	both	39	2
mqr-23e8d4db0b7c7adb	3r1rk1/p4p1p/2p2qp1/8/3p4/P2Q4/1PP2PPP/R3R1K1 w - - 0 19	twic1660-07190	2	36	16	middle	5350	middle	20	12	both	45	2
mqr-d007e32444d89b98	r1bq1rk1/5ppp/p1np3b/1p1Np3/4P2P/2P5/PPN2PP1/R2QKB1R w KQ - 1 14	twic1660-02345	2	26	22	high	7650	high	28	14	both	40	1
mqr-6830d38d3d947fd9	4k3/7p/2P3pQ/8/7P/6P1/q3rP2/2R3K1 w - - 1 38	twic1660-05886	1	74	12	middle	3650	middle	12	6	both	27	2
mqr-556425f7a9c01bd8	rnbqk2r/pp3pp1/5B1p/2pp4/1b1P4/2N1PN2/PP3PPP/R2QKB1R b KQkq - 0 8	twic1660-02758	2	15	23	high	8000	high	29	14	both	34	4
mqr-11933042515fcb64	3r1n2/p4pk1/1pp2ppp/5b2/2PP4/3B2N1/PP3PPP/4Q1K1 b - - 0 23	twic1660-05284	2	45	10	middle	4325	middle	22	14	one	27	2
mqr-3298fac5890962d1	R7/1r5k/7P/8/PpbP4/8/5P1K/8 w - - 3 47	twic1660-01932	1	92	5	low	1950	low	10	5	none	19	0
mqr-37eb9fcba71fbf38	2rr4/3nkp1p/pqn1p2p/3pP3/Pp1P4/5N2/1P1QNPP1/2R2RK1 w - - 0 22	twic1660-04950	1	42	20	high	6850	high	25	13	both	34	3
mqr-d42d48d465de333d	4r2r/1kp2N1p/p1pb2pB/P2n1p2/2R5/2P4P/1P3PP1/R5K1 b - - 7 26	twic1660-08938	1	51	12	middle	4800	middle	22	12	none	38	1
mqr-59ece1603559ebb5	3r2k1/2R4p/1p2p1r1/pP6/3P1p2/P5q1/1B4B1/5KR1 b - - 1 31	twic1660-04693	2	61	14	middle	4675	middle	17	8	one	35	3
mqr-bb9c9e43aa93076a	8/1B2k2p/3p2p1/4pp2/4P3/4P2P/6P1/6K1 w - - 0 50	twic1660-01537	1	98	1	low	1250	low	12	9	none	13	1
mqr-eecc77226259888d	r2qr1k1/1ppn1ppp/p1n5/2p1p3/2N1P3/P2P1N2/1PP2PPP/R2Q1RK1 w - - 3 14	twic1660-05954	2	26	20	high	7150	high	28	16	both	31	2
mqr-36a11d96d690f821	r3nk2/3q1b2/2r2Q1P/5p2/pp1Pp1p1/2P1P1P1/PP2N1K1/2R2R2 w - - 1 40	twic1660-06495	1	78	19	high	6400	high	23	12	both	38	5
mqr-fb0f66455d0787f8	5Q2/7N/p2Pr1p1/bp3pk1/5q2/P6P/6P1/3R2K1 b - - 0 53	twic1660-03805	1	105	14	middle	4550	middle	16	8	both	2	0
mqr-4c60bd42b75cdca4	8/1p6/bPp1k3/3p3P/4pBP1/4P3/1r3K2/3B4 w - - 16 73	twic1660-08820	2	144	5	low	2400	low	14	8	none	5	0
mqr-53b89c7a3e37bf26	2r1r1k1/1b2qpb1/p2p2p1/4n1n1/1PpNP1P1/2N1Q1B1/P3B3/3R1RK1 b - - 6 27	twic1660-01364	2	53	24	high	7850	high	25	9	both	39	3
mqr-9534e0786f71e5a2	2r1r1k1/1bq2pbp/p2p1np1/8/p2BP3/1QN2B1P/1P3PP1/3RR1K1 w - - 0 20	twic1660-07943	2	38	22	high	7350	high	25	11	both	42	5
mqr-e2492bbcfe757b85	r1n2rk1/3nq3/2p4b/p1Pp1ppp/Pp1PpP2/1B2P2P/1PNQN1PB/5RK1 b - f3 0 25	twic1660-07947	2	49	21	high	7650	high	30	16	both	34	4
mqr-79dc5a43e7bfb255	8/8/6k1/2pP2pp/2Pr4/3r2P1/3NK3/3R4 w - - 10 54	twic1660-06215	2	106	7	low	2600	low	12	6	none	17	0
mqr-bf4169e47e157afa	4r1k1/1ppq1pp1/2n1rn1p/p2pp3/1PP5/2BPP1P1/3N1PKP/R2Q1R2 w - - 0 19	twic1660-07989	2	36	20	high	7050	high	27	15	both	41	4
mqr-7c70482c7835bec4	r2r2k1/1pp2pp1/1b3n1p/4pP2/pP2P3/P5PP/6BK/1RB1R3 w - - 1 23	twic1660-03303	1	44	12	middle	4900	middle	23	13	none	22	1
mqr-6da9579520822a2c	q4r1k/6p1/3Q3p/1p2N3/2p1P2P/2Pn2P1/1P1R1P2/6K1 b - - 0 37	twic1660-03542	1	73	14	middle	4750	middle	18	10	both	40	5
mqr-4ace17e854154793	r2qk2r/pp1nbpp1/2p1pnp1/3p2B1/2PP4/2N3P1/PP2PPBP/R2QK2R w KQkq - 4 10	twic1660-02363	1	18	22	high	7850	high	30	16	both	44	4
mqr-349c7645d53e0dd1	rn1q1rk1/ppp1npbp/3p2p1/8/2PP4/2N2b1P/PP2BPP1/R1BQ1RK1 w - - 0 10	twic1660-01610	2	18	23	high	8000	high	29	14	both	32	2
mqr-877658576622b0ae	r1bq1rk1/1pp2pp1/1bnp1n1p/p3p3/PPB1P3/2PP1N2/5PPP/RNBQR1K1 w - - 0 10	twic1660-03417	2	18	24	high	8550	high	32	16	both	39	4
mqr-d30ba304b75a240a	8/6p1/p2k1n1p/3pp3/2p2P2/P1P1K2P/B5P1/8 w - - 0 39	twic1660-05706	2	76	2	low	1800	low	15	11	none	13	2
mqr-f33f0bc3c73c95b3	8/4kppp/1pBpbn2/1P2p3/4P3/r4P1P/rN1R1KP1/3R4 b - - 0 28	twic1660-08795	2	55	12	middle	4700	middle	21	11	none	34	4
mqr-1230b78fa9acc54d	r3k2r/p4ppp/1pp1pn2/3q1b2/3P4/B4PP1/PPP1Q2P/R3KB1R b KQkq - 1 16	twic1660-05132	1	31	20	high	6950	high	26	14	both	41	4
mqr-d647390eb73934eb	5rk1/2pnqr1p/1p1p3B/p1nBp3/2P5/2P3PP/P1Q3K1/4RR2 b - - 3 25	twic1660-06006	1	49	20	high	6650	high	23	11	both	25	0
mqr-eb950a2f256c18fe	1rn2rk1/R5p1/5q2/1PP1ppp1/3p4/1N1P2P1/2Q2PKP/4R3 w - - 1 27	twic1660-09067	2	52	18	high	5950	high	21	11	both	50	3
mqr-129e71dd905f91f1	r3k2r/2p1qp2/4n2p/pp1pP1p1/2pP3P/5NP1/PP1Q1PK1/4RR2 w kq - 0 20	twic1660-08529	2	38	18	high	6350	high	25	15	both	34	4
mqr-1c4943d45273a192	rnbqk2r/ppp1bppp/3p4/8/8/2PB1N2/PPP2PPP/R1BQK2R b KQkq - 2 7	twic1660-07513	2	13	22	high	7650	high	28	14	both	31	0
mqr-b39b98d76d1abfa9	1r6/5kp1/4b2p/p2P1p2/2p2P2/4P1P1/PP1b1KBP/1R3R2 b - - 0 25	twic1660-05684	2	49	9	middle	3900	middle	20	12	none	32	3
mqr-710dd7cf61c6dc82	4r1k1/pp5q/2n1pbp1/6P1/4RPQ1/2P3P1/PP4K1/8 w - - 0 36	twic1660-09029	1	70	14	middle	4750	middle	18	10	both	28	3
mqr-76df84349ec686dc	r2qkb1r/pp3ppp/2p5/3n4/B2n2b1/2NP1N2/PPP2PPP/R1BQK2R w KQkq - 0 10	twic1660-07304	2	18	24	high	8250	high	29	13	both	33	3
mqr-006356a0a9eb8ca0	r3kb1r/pp1n1ppp/2pqpn2/8/3P2P1/2N1BQ1P/PPP2P2/2KR1B1R b kq - 0 10	twic1660-08104	2	19	22	high	7650	high	28	14	both	39	2
mqr-39931aa29c0e8c77	k1r5/1b2qp1R/p3nNp1/6P1/3p1P2/r2P4/1R1QN3/1K6 w - - 0 43	twic1660-02871	2	84	20	high	6250	high	19	7	both	37	3
mqr-d38ce29b5badd0eb	r1b2n1r/pp2k1pp/2n1p3/1q1N2b1/8/2P3P1/PP3PBP/R1BQR1K1 b - - 0 18	twic1660-06451	2	35	23	high	7700	high	26	11	both	6	1
mqr-016398aac507f850	1k6/4bp2/Q3p1pp/N2n3P/3Bq1P1/1K6/PP3P2/8 b - - 8 34	twic1660-08502	2	67	12	middle	4250	middle	17	9	both	36	3
mqr-cae575b3c448b79f	3r2k1/6pp/4Q3/2qP4/1p6/2p4P/6P1/1R5K b - - 1 49	twic1660-03691	2	97	12	middle	3750	middle	13	7	both	2	0
mqr-54bc5619a52321ef	2rq1rk1/pp6/4R1p1/2PP3p/5p1n/B1Q5/P4P1P/R6K b - - 0 25	twic1660-08878	2	49	18	high	5850	high	20	10	both	30	2
mqr-9ffd3f22fd5a24c0	2K3k1/8/1q1bp1p1/1p5p/7P/PP6/8/8 w - - 4 50	twic1660-06718	1	98	5	low	2025	low	11	7	one	3	0
mqr-b4a7879282dfa09f	2rq1rk1/1b3ppp/p2bpn2/1pppN3/2P2P2/1P1PP3/PB1NQ1PP/2R2RK1 b - - 2 14	twic1660-01793	1	27	22	high	7850	high	30	16	both	32	3
mqr-0bf41400b5a7fc46	1k2r3/pp1b1p2/2nP1B1p/2R1p1p1/4P3/8/6PP/5RK1 b - - 3 30	twic1660-06452	1	59	9	middle	3700	middle	18	10	none	25	0
mqr-bcca3d50141dd142	1r3rk1/1b3ppp/p7/2b3q1/P7/3PRNP1/1P1B1P1P/R2Q2K1 b - - 2 24	twic1660-01855	1	47	20	high	6550	high	22	10	both	42	4
mqr-45420f942bd9f0ce	bqr1r1k1/n2npp1p/pp1p2p1/8/P1P1P3/1PNQ2PP/4NPB1/3RR1K1 w - - 9 24	twic1660-00872	1	46	22	high	7650	high	28	14	both	34	1
mqr-5753ebf50d03c31e	r2q1rk1/1b2pp1p/p1np2p1/8/Bp2P3/4BN1P/PbP1QPP1/R3R1K1 w - - 0 17	twic1660-01505	1	32	22	high	7550	high	27	13	both	42	2
mqr-b9d8bc5042b712e6	r2q1rk1/pp2ppb1/2np3p/3Nn1p1/4P3/2P2QB1/PP2BPPP/3RK2R w K - 1 15	twic1660-08192	1	28	22	high	7650	high	28	14	both	41	3
mqr-6b9bff376df1f2c6	rn1q1rk1/1p1bb1pp/p1pP1n2/5p2/1P6/2NP1pP1/P3PPBP/1RBQ1RK1 w - - 0 12	twic1660-02167	1	22	23	high	8100	high	30	15	both	35	3
mqr-4e7e2fd2f49d151a	2r1kr2/pp1n4/3P3p/4pp2/6pP/3QP3/P1P1KPqB/2RR4 w - - 0 21	twic1660-03246	1	40	18	high	6050	high	22	12	both	30	2
mqr-1a2c8cdc0210e59f	r2r2k1/1p2bpp1/2n1pn2/pB1p3p/3P3P/2N1PN2/PP3PPK/3R1R2 w - - 2 17	twic1660-02945	2	32	14	middle	5700	high	26	14	none	36	2
mqr-0b557e7cd222860b	6B1/6p1/1p1k1p1p/5K2/P5PP/1P6/6r1/8 b - - 0 43	twic1660-05430	1	85	3	low	1700	low	12	8	none	19	1
mqr-754cf6c8da0aa9d0	r4rk1/3n2pp/2p1pp2/p3P3/Pp1P3q/3NQ3/1P3P1P/3R1K1R b - - 3 22	twic1660-02144	1	43	18	high	6150	high	23	13	both	36	5
mqr-3d68bf0f1f47672f	Q7/6p1/2b1kp2/2p5/5K2/4r1r1/8/8 b - - 0 50	twic1660-02107	2	99	9	middle	2725	middle	9	3	one	36	1
mqr-cadcd86c5c8d9145	2r3k1/p4pp1/1q2p2p/2r5/1Pb5/P4BP1/2Q2PP1/2RR2K1 b - - 0 27	twic1660-04077	2	53	18	high	5850	high	20	10	both	44	1
mqr-1fc24a579e375dcc	r3k2r/p1p1npp1/qp2p3/3pP1P1/3P1n1p/5N2/PPPQ1PP1/R4RK1 w kq - 0 18	twic1660-09028	2	34	19	high	6800	high	27	16	both	32	2
mqr-60577809e70a22b0	r1b1kb1r/pp3p1p/2n2pp1/q1p5/3P4/2N1P1P1/PP2NP1P/R2QKB1R b KQkq - 0 9	twic1660-08368	2	17	22	high	7650	high	28	14	both	39	4
mqr-e591930220bb23ec	r2r2k1/2p1nqp1/2b1p2p/ppb1P3/P2p2P1/2PQ1P1N/1PB3KP/R1B2R2 w - - 1 22	twic1660-01710	2	42	22	high	7650	high	28	14	both	41	5
mqr-0936829f883f5708	1k1rr3/1p2nppp/p2q4/8/2pN4/2P2P2/PP1Q2PP/R4R1K w - - 2 21	twic1660-01813	1	40	18	high	6050	high	22	12	both	38	0
mqr-25cc18d8934e35da	rnbqk2r/1pp2ppp/pn2p3/4N3/1bpP4/2N3P1/PP1BPPBP/R2QK2R w KQkq - 6 9	twic1660-06570	1	16	24	high	8450	high	31	15	both	47	3
mqr-ae348a5cd11b76b2	r4rk1/pq1n1ppp/3p1n2/1BpP4/6b1/2b5/PPQN1PPP/R1B1R1K1 w - - 0 15	twic1660-08168	1	28	23	high	7800	high	27	12	both	46	4
mqr-c4fd7785ea0e89f9	r3k2r/1p1bbp2/pqnNp1pp/4P3/8/1N4Q1/PPP3PP/2KR1B1R b kq - 1 16	twic1660-05700	2	31	22	high	7450	high	26	12	both	3	1
mqr-66d8e7fbdf78d4f8	r2q2k1/1pp2pbp/8/p2N3r/2Pp2N1/4R3/PPQ2PB1/6K1 w - - 0 26	twic1660-01583	2	50	18	high	6000	high	21	10	both	51	2
mqr-a5113d426a5b43d1	r1r3k1/qb3ppp/p3pn2/2np4/2P5/5NP1/Q2NPPBP/1RR3K1 w - - 0 21	twic1660-04687	1	40	22	high	7350	high	25	11	both	39	3
mqr-b439e8b9eab40186	4kn1Q/4b3/p3pr1P/1ppp4/3P1B2/2P1P3/Pq3P2/R4RK1 w - - 1 27	twic1660-08059	2	52	17	high	5750	high	21	11	both	30	3
mqr-b78fd6692d2255c7	8/2R2Bk1/1p1p2p1/3Pb3/4rn1p/7P/6P1/5R1K b - - 0 59	twic1660-03371	1	117	9	middle	3400	middle	15	7	none	26	3
mqr-8cf43459e68ad257	3r1r1k/1pq2ppb/5b1p/1P2p3/2P2B2/6PP/B3QP2/R3R1K1 w - - 0 28	twic1660-04720	1	54	20	high	6550	high	22	10	both	36	3
mqr-5bfa2d94f381b59e	4r1k1/p5p1/1p5p/5p2/3P1P2/4P3/qP1QK3/2R5 b - - 1 31	twic1660-04578	2	61	12	middle	3950	middle	15	9	both	32	2
mqr-ab167c393e6e4ee8	r4rk1/pppq2bp/2np2p1/5b2/4NR2/3P2P1/PPP3BP/R1BQ2K1 b - - 0 13	twic1660-05889	1	25	22	high	7450	high	26	12	both	44	2
mqr-c85a69d93e843b27	8/2p3KP/8/4R3/8/2pk4/4p3/7r w - - 0 57	twic1660-02775	2	112	4	low	1500	low	8	4	none	23	1
mqr-d013bf53e3b5ccb7	2rq1rk1/4ppbp/1p4p1/pP2P3/6Q1/3P2PP/1Pn2PB1/R1B1R1K1 w - - 1 22	twic1660-07067	2	42	20	high	6850	high	25	13	both	50	3
mqr-131c9ca3d861189b	r1b2rk1/pp1n1ppp/1qn1p3/2bpP3/5P2/2N1BN2/PPPQ2PP/2KR1B1R w - - 2 11	twic1660-00574	2	20	24	high	8350	high	30	14	both	38	3
mqr-a684e51f0584ebb4	1r3r1k/1p1q2pp/p7/P2p1b2/2Bp1Q2/3P4/1PP3PP/R4R1K w - - 0 25	twic1660-00873	2	48	18	high	6050	high	22	12	both	44	5
