position_id	split	fen	howl_move	reference_move	howl_quality	reference_quality	raw_regret	regret	howl_searched_score	howl_nodes
mqr-05537fca079f71d3	train	3r1rk1/1pp1q1pp/pnn1pb2/1N3b2/2PP4/4BN2/PP1QB1PP/3R1R1K w - - 0 17	b5a3	b5c3	0.471	0.611	0.14	0.14	-89	500000
mqr-80b595ef58ae2487	train	r4rk1/1bq1bp1p/p3p1pQ/1ppnP3/4NP2/P2B4/1PP3PP/R1B2R1K w - - 0 17	a3a4	c2c3	0.469	0.5	0.031000000000000028	0.031000000000000028	-8	500000
mqr-2a74ae2e600a2373	train	6k1/5p2/4pbpp/8/P7/1Q3BPP/3p1PK1/2q5 b - - 0 35	c1e1	c1e1	0.9995	0.9995	0.0	0.0	409	500000
mqr-bf5358b9fed28bd6	train	8/pp6/3k1p1p/3p1p2/PP2rPp1/1K4P1/3R3P/8 w - - 1 35	d2c2	d2c2	0.0	0.0	0.0	0.0	-489	500000
mqr-5070745a03633350	train	8/1r6/2R1kb2/8/1p1pK3/8/8/8 b - - 1 64	e6f7	e6f7	1.0	1.0	0.0	0.0	1910	500000
mqr-fdaf95de45e785c0	train	5r1k/p1pq2p1/5r1p/1p1P2p1/1Q3P2/1B5b/P1P4P/4RRBK b - - 1 27	a7a5	a7a5	1.0	1.0	0.0	0.0	109	500000
mqr-16747a6002406c00	train	rnbqk2r/pp2ppbp/3p1np1/8/3P1B2/4PN2/PP2BPPP/RN1QK2R b KQkq - 2 7	d8b6	d8b6	0.5	0.5	0.0	0.0	19	500000
mqr-67837be497e8e854	validation	8/3b2p1/3Kp3/p2p2Np/1p3P1P/1P4k1/P7/8 b - - 1 41	d7c8	d7c8	1.0	1.0	0.0	0.0	608	500000
mqr-fda50774b9667480	train	rn1q1rk1/pp2ppb1/3p1npp/2pP4/2P4B/2NQPN2/PP3PPP/R3K2R b KQ - 0 10	f6d7	g6g5	0.1695	0.484	0.3145	0.3145	20	500000
mqr-74031bd62bde532c	train	r1br2k1/pp2pp1p/2n3p1/8/1q3B2/4PN2/P3BPPP/1Rb2K1R w - - 0 15	b1b4	b1b4	0.0	0.0	0.0	0.0	-880	500000
mqr-0f5b0847589b6a96	train	r5k1/pbqn1r1p/1p2p3/2p1P1p1/2P2p2/2BB1P2/PP2Q1PP/2RR2K1 b - - 4 20	a8e8	d7f8	0.402	0.477	0.07499999999999996	0.07499999999999996	-76	500000
mqr-f01e764352befe6b	train	8/8/5K2/3q4/8/5bk1/8/8 b - - 21 94	d5d6	d5d6	1.0	1.0	0.0	0.0	2000	500000
mqr-af366fbfbfe9afa9	validation	3Q4/5kp1/1p2prp1/p1qp4/P5P1/2P4P/1P6/5RK1 w - - 3 33	g1g2	g1g2	0.405	0.405	0.0	0.0	-139	500000
mqr-7c8282d5bd8c9cb7	validation	4rr1k/pp3p2/2p2n2/4p1R1/P1BpPq2/3P3P/1PP2PQ1/6RK b - - 2 28	f8g8	f8g8	0.0	0.0	0.0	0.0	-408	500000
mqr-7adf9cbcb45f41bb	train	r1bqr1k1/bpp2pp1/p1np1n1p/4p3/P1B1P3/2PP1N1P/1P1N1PP1/R1BQ1RK1 w - - 4 11	f3e1	f1e1	0.3635	0.5015	0.13799999999999996	0.13799999999999996	-67	500000
mqr-1da4b6759983a9b1	train	2rk3r/pN1b1ppp/4pn2/4n3/1P1b4/2N3P1/1B2PPBP/R4RK1 b - - 0 18	d8e7	d8e7	0.0	0.0	0.0	0.0	-313	500000
mqr-9fbfeb3fbadc2aac	train	r1bq1rk1/1p2bppp/p1n1pn2/2p5/P1BP4/2P2N2/1PN2PPP/R1BQR1K1 b - - 0 11	d8b6	d8c7	0.4855	0.5035	0.01799999999999996	0.01799999999999996	-32	500000
mqr-52e709048c9a88af	validation	r1b2rk1/p4ppp/4pn2/2q5/2p5/N5P1/PPQ1PP1P/R1B2RK1 b - - 1 13	c8a6	c8b7	0.5005	0.498	-0.0024999999999999467	0.0	-2	500000
mqr-fb3ae71de054702c	validation	r1b1k2r/1p1q1ppp/p3pn2/2b5/P1BN4/2P5/1P3PPP/R1BQ1RK1 b kq - 0 12	d7c7	d7c7	0.5	0.5	0.0	0.0	60	500000
mqr-de4592e41ae99b67	validation	3rr1k1/Qp2qpb1/2pp2np/7n/P3P1b1/1PN2NP1/1BPR1PB1/4R1K1 b - - 0 22	e7c7	g4f3	0.0245	0.4795	0.45499999999999996	0.45499999999999996	-156	500000
mqr-61c8ec33fe6fc40c	train	4Q3/5pk1/8/2r1p1p1/1p1bP3/6BP/P3qP1K/6R1 b - - 6 33	e2e4	e2e4	1.0	1.0	0.0	0.0	104	500000
mqr-57d91875a4ef70d5	validation	r3rbk1/4npp1/2p3qp/1p2P3/p3Rp2/1QP2N1P/PP1N1PP1/4R1K1 w - - 0 26	b3d1	b3d1	0.5355	0.5355	0.0	0.0	0	500000
mqr-32c64f55049743fd	train	2r2rk1/pbpq2pp/1pn5/3p4/3PpB2/2Q1P3/PP2NPPP/R4RK1 w - - 1 16	a1e1	f2f3	0.491	0.4925	0.0015000000000000013	0.0015000000000000013	-81	500000
mqr-674a1e50c6d14bae	validation	r2r2k1/p3bppp/1p2pn2/1N6/n3P3/2B2P2/PP2N1PP/R2R2K1 b - - 2 17	f6d7	a7a6	0.676	0.5815	-0.09450000000000003	0.0	30	500000
mqr-66b3ac476a3918a5	train	8/8/3k3p/p4p1B/4b2P/P3Kp2/8/8 b - - 1 55	e4c6	d6e5	1.0	1.0	0.0	0.0	638	500000
mqr-b00198c5be87e34f	train	r2qk2r/pp1nbp1p/4b2p/3p3P/3P2P1/2NB1P2/PP6/R2QK1NR b KQkq - 0 13	d8b6	e7g5	0.392	0.5	0.10799999999999998	0.10799999999999998	-42	500000
mqr-4f9f5b91361f4fcd	train	1n3rk1/2p1bppp/4p3/1Pqn4/8/4N1P1/1PQBPPBP/3R2K1 b - - 4 20	c5b5	c5c2	0.0	0.0	0.0	0.0	-291	500000
mqr-fb06c613ff3c6d7e	train	r4r1k/b2q1pp1/2p1bnnN/pp1pp3/4P3/2PP1QNP/PPB2PP1/R1B2RK1 w - - 1 18	h6f5	g3h5	0.898	0.9775	0.07950000000000002	0.07950000000000002	112	500000
mqr-32dcc92c65421940	train	r2qkb1r/pppb2pp/5p2/1B2p3/8/2P5/PPP1QPPP/R1B1K2R w KQkq - 0 11	e1g1	c1e3	0.5	0.707	0.20699999999999996	0.20699999999999996	68	500000
mqr-29b52fcef8493627	train	r7/p4pk1/1q2p1p1/3rp2P/2R1Q3/1P6/P4PP1/5RK1 b - - 0 30	a8d8	b6d6	0.4925	0.5015	0.008999999999999952	0.008999999999999952	-48	500000
mqr-c79cde986026893f	train	r1bq1rk1/pp3pbp/1n2p1p1/8/3P4/1QN3P1/PP3PBP/R1B2RK1 w - - 2 13	c1e3	c1f4	0.506	0.5165	0.010499999999999954	0.010499999999999954	80	500000
mqr-559df26422956070	train	8/2p5/1p1p1k2/p4R2/P1P2PPr/1P5p/7K/8 b - - 8 40	f6g7	f6e6	0.5	0.5	0.0	0.0	-165	500000
mqr-43f3daa7b6b49a45	train	r2qkb1r/pp1b1ppp/2n1pn2/4N3/2pp4/N5P1/PP2PPBP/R1BQ1RK1 w kq - 0 9	a3c4	a3c4	0.5185	0.5185	0.0	0.0	-16	500000
mqr-7ea00b6064de37e5	train	r2qr1k1/1ppbnpb1/p1n3pp/2B1p3/B3P3/2P2N1P/PP1N1PP1/R2QR1K1 b - - 3 13	b7b6	b7b6	0.4805	0.4805	0.0	0.0	-29	500000
mqr-7925de198289d73e	train	5r1k/pp2q1p1/4B1Pp/4Pp2/3b1P2/r5P1/1Q5K/2R2R2 w - - 0 31	c1c7	c1c7	1.0	1.0	0.0	0.0	188	500000
mqr-3e9fe6dec79ab07e	train	8/8/3pN3/2pP4/2n2Pk1/8/7K/8 w - - 2 61	h2g1	h2g2	0.0	0.0	0.0	0.0	-340	500000
mqr-a0af34cef2ac0407	train	3b2k1/1pp1nrpp/p4p2/3p4/3P1BqP/1QP1R3/PP1N1PP1/6K1 w - - 5 21	f4h2	f4h2	0.505	0.505	0.0	0.0	30	500000
mqr-0f65dc74b74ffb2b	train	5RQ1/1k6/2p5/8/p2PK3/4P3/8/6r1 b - - 0 43	g1g8	g1g8	0.0	0.0	0.0	0.0	-1610	500000
mqr-0fb1b24f0819d1f1	train	7B/p3p3/1p1k1p2/3P4/2p3PK/5P2/P7/8 w - - 0 44	g4g5	g4g5	1.0	1.0	0.0	0.0	115	500000
mqr-aa569e36bbbfd7b2	train	3r1rk1/2q2pb1/6pp/1p1P4/1Pp1Q3/2P2N1P/4RPP1/3R2K1 b - - 0 27	g7c3	g7c3	0.504	0.504	0.0	0.0	38	500000
mqr-d18c58fd64abf29d	train	2rr2k1/1q2bppp/1p2pn2/p1P1N3/P1P5/1P4P1/1BQ2P1P/R2R2K1 b - - 0 20	c8c5	e7c5	0.4875	0.5	0.012500000000000011	0.012500000000000011	-71	500000
mqr-d90de3639f13560e	train	5rk1/p3n1b1/b1n3p1/2p2p1p/3P1P1P/q2PB1PN/P1rQN1B1/4R1K1 w - - 0 25	d2c2	d2c2	0.488	0.488	0.0	0.0	-131	500000
mqr-f7d6c07b0fbf677f	train	rq3rk1/1b1n1pbp/ppn3p1/2pNp1B1/P3P3/2PB1N2/1P3PPP/R2QR1K1 w - - 6 17	f3d2	d1d2	0.982	0.9925	0.010500000000000065	0.010500000000000065	133	500000
mqr-9c7539731a48650e	train	2k5/p4ppp/1np5/2B5/6b1/2P2N2/PP3PPP/2Kr4 w - - 0 21	c1d1	c1d1	0.9995	0.9995	0.0	0.0	159	500000
mqr-3be231325a2923b3	validation	r1b2rk1/1p3pp1/p1n2nq1/4p2p/2B1P2P/1N4N1/1P1B1PP1/RQ3RK1 b - - 0 18	f8e8	g6g4	0.0	0.0	0.0	0.0	-262	500000
mqr-280534d8e862722c	validation	r1bqkb1r/pp4pp/2n1pp2/2ppB2n/3P4/2P1PN2/PP1N1PPP/R2QKB1R w KQkq - 0 8	e5g3	e5g3	0.496	0.496	0.0	0.0	-59	500000
mqr-cbab8a95645ba90a	validation	rnbq1rk1/pp2ppbp/2p2np1/8/P1pP4/5NP1/1P2PPBP/RNBQ1RK1 w - - 0 8	b1a3	b1a3	0.5255	0.5255	0.0	0.0	31	500000
mqr-eb99ef58e6843613	train	r1b2rk1/1p1nqppp/2p2n2/p3p3/P3P3/2N1RNP1/1PP2PBP/R2Q2K1 b - - 0 12	b7b6	d7c5	0.508	0.5165	0.008499999999999952	0.008499999999999952	0	500000
mqr-ea09fe918b81070b	train	2r3k1/pp4pp/3bppq1/3n4/bP1B2N1/P3P2P/1Q2BPP1/5RK1 w - - 0 24	f1c1	f1c1	0.502	0.502	0.0	0.0	-114	500000
mqr-7e4b5b36d0a9f603	validation	4r3/1q3pk1/2pb1np1/1p1p3p/p2Pr2P/P1PN1QP1/1PN1RPK1/3R4 w - - 7 30	d1e1	d1e1	0.442	0.442	0.0	0.0	-78	500000
mqr-d20304fdda063652	validation	r1bq1rk1/1ppn2b1/3p4/p1nPp1pp/1PP1Pp2/P1N2P2/3NBBPP/R2Q1RK1 b - - 0 15	c5a6	a5b4	0.0005	0.0025	0.002	0.002	-108	500000
mqr-b011dcb236068ac5	train	rnb2rk1/ppq2pbp/1Np3p1/P1p1p3/4P3/3P1N2/1PP2PPP/R1BQR1K1 b - - 2 12	a7b6	a7b6	0.0	0.0	0.0	0.0	-78	500000
mqr-b1322336a97afcb2	train	1k6/p3n1p1/Kp3p1p/7P/PP2BPP1/8/8/8 w - - 0 52	e4b7	a6b5	0.5	0.5145	0.014499999999999957	0.014499999999999957	183	500000
mqr-061b30fd20eaa8be	train	2rq1rk1/pb3ppp/1p2pnn1/3p4/1bP5/1PN2NP1/PB1QPPBP/R2R2K1 w - - 4 14	d2c2	f3d4	0.4775	0.5	0.02250000000000002	0.02250000000000002	18	500000
mqr-f6cedb38b526c9b0	train	r2qkb1r/pbpn1p1p/1p1p1np1/4p3/3PP3/2PB1N2/PP1N1PPP/R1BQR1K1 b kq - 1 8	f8g7	f8g7	0.4655	0.4655	0.0	0.0	-18	500000
mqr-4452a7932f37c4bf	train	r3k2r/3bppbp/2pp1np1/6B1/1q1NP3/p1N5/P1PQ1PPP/R2R2K1 w kq - 0 15	e4e5	a1b1	0.0	0.004	0.004	0.004	-128	500000
mqr-56b6ffe6cbff1f58	train	2Q5/1p2q1kp/p4pp1/4p3/1p2P1P1/1PPn2N1/5PP1/6K1 w - - 0 37	c3b4	c3b4	0.495	0.495	0.0	0.0	-124	500000
mqr-f2d64c32d19c6c5d	train	3kr3/1Q3ppp/2p5/8/3rP3/3P1PqP/2P1K1P1/1R5R w - - 1 23	b7b6	b7b6	1.0	1.0	0.0	0.0	1227	500000
mqr-57e5706fcd32ee39	train	2r2r2/1b1n2k1/pq3ppn/1p2p2p/1P2P2P/PN1B2N1/2P1QRP1/5R1K b - - 4 29	h6g4	b6d8	1.0	1.0	0.0	0.0	171	500000
mqr-c8279a27274d8979	train	5bk1/R4pp1/p1qp2r1/3bpQB1/7P/8/2P2PP1/4R1K1 b - - 6 33	d5e6	c6c5	0.4265	0.4625	0.03600000000000003	0.03600000000000003	0	500000
mqr-df89efaa3615aa02	train	r2qk2r/1p2bp1p/p2p1p2/4pb2/3nP3/2NQ4/PPP2PPP/1K1R1B1R w kq - 0 14	e4f5	e4f5	0.9935	0.9935	0.0	0.0	41	500000
mqr-bbbca3f155e4fd12	validation	r2qnr1k/6bp/b1npp1p1/1Np5/2B1P3/2N1BP2/PP1Q2PP/R4RK1 w - - 5 16	a2a4	c4e6	0.9995	1.0	0.0004999999999999449	0.0004999999999999449	120	500000
mqr-6b23a3cd769aa6dc	train	K6k/3Q2p1/2P4p/p6P/6P1/4q3/8/8 b - - 27 78	e3e2	e3e5	0.0	0.0	0.0	0.0	-1121	500000
mqr-285d97ab8ae1bd03	train	3q3k/4Nrb1/Rp1p3p/1Pp2rp1/2PpQP2/3P2P1/7P/4R1K1 b - - 3 28	d6d5	d6d5	0.0	0.0	0.0	0.0	-526	500000
mqr-fa0a8581785c7068	train	r3qk2/p3br1p/1p4pP/4R3/5p2/1Q3N2/1PP2PP1/2K1R3 w - - 3 24	f3g5	e5e4	1.0	1.0	0.0	0.0	991	500000
mqr-1321d41fc32b378d	train	8/6pk/4Q3/7p/5q2/5P1P/6P1/1b3B1K w - - 0 58	e6e1	e6e1	0.509	0.509	0.0	0.0	121	500000
mqr-fe461754d6c55bf3	train	r1bq1rk1/ppp2ppp/1n1B4/3p4/3P4/2P1P3/P1QN1PPP/1R2KB1R b K - 0 13	c7d6	c7d6	0.4915	0.4915	0.0	0.0	-12	500000
mqr-8f4ec00a04fc8118	train	rnbq1rk1/pp2ppbp/2pp1np1/3P3P/2P1P1P1/2N5/PP2BP2/R1BQK1NR b KQ - 0 9	d8a5	c6d5	0.0355	0.2665	0.231	0.231	-27	500000
mqr-5f8ec11999874369	train	3rr1k1/5ppp/2p5/p7/3q4/1P2N1P1/2PbRK1P/R6Q w - - 4 23	f2g2	a1e1	0.0	0.0	0.0	0.0	-800	500000
mqr-4ee3014673e45e62	train	8/6p1/8/2R2k2/4b3/4B2r/2p2K2/8 b - - 13 55	f5e6	f5e6	1.0	1.0	0.0	0.0	487	500000
mqr-abab6640be9af455	validation	8/1k6/8/6KP/8/P7/2p3P1/8 w - - 0 53	g2g4	g5g6	0.0	0.0	0.0	0.0	-1037	500000
mqr-0c65b30b6ae3af20	train	r1bqkb1r/pp1npppp/2pp1n2/6B1/3P4/2NB1N2/PPPQ1PPP/R3K2R b KQkq - 1 7	h7h6	e7e6	0.6785	0.606	-0.07250000000000001	0.0	85	500000
mqr-1b1dc1449b28501f	train	8/8/8/5p2/6kp/3R4/6PK/4r3 b - - 3 72	e1e8	e1e6	0.5	0.5	0.0	0.0	166	500000
mqr-753d56b936b601db	train	3rr1k1/1ppq1ppn/p1n1b2B/3pP2N/8/P2B3P/1PP2PP1/R2QR1K1 b - - 0 17	g7g6	g7g6	0.0	0.0	0.0	0.0	-263	500000
mqr-ad031d1b6fc0d473	train	r5k1/3r1p2/ppb1p2p/5p2/P7/2N2P2/1PP2KPP/3RR3 w - - 2 28	d1d7	d1d7	0.502	0.502	0.0	0.0	84	500000
mqr-d62d36430248488e	train	r3kb1r/5ppp/2p1b3/p3p3/N3P3/pn1PB3/1P2NPPP/1R1R2K1 w - - 0 19	b2a3	b2a3	0.489	0.489	0.0	0.0	-14	500000
mqr-193bd8cff0b72200	train	3q1k1r/1b3pp1/pb1pp3/7p/3PP1n1/1BB3NP/P3QPP1/1R4K1 b - - 0 22	g4f6	h5h4	0.0	0.0	0.0	0.0	-43	500000
mqr-903ed344774d9e89	validation	2rr2k1/p5p1/5p1p/1bP1p3/QPq4N/6B1/6PP/R5K1 w - - 6 34	a4a3	a4a7	0.0	0.0	0.0	0.0	-347	500000
mqr-e9c15f001897ffe1	train	3Rrbk1/2q2pp1/2b4p/1p2p3/pP2n3/P1P2N1P/2B1QPP1/4R1K1 b - - 0 29	e8d8	e4g3	0.539	0.523	-0.016000000000000014	0.0	0	500000
mqr-f121b511e37d2026	train	1q4k1/7p/p1p3p1/3pP1b1/3P1Nb1/6P1/P1P2K2/4Q3 w - - 3 30	e1c3	e1c3	0.0	0.0	0.0	0.0	-490	500000
mqr-45d281a04a688dbc	train	2rr4/1p4k1/2n1bppp/p1bNp3/2P1P3/5NP1/PP2BPKP/2RR4 b - - 3 20	h6h5	d8d7	0.4925	0.4915	-0.0010000000000000009	0.0	-14	500000
mqr-c6715d4bb375485b	train	r1r3kn/1p3pp1/7p/p2BB1q1/P1QP1Nbb/1P1R4/2P3P1/5RK1 w - - 6 31	c4b5	c4b5	0.926	0.926	0.0	0.0	165	500000
mqr-a139839363fc6cb5	train	r4rk1/p2bb2p/1qp1ppp1/3p3n/3P3B/4PN2/PPQN1PPP/2R2RK1 w - - 4 15	f3e5	g2g4	0.5295	0.7265	0.19700000000000006	0.19700000000000006	81	500000
mqr-f60ec24ce45b850c	train	b1rr2k1/4bppp/p1nqpn2/2N5/3P4/P2QBN1P/2B2PP1/3RR1K1 b - - 0 19	d6c7	c6a7	0.4985	0.5005	0.0019999999999999463	0.0019999999999999463	0	500000
mqr-1b6bd4a7e7b9f198	train	4N1k1/1p6/6p1/p2p1p1p/2nP1Pn1/6P1/1r4P1/2R1NK2 b - - 1 34	g8f8	g8f7	1.0	1.0	0.0	0.0	963	500000
mqr-4e305f6d29d90609	validation	8/5pk1/2R5/5p1p/5P1P/5KP1/r7/8 b - - 5 39	a2a3	f7f6	0.5	0.493	-0.007000000000000006	0.0	0	500000
mqr-8a21592c7afb3317	validation	r7/1p1kbR2/1q2p2p/r2pP3/1p1P4/3QB3/PP5P/2R3K1 w - - 0 26	e3h6	f7e7	1.0	1.0	0.0	0.0	1010	500000
mqr-d23fe37f251552a0	validation	r2qkb1r/1pp2ppp/p1np1n2/4p3/B1P1P1b1/3P1N2/PP3PPP/RNBQ1RK1 b kq - 0 7	h7h6	f8e7	0.4445	0.476	0.03149999999999997	0.03149999999999997	-37	500000
mqr-9408b8a2eb8d2ce5	train	r3kb1r/pp3ppp/2n1pn2/2pq4/3P2b1/N1P2N1P/PP2BPP1/R1BQK2R b KQkq - 0 8	g4h5	g4h5	0.501	0.501	0.0	0.0	1	500000
mqr-ead45a2f72e6e165	train	r3r1k1/2p2pp1/2p5/3p2Pp/5q1P/pP1B1P2/P1PN4/2K3RR w - - 0 30	g5g6	g5g6	0.0	0.0	0.0	0.0	-1075	500000
mqr-8a1b8e084be32b71	train	r1bq1rk1/1p2nppp/p1np4/4p3/2P1P3/1NNBQ3/PP3PPP/R4RK1 w - - 0 13	c3a4	f1d1	0.51	0.605	0.09499999999999997	0.09499999999999997	9	500000
mqr-d6cd15622f27558e	train	2R3k1/5pb1/4p2p/1p4pP/1p4N1/1P6/P2r1PP1/6K1 b - - 9 39	g8h7	g8h7	0.5	0.5	0.0	0.0	0	500000
mqr-8fadebf4cb064aad	train	8/4b1k1/4p1p1/2p1P3/p1N1KP2/P1R4p/1P2r3/8 w - - 2 43	e4d3	e4d3	0.0	0.0	0.0	0.0	-529	500000
mqr-6a86a311eca67a1b	train	4r1k1/3qrp2/2p3p1/1p4Qp/1n1P2pP/p1P2P2/P2B4/KB4R1 b - - 1 31	g4f3	g4f3	1.0	1.0	0.0	0.0	638	500000
mqr-6247856110891434	train	3k4/1R6/4K3/1p2PP2/8/1r6/8/8 b - - 0 43	b3h3	b3h3	0.0	0.0	0.0	0.0	-1163	500000
mqr-115771715cd2160d	train	8/1N1R4/5kp1/3Pp3/1P4p1/3r1n1r/1B3PK1/5R2 b - - 14 43	f3h4	h3h2	0.5005	0.5005	0.0	0.0	0	500000
mqr-2e2507af9e676529	train	8/p3Q3/6p1/2p2p1q/2n3k1/P1P5/4N1PP/7K b - - 4 38	h5g5	f5f4	0.0	0.0	0.0	0.0	-644	500000
mqr-92e59ddbd5312e52	train	5k2/r5p1/2KPP3/p7/1p3P2/6R1/1P6/8 b - - 0 52	a7a6	g7g5	0.0	0.0	0.0	0.0	-1465	500000
mqr-b464a95821ef3558	train	r2qk2r/ppp2ppp/2nb4/5b2/2BpN3/5N2/PPP1QPPP/R1B1K2R b KQkq - 0 9	e8g8	e8g8	0.0	0.0	0.0	0.0	-246	500000
mqr-49af75de14f0d760	train	r2q1rk1/1b1n1ppp/3p1n2/1p2p3/4P3/2PP2P1/4NPBP/R1BQ1RK1 w - - 0 14	a1a8	a1a8	0.5	0.5	0.0	0.0	54	500000
mqr-1ed03055023d1949	train	b1r2bk1/pq5p/2p3p1/2ppNp2/7P/2PP2B1/PPQ2PP1/4R1K1 b - - 3 28	c8e8	c8e8	0.0	0.0	0.0	0.0	-80	500000
mqr-9ad9dafc5b986c31	train	r2q1rk1/ppp1bppp/2np1n2/4p2b/P1B1P3/2NPBN1P/1PP2PP1/R2Q1RK1 b - - 2 9	d8c8	c6d4	0.47	0.488	0.018000000000000016	0.018000000000000016	-67	500000
mqr-13525a9f2a86b324	train	3q1rk1/1ppb2b1/3p2p1/2nPp1P1/1PP1Pp2/2N5/3N1P2/r2QKBR1 w - - 0 20	d1a1	d1a1	0.6695	0.6695	0.0	0.0	0	500000
mqr-06c920b2fdcbd8f5	train	rn1qk2r/pbpp1p2/1p2p3/6pp/2PP4/P3PPP1/1PQ3P1/R3KBNR b KQkq - 0 11	d8f6	d8f6	0.504	0.504	0.0	0.0	-15	500000
mqr-386bda74e8585f20	train	5k2/p4pp1/1p1q4/2pP1Q1p/5P2/6P1/PP2K2P/8 b - - 2 33	g7g6	d6e7	0.5	0.5	0.0	0.0	0	500000
mqr-3f80fab5c3ce0b20	train	r1b3k1/1p3p1p/2pPr1p1/q3P2n/N7/1Q4PP/PP3PB1/3RR1K1 b - - 0 20	a5a4	a5a4	0.0	0.0	0.0	0.0	-229	500000
mqr-4b4d812d9b3c035a	validation	2r2bk1/5ppp/2q1p3/3p4/3P4/2PQ3P/3B1PP1/R5K1 b - - 2 28	c8b8	h7h6	0.5	0.5	0.0	0.0	0	500000
mqr-4bb6dd2a96019610	validation	3r2k1/p2r2p1/1p3n1p/2b3q1/3N4/5P2/PP2QBPP/R2R2K1 w - - 3 23	e2c4	d4e6	0.498	0.5	0.0020000000000000018	0.0020000000000000018	93	500000
mqr-07415c30f5d07e90	train	r2q2kr/5pp1/p1b1p3/2p1P1bp/2Pp3n/1P1B1P1Q/PN1B2PP/3RR1K1 w - - 3 24	h3g3	d2g5	0.4915	0.506	0.014500000000000013	0.014500000000000013	25	500000
mqr-8628ef0cdd640588	train	r4bk1/1pq2pp1/2pprn1p/p3n3/P2BPP1N/2N4P/1PP1Q1P1/R3R1K1 b - - 0 17	e5d7	e5d7	0.482	0.482	0.0	0.0	-58	500000
mqr-1aac67b1b56ae9e8	train	8/8/8/7k/R7/7p/1r6/7K b - - 2 54	h5g5	b2e2	0.5	0.5	0.0	0.0	0	500000
mqr-8874fd0128cf69df	train	r1bqkb1r/1pp1n1pp/p1n2p2/1B1Pp3/Q7/2P2N2/PP1P1PPP/RNB2RK1 b kq - 0 7	a6b5	a6b5	0.591	0.591	0.0	0.0	84	500000
mqr-33ad89c8daa707dd	train	6k1/R7/4P2p/6p1/P3Kr2/8/8/8 w - - 0 53	e4e5	e4e5	1.0	1.0	0.0	0.0	503	500000
mqr-aec11a0665f01133	train	r4rk1/1b1nqp1p/1p3np1/p1pp4/3P4/PPNBPN2/1Q3PPP/2RR2K1 b - - 1 15	f8c8	a8c8	0.487	0.489	0.0020000000000000018	0.0020000000000000018	-68	500000
mqr-f38ee2dc673e04d3	train	r4rk1/pp2bppp/2q2n2/2pP4/8/1PN1BP1P/1PP1Q1P1/R3K2R b KQ - 0 16	f6d5	f6d5	0.5035	0.5035	0.0	0.0	51	500000
mqr-63e01e4f1e24fdf6	train	r1bq1rk1/1p3p2/p2bp1B1/7Q/3P4/2P5/P4PPP/R1B3K1 b - - 0 18	d6h2	f7g6	0.5	0.5	0.0	0.0	0	500000
mqr-29c765e9fd74d869	train	2r2rk1/pb3ppp/1p1Rp3/q1n1P3/2p1NP2/P1N1Q3/1PP3PP/2KR4 w - - 6 20	e4c5	e4g3	0.801	1.0	0.19899999999999995	0.19899999999999995	48	500000
mqr-9019c84d9332e65b	validation	1r3r1k/2q2p1p/p2p2p1/1p1Bnb1N/5Q2/PP6/5PPP/R3R1K1 w - - 8 29	d5e4	d5e4	0.6295	0.6295	0.0	0.0	0	500000
mqr-dec22651e9a11180	train	8/1N4pp/1Pp2n2/4k3/8/8/6PP/6K1 w - - 1 35	b7c5	b7c5	0.501	0.501	0.0	0.0	0	500000
mqr-48c51c95d5d00546	train	6rr/3nbk1p/pq2pp2/3bn3/1p1N1N1P/1P2QP2/P1P1B2B/1K1R2R1 b - - 6 26	g8g1	g8g1	0.0	0.0	0.0	0.0	-273	500000
mqr-0bde0ead3aab36d9	train	8/3k4/2n4p/3p2pP/4r1P1/6K1/pp6/8 w - - 4 63	g3g2	g3g2	0.0	0.0	0.0	0.0	-2000	500000
mqr-a14447381008e5a9	train	3r1rk1/p3q1pp/2pp2n1/2p2p2/2P1P3/1P2BP1P/P3Q1P1/3R1RK1 w - - 0 20	e2c2	e4f5	0.5015	0.6095	0.1080000000000001	0.1080000000000001	0	500000
mqr-3c767889680815c1	train	r1b1r1k1/1pqnppbp/2pp1np1/p7/2PP4/1PN1PN2/PBQ1BPPP/R4RK1 w - - 2 11	a1d1	h2h3	0.5845	0.575	-0.009500000000000064	0.0	26	500000
mqr-4bc96751daf4afb6	train	rnbq1rk1/pp1pn1pp/1b2p3/8/4p2P/1N1B2Q1/PPP2PP1/RNB1K2R w KQ - 0 10	f2f4	d3e4	0.0	0.0	0.0	0.0	-477	500000
mqr-9bc233b9be7cda9c	train	8/2r4k/6pp/4p3/4P3/2P5/rP2N1P1/1R4K1 b - - 1 37	c7b7	c7b7	1.0	1.0	0.0	0.0	303	500000
mqr-ebcddff4e93883b9	train	8/R4pk1/6p1/2p4p/7P/Pr4P1/6K1/8 b - - 0 35	c5c4	g7f6	0.5	0.503	0.0030000000000000027	0.0030000000000000027	158	500000
mqr-b8b0436232927444	train	1n1qkb1r/rp2pppp/p1p2n2/5b2/P1QP1B2/2N2N2/1P2PPPP/R3KB1R b KQk - 0 8	b8d7	e7e6	0.4435	0.4235	-0.020000000000000018	0.0	-18	500000
mqr-794329de1ae9af34	train	7k/2p4p/1p1p1rp1/2nB4/PpP4P/1P2R1P1/5P2/6K1 w - - 0 30	e3e8	e3e8	1.0	1.0	0.0	0.0	0	500000
mqr-92e5b81d26ec86a1	train	r1bq2k1/ppp1br1p/3p1npB/3P2N1/2P1B3/8/PPQ2PPP/R3K2R b KQ - 0 14	f6e4	f6e4	0.0	0.0	0.0	0.0	-131	500000
mqr-de060b8f0605596b	train	2k4r/1ppn1pp1/pr2b2p/3p3P/2qP2P1/2NN1P2/PPP5/2K1RRQ1 w - - 5 23	f3f4	f3f4	1.0	1.0	0.0	0.0	380	500000
mqr-96f212e8d8816f15	train	r2q1rk1/pb3ppp/1pn1pn2/4N3/2PP4/3BB3/P4PPP/R2Q1RK1 w - - 5 14	e5c6	e5c6	0.8635	0.8635	0.0	0.0	91	500000
mqr-6f569b1f267bf260	train	r5k1/3q1p1p/np2pPp1/p1bpP3/R7/8/1P2QNPP/2B2R1K b - - 0 21	d7a4	d7a4	1.0	1.0	0.0	0.0	302	500000
mqr-169fb40886311bcd	validation	r5k1/1b4p1/2q1p1p1/1p3p2/4P3/P1PQ3P/6P1/2B1R2K w - - 0 28	d3g3	d3g3	0.5	0.5	0.0	0.0	-162	500000
mqr-d29bb1e5cbe476fa	train	4r1k1/R6p/2b1pBp1/4p3/5p2/8/PP3PPP/6K1 w - - 2 30	a7c7	a7g7	1.0	1.0	0.0	0.0	259	500000
mqr-5cd0b66de968db4b	validation	8/5p1p/5p2/1p1kpP2/p2p3P/P2K1PP1/1P1R4/6r1 w - - 3 37	g3g4	g3g4	0.0	0.0	0.0	0.0	-652	500000
mqr-0c78f6d6128151b5	train	rn1qk2r/ppp1ppbp/3p1np1/3P4/2P3b1/2N2NP1/PP2PPBP/R1BQ1RK1 b kq - 2 8	d8c8	d8c8	0.3635	0.3635	0.0	0.0	-71	500000
mqr-b1c3df48cf9f4fcf	train	5Q2/3N3k/p3P2p/1p6/6P1/P7/KPb4P/4q3 w - - 5 41	d7f6	d7f6	1.0	1.0	0.0	0.0	520	500000
mqr-c14d6e8b11fa284a	train	2r2rk1/1b2ppbp/pq1p1np1/1p2n3/4P3/PNN1BP2/1PPQ2PP/R3RBK1 b - - 2 15	b6c7	b6c7	0.5155	0.5155	0.0	0.0	0	500000
mqr-23e751e9b965eefe	train	rq2r1k1/1p1bppbp/2np1np1/pN6/2P1P3/PPB1QN1P/4BPP1/2RR2K1 b - - 6 19	c6e5	d7e6	0.002	0.0015	-0.0005	0.0	-118	500000
mqr-f03fe995685bf18d	train	8/8/1R2n1p1/4k3/5PP1/2r5/5K2/8 b - - 0 43	e6f4	e6f4	1.0	1.0	0.0	0.0	701	500000
mqr-0eb75c8f2eaad9f2	train	r3k2r/pp3ppp/1qn2n2/3p4/3BP3/2N2P2/PP4PP/R2Q1RK1 b kq - 0 14	c6d4	c6d4	1.0	1.0	0.0	0.0	262	500000
mqr-29ae9feb6b9255f2	train	2bq1r1k/1p3rnp/2p3p1/p1npP3/P2N3P/1PPR1B2/4N1PQ/4R2K w - - 5 31	d3e3	d3e3	0.185	0.185	0.0	0.0	-12	500000
mqr-8e293640460a4062	validation	1k6/3p4/1p2p3/1Pb5/r5P1/7p/7P/4R2K w - - 0 38	g4g5	g4g5	0.0	0.0	0.0	0.0	-1135	500000
mqr-88549acd2d4c586f	train	1r3rk1/1nq1bpp1/p2p1n1p/2pPp3/P1P5/3P1N1P/B2B1PP1/1R1QR1K1 b - - 2 21	e7d8	f8c8	0.063	0.2435	0.1805	0.1805	-83	500000
mqr-cfd0895d8beba5cf	train	1r1q1rk1/p2n1ppp/1p2p3/8/2Pp4/1P4P1/P2Q1PBP/R3K2R w KQ - 0 17	d2d4	d2d4	0.503	0.503	0.0	0.0	-22	500000
mqr-c00a0e255aa44cd4	train	8/p5Q1/8/5p2/1PP1nk2/3p2b1/P2P2K1/8 w - - 3 38	g7a7	c4c5	1.0	1.0	0.0	0.0	1119	500000
mqr-3944164f413a0b3f	train	1r3bk1/2q2pp1/1p3r1p/p1n1Nb2/5P1P/PP2R1P1/1Q4BK/3R2B1 b - - 0 29	b8c8	f6d6	0.452	0.5	0.04799999999999999	0.04799999999999999	-63	500000
mqr-96cad54b003068f3	train	2r1rbk1/1bqnpp1p/pp1p2p1/8/P2BP3/1NN2P2/1PP2QPP/3R1R1K w - - 18 23	f1e1	f3f4	0.481	0.498	0.017000000000000015	0.017000000000000015	-63	500000
mqr-96a698b83f6d6106	train	8/N6p/5p1P/6P1/8/2pB1K2/2P5/2k5 b - - 0 68	f6f5	f6g5	0.0	0.0	0.0	0.0	-2000	500000
mqr-89acba092cb439b4	train	2q2rk1/p3bpp1/4p2p/1p2Q2P/6N1/P7/1PP2PP1/1KR5 w - - 2 30	e5b5	e5b5	0.5325	0.5325	0.0	0.0	0	500000
mqr-adb73de6b650d7d6	train	3r4/4bpk1/4p1p1/4P1N1/1p1p1P1p/2rQ4/q1P2RPP/5R1K w - - 4 40	d3d1	d3d1	0.0	0.0	0.0	0.0	-194	500000
mqr-ec47177256dad062	train	6k1/p5b1/1p4pp/2r2p2/2P2P1P/1K1pn1P1/PP6/2R5 w - - 0 30	c1c3	c1e1	0.0	0.0	0.0	0.0	-2000	500000
mqr-356f60f0d53de8e4	train	r2r2k1/1b3pp1/5n1p/p1p1pP2/1p1qP1P1/1P5P/1PP1Q1BK/R1B3R1 w - - 4 23	g1e1	g4g5	0.5	0.999	0.499	0.499	0	500000
mqr-4b26275593b90802	train	8/1R4pp/k1P1n3/1p6/8/2P3P1/1P2K1BP/1r6 w - - 3 31	g2d5	g2d5	1.0	1.0	0.0	0.0	881	500000
mqr-3feedcef04cc80a2	train	8/5k2/7R/8/5K1P/5N2/5r2/8 b - - 2 48	f2f1	f7e7	0.0	0.0	0.0	0.0	-961	500000
mqr-03e63af0f357751c	train	4q3/3n1k2/1p1p2p1/p1pPnpBp/P1P4P/1P3PP1/1Q2BK2/8 b - - 36 56	d7f8	d7f8	0.483	0.483	0.0	0.0	-163	500000
mqr-e114f178993bb0db	train	r4rk1/1p2nppp/p1n5/3pPb2/5P2/PNP5/4B1PP/R1B1K2R b KQ - 3 16	f7f6	f5c2	0.4965	0.4985	0.0020000000000000018	0.0020000000000000018	-9	500000
mqr-e1a885f5dfc36ae8	train	r1b2rk1/p1q2ppp/1pn1pn2/2p5/3P4/P1P1P3/B3NPPP/R1BQ1RK1 w - - 2 12	c3c4	c1b2	0.5025	0.5015	-0.0010000000000000009	0.0	8	500000
mqr-ea7d55da8633db8c	train	5n1r/1pn1k1pp/rNp1bp2/p1P1p3/1P2P3/PB1NKP2/6PP/RR6 w - - 7 24	b3c4	b3c4	0.5225	0.5225	0.0	0.0	20	500000
mqr-d5d8b656ae70e474	train	2rr2k1/2qnbppp/p1bpp3/1p4P1/2n1PP2/PNN4P/1PP1Q1B1/2BRR1K1 b - - 0 19	c6a8	c6b7	0.51	0.5305	0.020499999999999963	0.020499999999999963	-42	500000
mqr-90d3f405e7a0da47	train	r1bqkb1r/pp3ppp/4p3/3n4/2Bp4/8/PPPPNPPP/R1BQK2R w KQkq - 0 9	e2d4	e2d4	0.535	0.535	0.0	0.0	58	500000
mqr-5ea616da73fb35ce	train	8/6pk/p5qp/3p1p1n/2bBpP2/2P3PP/P2QP1BK/8 w - - 4 29	d4f2	d4f2	0.4915	0.4915	0.0	0.0	0	500000
mqr-bb4aa0affa2005ff	train	r5k1/1b1nbpp1/3p1n1p/2pPp3/1pP1P3/1P2NN2/qBB2PPP/2Q1R1K1 w - - 0 22	g2g4	g2g3	0.4845	0.506	0.02150000000000002	0.02150000000000002	0	500000
mqr-8425572c6791c6b3	validation	1rbqkb1r/p4ppp/2n1p3/1pn1P3/1PQ5/2Pp1N2/3P1PPP/RNBBR1K1 w k - 0 15	c4f4	c4f4	0.996	0.996	0.0	0.0	183	500000
mqr-379a0267eb7bd7ed	train	8/2k5/8/1p6/nK6/2PNR3/PP1r4/8 b - - 10 53	a4b2	a4b2	0.4975	0.4975	0.0	0.0	-210	500000
mqr-1a1b5ba293d90667	train	8/p1p3k1/5q1p/2p1p3/4Qpp1/P7/1P5P/K2R4 b - - 1 38	f6e6	f6e6	0.0	0.0	0.0	0.0	-489	500000
mqr-710ab36f82bcd597	train	8/1p6/1Rb5/8/p3r3/P1B3K1/1Pk5/8 w - - 14 69	g3f2	b6b4	0.5	0.5	0.0	0.0	0	500000
mqr-1b7cded956e63565	train	r3r1k1/5pp1/pq5p/1b1P4/B1p5/2P1p3/R2Q1PPP/R5K1 w - - 0 25	f2e3	f2e3	0.0	0.0	0.0	0.0	-243	500000
mqr-9aacbe575be2eddb	validation	6k1/1b1n1ppp/8/1p2p3/pP2P3/2K2PP1/P5BP/8 w - - 0 36	f3f4	g2f1	0.0	0.0	0.0	0.0	-519	500000
mqr-40891851a84f1ea7	validation	r1b2rk1/pp1p1p1p/4p3/q1n2p2/2P5/2bBP3/PPQ1NPPP/R4RK1 w - - 0 12	e2c3	e2c3	0.9815	0.9815	0.0	0.0	73	500000
mqr-7db1f0a965c1f538	train	5r2/7k/2P4p/p7/Pp1p4/6B1/2P1p2P/5RK1 b - - 0 44	e2f1q	e2f1q	1.0	1.0	0.0	0.0	2000	500000
mqr-07e93a1faae47533	validation	r7/4kp2/p1p4p/1p4p1/4P3/1PP2P2/1P3K1P/3R4 b - - 1 24	a6a5	a6a5	0.5	0.5	0.0	0.0	0	500000
mqr-bba30c0f62e5b30e	train	2r2rk1/pb2q2p/1p2p3/4PppP/3Np3/2P1Q3/PP3PP1/2KR3R w - - 0 21	h1e1	h5h6	0.382	0.4995	0.1175	0.1175	-44	500000
mqr-850ce973c3ed76c1	train	r3kb1r/p1pq1ppp/5n2/3p4/8/8/PPPN1PPP/R1BQK2R w KQkq - 0 10	e1g1	e1g1	0.502	0.502	0.0	0.0	15	500000
mqr-7450d60254117ea5	train	8/1R6/8/4r2p/3K3P/5k2/8/8 b - - 1 60	e5e4	e5e4	0.5	0.5	0.0	0.0	271	500000
mqr-ab5f1542c6132f5f	train	rnb2rk1/5ppp/pP2pn2/3p4/3N4/2N5/PP2PPPP/R3KB1R w KQ - 1 12	c3a4	c3a4	0.873	0.873	0.0	0.0	97	500000
mqr-2331946b21f94adb	train	3rk1nr/ppp2ppp/2n1b3/8/4p3/P1N5/1PP2PPP/R1B1KB1R w KQk - 0 10	c1g5	c1f4	0.4995	0.5005	0.0009999999999999454	0.0009999999999999454	-65	500000
mqr-94af313836eced2f	train	r4k2/5p1p/pbNP2pq/1p1RPp2/2p2P2/P4Q1P/1P4P1/5K2 b - - 2 36	h6h4	h6h4	0.0	0.0	0.0	0.0	-318	500000
mqr-a89478f14371ff1f	validation	8/5ppk/3b1P1p/8/2p3P1/P1Q3P1/1P4q1/K3R3 b - - 0 44	g2g3	g7f6	0.0	0.0	0.0	0.0	-501	500000
mqr-d939f01cacff6b1c	train	4rr2/1pbb2k1/3p3p/p1pPp2p/P1P1N2P/R5P1/1P3PK1/2B1R3 b - - 1 32	d7c8	b7b6	0.48	0.488	0.008000000000000007	0.008000000000000007	-55	500000
mqr-8318f51593ffde87	train	6k1/1prqppbp/p5p1/Pn1p4/1B1P3P/4PQP1/1P3P2/R4BK1 b - - 1 22	d7c6	h7h5	0.4695	0.494	0.024500000000000022	0.024500000000000022	-73	500000
mqr-c3ff9bcd72b05bb5	train	8/1Q4pk/8/7P/3p3P/2p5/1K6/4q3 w - - 0 50	b2a2	b2a2	0.0	0.0	0.0	0.0	-1144	500000
mqr-509798c2e4a01b51	train	8/5p2/4p1p1/1pr1P3/p1p2Pk1/P1r1KRP1/8/7R w - - 1 47	e3d4	e3d4	0.0	0.0	0.0	0.0	-924	500000
mqr-f7f27c33e751d3ce	train	5k2/2P4p/1K3P2/3bN1P1/8/8/8/8 b - - 0 66	d5e6	d5e6	0.0	0.0	0.0	0.0	-2000	500000
mqr-57d97c07303d51cc	train	r5k1/1b3rbp/1n2B1p1/1pq5/p4B2/P1P3QP/1P3PP1/R3R1K1 b - - 0 23	b6c4	b7d5	0.0	0.5	0.5	0.5	96	500000
mqr-90a46283f7f35067	train	8/1p3k1p/p1pr1p2/P2p4/1P1B2PP/2P2PK1/2b5/3R4 w - - 5 36	d1d2	d1d2	0.528	0.528	0.0	0.0	133	500000
mqr-3ff7fc6d1b8306cc	train	3q1rk1/rp2bpp1/p1p2n1p/P2p1b2/3P1B2/1Q2PN1P/1P2BPP1/R4RK1 w - - 6 16	f4g3	f3e5	0.5005	0.5095	0.009000000000000008	0.009000000000000008	53	500000
mqr-fc443e47bc5b5059	train	r4k2/pp3ppp/8/8/3r4/2N5/PPK1R1PP/8 b - - 1 25	d4d6	a8b8	1.0	1.0	0.0	0.0	509	500000
mqr-cbdde4296d531756	validation	8/5pk1/p1qB1bp1/1pP2b2/7p/1BP1QP1P/PP4P1/6K1 w - - 0 32	d6e5	d6e5	1.0	1.0	0.0	0.0	468	500000
mqr-c4efdb13dcb14d82	train	2b3k1/bn4p1/2p5/r3p3/P3N3/3P4/2P1BpP1/R1B2K2 b - - 3 25	a7d4	b7c5	0.179	0.443	0.264	0.264	-137	500000
mqr-5093b6a81cfa599e	train	1RK5/5R2/4NPk1/3n3p/3P3r/8/P7/8 w - - 1 50	f7g7	f7g7	1.0	1.0	0.0	0.0	1707	500000
mqr-8d61f35cd5560d61	train	r3r1k1/p4q1p/1p3p2/n1pP2p1/2P3Q1/P3P3/BB4PP/5RK1 b - - 0 27	f7e7	f7e7	0.113	0.113	0.0	0.0	0	500000
mqr-387faa9f53e97a40	train	r1bq1rk1/ppp2ppp/2nbp3/6N1/2PPp3/6P1/PP2PPBP/R1BQ1RK1 b - - 1 9	d6e7	f7f5	0.459	0.4975	0.03849999999999998	0.03849999999999998	-29	500000
mqr-71749f6dcbcbd592	train	8/2R3pp/p3rk2/5p2/8/2pK2P1/2P4P/8 w - - 1 33	c7c8	c7c3	0.0	0.1905	0.1905	0.1905	-73	500000
mqr-0843bd3b00e6a6be	train	1r1q1rk1/5pp1/2n5/p1pppPb1/1p6/2P2Q1P/PP1B1RB1/R5K1 w - - 0 25	d2g5	d2g5	0.449	0.449	0.0	0.0	-131	500000
mqr-b0adeadaa8d6536c	train	r1bqr1k1/2pn1ppp/1p3n2/p2p4/3P4/2QBPP2/PP2N1PP/R1B2RK1 w - - 0 12	h2h4	c1d2	0.5135	0.5755	0.062000000000000055	0.062000000000000055	22	500000
mqr-3bbbf1c3638fa6dc	train	r1r3k1/1q1nbppp/pp1pbn2/4p3/P3P3/1PN1BB2/N1P2PPP/R2QR1K1 w - - 1 20	e3d2	e3d2	0.506	0.506	0.0	0.0	1	500000
mqr-139331fccaa3b1d3	train	8/4k3/b2p3p/3Pp3/4P1P1/4NK2/8/8 b - - 2 65	a6c8	a6c8	0.4935	0.4935	0.0	0.0	-215	500000
mqr-adbdcc3fcdd02518	validation	3r3k/4R1p1/p3n1q1/2P1P2p/P6P/5Q2/6PK/8 b - - 2 41	d8d4	d8d4	1.0	1.0	0.0	0.0	571	500000
mqr-9c842bca72cf9cd0	validation	5rn1/1pq2r1k/p5pp/n1b5/P1p1P3/2P4P/BP1Q1P2/R1B2RKN b - - 2 25	f7f3	f7f3	1.0	1.0	0.0	0.0	650	500000
mqr-85a2b1ea388f5d29	train	r1b2rk1/ppp2pbp/2n3p1/3q4/3Pp3/6P1/PP1NPPBP/R1BQ1RK1 w - - 0 11	e2e3	d2e4	0.499	0.4995	0.0005000000000000004	0.0005000000000000004	34	500000
mqr-d176daa2f298095e	train	2rr2k1/p1q2p1p/3pp1p1/6n1/3B2B1/1P6/PQ3PPP/3R2K1 b - - 5 26	g5e4	g5e4	1.0	1.0	0.0	0.0	314	500000
mqr-9e537c839f005bca	train	3r4/pQpk2pp/5p2/8/4PBb1/8/q1P3PP/1R4K1 w - - 3 25	h2h3	h2h3	1.0	1.0	0.0	0.0	216	500000
mqr-5975609d154a4faf	train	8/3k1p2/p7/1p3N2/6Pp/1KP2PbP/PP6/8 w - - 2 48	a2a4	b3c2	1.0	1.0	0.0	0.0	495	500000
mqr-758cd21b8f44d29e	validation	r4rk1/pbq1npp1/Bp2p2p/2pp4/3Pn3/P1P1PN2/1P1NQPPP/R2R2K1 b - - 3 14	e4f6	e4d2	0.5005	0.511	0.010500000000000065	0.010500000000000065	12	500000
mqr-e2541112331376ab	train	r3kbnr/pp2pp1p/1qn5/3p1p2/3P1B2/1QP4P/PP2NPP1/RN2K2R b KQkq - 1 10	e7e6	e7e6	0.471	0.471	0.0	0.0	0	500000
mqr-8e91f973674c8dfb	train	3r2k1/1p2B3/pN5p/P2P1p2/2Pbp2R/2Nn3P/1P2K1n1/R7 b - - 1 32	g2h4	g2h4	0.0	0.0	0.0	0.0	-540	500000
mqr-3b2ef8e196b78289	train	r2q1rk1/pb2p1bp/1p1p2p1/2pPp2n/2P1PP2/3B2B1/PP1QN1PP/R4RK1 w - - 1 16	f4e5	f4f5	0.439	0.6575	0.21849999999999997	0.21849999999999997	-21	500000
mqr-93254b6b9c49d5e9	train	r2qkb1r/pp3pp1/2p1pnN1/7p/3P2PP/2P2P2/PP6/R1BQKB1R b KQkq - 0 12	f7g6	f7g6	0.011	0.011	0.0	0.0	-140	500000
mqr-26d7ad5fff8fbd86	train	8/4k3/p3p3/2Pb1p1p/3N1PpP/2B1K1P1/8/8 b - - 0 44	e7d7	e7d7	0.0	0.0	0.0	0.0	-520	500000
mqr-5d1885f8f6d72266	train	3R4/pkP5/1p2b3/2r2pp1/P7/5PB1/1PP5/1K6 b - - 1 33	f5f4	f5f4	0.5	0.5	0.0	0.0	128	500000
mqr-cd96218aea50e392	train	r1b1rbk1/1p3pnp/2pp2p1/2n5/1qP1PPP1/pPN4P/P1QRNBB1/3R2K1 b - - 0 24	f7f5	b4a5	0.0	0.0005	0.0005	0.0005	-93	500000
mqr-08bba8d95af95942	train	rn1q1rk1/p1p2ppp/bp2pn2/3p4/2PP4/P1B1P3/1P1N1PPP/R2QKB1R b KQ - 2 9	d5c4	d5c4	0.497	0.497	0.0	0.0	0	500000
mqr-3d51eb8148e97433	train	r5kr/p2q1pp1/4p2p/n1BpP3/P1nP1Q2/5N2/5PPP/R4RK1 w - - 0 22	f1b1	f1b1	0.5015	0.5015	0.0	0.0	58	500000
mqr-18a87618551cdd88	validation	r1b1k2r/pp2qpbp/2p2np1/2p1p3/4P3/P2P1N2/1PP2PPP/RNBQR1K1 w kq - 1 9	a3a4	b2b4	0.502	0.5095	0.007499999999999951	0.007499999999999951	12	500000
mqr-d1002e05525eb7fd	train	1r3r1k/1b4pp/1bpPp3/5p2/3Pp3/4P3/1P1BB1PP/R4RK1 b - - 0 21	c6c5	c6c5	0.474	0.474	0.0	0.0	119	500000
mqr-b1aa4917973d3561	validation	1r2k1Q1/pp2bp2/2b1p1p1/7r/8/8/PP3PPP/2R1R1K1 b - - 2 21	e7f8	e7f8	0.0	0.0	0.0	0.0	-746	500000
mqr-e26a67f86714ae5e	train	r1b2rk1/ppq2ppp/2n5/2bnp3/4Q3/P1PB1N2/1P3PPP/RNB2RK1 b - - 3 12	d5f6	d5f6	0.5855	0.5855	0.0	0.0	71	500000
mqr-2539ffc7fa0ae713	train	rnbqk2r/pp2ppb1/2p3pn/6Np/3Pp2P/2N1B3/PPP2PP1/R2QKB1R w KQkq - 0 8	d1d2	c3e4	0.49	0.499	0.009000000000000008	0.009000000000000008	37	500000
mqr-ef4696a291117d27	train	r2r2k1/p2qbppp/1p2pn2/3pB3/b2NP3/2QP2P1/PP3PBP/2R2RK1 b - - 10 19	a8c8	a8c8	1.0	1.0	0.0	0.0	159	500000
mqr-607528927b519c72	train	rn2kb1r/pp3ppp/2p1pnb1/q7/2B3P1/2NP1P2/PPPBQ2P/R3K1NR w KQkq - 1 10	g4g5	h2h4	0.572	0.9995	0.4275000000000001	0.4275000000000001	2	500000
mqr-09aa0e5c25712188	train	r1bqk1nr/1p1pppbp/p5p1/8/3pPP2/3B4/PPPPN1PP/R1BQK2R b KQkq - 1 8	d7d5	d7d5	0.517	0.517	0.0	0.0	13	500000
mqr-5a25cab82c4692ad	validation	r5k1/1r5n/8/p2R4/1p2N3/2P4P/1P3PP1/3R2K1 w - - 0 34	d5d8	d5d8	1.0	1.0	0.0	0.0	566	500000
mqr-2623c8904619ebc3	train	4kb1r/3n1ppp/1qQppn2/2pP4/1p2P3/2P2N2/1P1N1PPP/2B2RK1 w k - 5 18	d2c4	d2c4	1.0	1.0	0.0	0.0	438	500000
mqr-468b460656f01293	validation	r2qk2r/3n1ppp/p1pbpn2/1p1p3b/2PP4/1PN1PN1P/PB2BPP1/R2Q1RK1 w kq - 3 11	a2a3	c4c5	0.5025	0.525	0.022500000000000075	0.022500000000000075	38	500000
mqr-5580422519ff6e8e	train	8/6k1/2r4p/1R6/6PK/8/8/8 w - - 49 79	h4h5	h4h5	0.5	0.5	0.0	0.0	0	500000
mqr-66678a8fc3edc907	train	r2q1rk1/5pbp/p1np4/1p1Npb2/8/2P5/PPN2PPP/R2QKB1R w KQ - 2 14	c2e3	a2a4	0.502	0.501	-0.0010000000000000009	0.0	-55	500000
mqr-1911852bcf3a836a	train	r3r2k/p2R1p1p/2p2b2/3p4/4n3/2qN1Q2/P1P2PPP/4R1K1 w - - 12 27	h2h3	g2g3	0.0	0.0	0.0	0.0	-350	500000
mqr-2aba2c1296d68a93	train	2rr2k1/p2q1pp1/bp2pn1p/4Q3/2PP4/P4P2/1B4PP/1BRR2K1 w - - 6 28	b1d3	e5e2	0.506	0.5035	-0.0025000000000000577	0.0	76	500000
mqr-cbc695b3661d9c59	train	rnbqk2r/1p2bppp/p2ppn2/6B1/3NPP2/2N2Q2/PPP3PP/R3KB1R b KQkq - 2 8	h7h5	d8c7	0.0415	0.459	0.41750000000000004	0.41750000000000004	-74	500000
mqr-8250da173fbfafd9	train	8/5QK1/8/5P2/3k4/8/8/8 w - - 1 68	f7b3	f7b3	1.0	1.0	0.0	0.0	2000	500000
mqr-9c489fc66c7aa702	train	r1b1k2r/pp2bppp/2nqpn2/6B1/3P4/2N2N2/PP2BPPP/R2QK2R w KQkq - 5 10	d1d2	e1g1	0.4995	0.5055	0.00599999999999995	0.00599999999999995	-5	500000
mqr-2c7ea913bff47761	train	1K6/8/8/8/8/6k1/2R5/8 w - - 3 55	c2c4	b8c7	1.0	1.0	0.0	0.0	2000	500000
mqr-bf11de596beb7743	validation	8/5pp1/4pk1p/8/8/8/2R1KP1q/8 w - - 0 64	c2c3	c2c3	0.0	0.0	0.0	0.0	-1322	500000
mqr-51732a682479d38a	validation	r2q1rk1/5ppp/2b1pn2/p1pp4/2P5/P5P1/1PQ1PPBP/R1B2RK1 b - - 1 14	a8c8	d8b6	0.4715	0.4985	0.027000000000000024	0.027000000000000024	-83	500000
mqr-e87b503f73657c33	train	8/4b3/p3k2p/n1p3p1/2P1N1P1/3K3P/P5N1/8 b - - 8 47	a5c6	a5c6	0.5	0.5	0.0	0.0	0	500000
mqr-69d31f769b5927c1	train	1k1r3r/pbq1n3/6P1/2p1pp2/1P1pP3/5QP1/P2N2B1/2R2RK1 b - - 0 25	c5c4	e7g6	0.592	0.901	0.30900000000000005	0.30900000000000005	-33	500000
mqr-2c33ef8a7e9e99ae	train	r2q1rk1/pp2bppp/2n2n2/3p4/N7/4BBPP/PP2PP2/R2Q1RK1 b - - 0 13	d8d7	a8c8	0.4915	0.4855	-0.006000000000000005	0.0	0	500000
mqr-fb9b9e63d20e6895	train	r1b1k2r/pp2ppbp/1q4p1/2p5/3N1Pn1/N2P2P1/PPP1Q1BP/R1B2RK1 b kq - 0 12	g7d4	g7d4	0.5025	0.5025	0.0	0.0	-107	500000
mqr-39379bf9c1bd6208	train	5rk1/R7/1p2p1p1/7p/1P5P/6P1/P3PP1K/8 w - - 0 38	h2g2	h2g2	1.0	1.0	0.0	0.0	521	500000
mqr-949cba576cc7f75a	validation	r2qkb1r/1p1b1ppp/p1nppn2/8/P2NP3/2N3P1/1PP2PBP/R1BQ1RK1 b kq - 0 9	h7h5	c6d4	0.4655	0.4755	0.009999999999999953	0.009999999999999953	-54	500000
mqr-cac4d54a43ed02b4	validation	8/4kpp1/5b2/ppq5/4B3/4P1P1/P4PK1/3Q4 w - - 0 50	d1f3	d1f3	0.4995	0.4995	0.0	0.0	87	500000
mqr-a152ae3cf93fb94c	validation	1nr1r1k1/4bppp/1Bq1p3/pp2P3/4pPP1/P7/1PPR1Q1P/3R1BK1 w - - 0 25	b6e3	f1g2	0.5695	0.7185	0.14900000000000002	0.14900000000000002	79	500000
mqr-ba24418fafbceddf	train	r2qk1nr/pp1bppbp/2np2p1/2p5/2P1P3/2N2NP1/PP1P1PBP/R1BQ1RK1 w kq - 1 8	a2a3	h2h3	0.5005	0.5015	0.0010000000000000009	0.0010000000000000009	39	500000
mqr-b1f8643deab2f056	train	r2qr1k1/pb1pnpb1/1p2p1pn/6N1/3PNP2/2PB3Q/PP3R1P/R1B3K1 b - - 6 22	e7f5	e7f5	0.706	0.706	0.0	0.0	35	500000
mqr-df7859495f6aac1c	validation	r1bq3r/1p5p/p1nkp1p1/b1p1p3/2B1P2P/2PPQ3/1P1BN1P1/R3K2R b KQ - 0 20	b7b5	b7b5	0.492	0.492	0.0	0.0	-44	500000
mqr-3cc51b451c8f5c47	train	r5r1/pp2kp1p/1qb1p1pn/3pP3/3N4/3P2Q1/PPR1NPPP/R5K1 w - - 0 19	g3h4	g3h4	1.0	1.0	0.0	0.0	572	500000
mqr-7c3a77018661acb0	train	2r1k2r/1pqn1pp1/p2p4/3Pp1bp/8/1N1Q1P2/PPP2BPP/1K1R3R w k - 3 17	c2c3	c2c3	0.5	0.5	0.0	0.0	41	500000
mqr-93ed7e3927c4c267	train	rnbqkb1r/pp2pppp/1n1P4/8/2p5/2P5/PPBP1PPP/RNBQK1NR b KQkq - 0 7	d8d6	d8d6	0.485	0.485	0.0	0.0	-1	500000
mqr-ad5dfa03260ce6eb	train	3rrbk1/pp3pp1/2nq2p1/2pNp1Bn/6Q1/1BPP3P/PP3PP1/R2R2K1 b - - 9 20	d8c8	d8d7	0.0025	0.078	0.0755	0.0755	-98	500000
mqr-e9127d858ff60007	train	1k1r4/pp6/1nn3bB/1R4P1/2P5/P3pP2/4N3/2K5 w - - 1 38	e2f4	h6g7	0.0	0.0	0.0	0.0	-584	500000
mqr-aefa01bb739bd711	validation	rn1q1rk1/pp2ppbp/6p1/3pPb2/3Pn3/2NB1N2/PP3PPP/R1BQ1RK1 w - - 5 10	c1f4	f1e1	0.568	0.6005	0.032500000000000084	0.032500000000000084	25	500000
mqr-693a16a35c9672a9	train	1R6/6kp/8/7p/8/4K3/8/8 b - - 0 53	g7g6	h5h4	0.0	0.0	0.0	0.0	-1216	500000
mqr-972e1690c89c3156	train	r1bqr1k1/pppp1pp1/2n2n1p/2b5/2P4B/2N1PN2/PP3PPP/R2QKB1R b KQ - 0 9	c5b4	c5b4	0.502	0.502	0.0	0.0	63	500000
mqr-7ddcbc27a52833d2	train	8/8/8/6k1/R6p/5N1K/8/1r6 b - - 20 60	g5f5	g5f6	0.5005	0.4995	-0.0009999999999999454	0.0	-503	500000
mqr-66e5baf14fe5ca22	train	8/p7/3k4/1pP4p/2P1K2n/4Np1P/1P3P2/8 b - - 0 41	d6c5	d6c5	0.0	0.0	0.0	0.0	-177	500000
mqr-fe1159c369a6de6d	train	r1r3k1/3b1p2/3p2p1/1p1P4/p3B1P1/P1b1B3/4KP2/1R5R w - - 0 25	e3f4	e3f4	0.0	0.0	0.0	0.0	-249	500000
mqr-a8dbf2ef0a4b9eda	train	5k2/3p4/2p1p3/2P1bp1B/p7/P7/2K5/6R1 w - - 0 36	g1b1	g1d1	1.0	1.0	0.0	0.0	371	500000
mqr-4720ec7aaa256ac9	train	8/8/8/8/5pp1/6k1/r3p3/1R3K2 w - - 0 61	f1e1	f1e1	0.0	0.0	0.0	0.0	-2000	500000
mqr-62498a9045761a5a	train	5kq1/4p3/p2p3Q/1p6/2r1P3/5P2/PPP5/1KN5 b - - 3 35	g8g7	f8f7	0.6975	0.5985	-0.09899999999999998	0.0	146	500000
mqr-b31a555abc0fb5c4	train	rn2kb1r/1p3ppp/p1p1pnb1/3p4/2P4N/1P1PB1PP/1P2PPB1/RN2K2R b KQkq - 0 10	f8b4	f8b4	0.487	0.487	0.0	0.0	-75	500000
mqr-b00c3231fdb42495	train	r2r2k1/ppqbbppp/2p1pn2/8/2NP4/2N1P1P1/PPQ2PBP/R4RK1 w - - 7 14	a1d1	e3e4	0.4975	0.5	0.0025000000000000022	0.0025000000000000022	43	500000
mqr-8de6f7594d2002af	train	8/p7/5K1p/4P1pP/6P1/k7/P7/8 b - - 0 46	a3b2	a3b2	0.0	0.0	0.0	0.0	-2000	500000
mqr-ff19b1f41f87fe85	validation	8/8/5p2/b3p1p1/4P1P1/pk6/N2pK3/8 b - - 1 58	b3a2	b3a2	1.0	1.0	0.0	0.0	2000	500000
mqr-34fbae7a49db5786	train	1r1q1rk1/1p1b1pp1/p2p1n1p/b3n3/2PN4/PP4PP/1BQ1NPB1/R4RK1 w - - 1 17	a3a4	d4f5	0.5795	0.9995	0.42000000000000004	0.42000000000000004	114	500000
mqr-759cd50efc1d2efc	train	b7/6kp/3q1np1/1p6/2P1P3/7P/2BN1QP1/6K1 b - - 0 32	b5b4	b5b4	0.4905	0.4905	0.0	0.0	-80	500000
mqr-260b064b947654e2	train	7r/3rkppp/1b2p3/p7/P7/N1P3P1/1P3PK1/R3R3 b - - 1 23	d7d2	d7d2	0.504	0.504	0.0	0.0	-89	500000
mqr-2e4ecc2abd6d86cf	train	2kr1b1r/3q1p1p/bpn1pnp1/3p4/Pp1N1P2/2P3N1/2B3PP/R1BQR2K w - - 0 20	f4f5	c1e3	0.0	0.492	0.492	0.492	-274	500000
mqr-d104a03edb16c8ae	train	2r1r1k1/1p1q1pp1/4bn1p/p7/PbpP4/4NBP1/1PQBPK1P/R2R4 w - - 6 21	d2c3	d4d5	0.0015	0.02	0.0185	0.0185	-66	500000
mqr-811b33381789d885	validation	2r1kb1r/pp1b1ppp/1qn1p3/3pP3/1PNP4/P4N2/2B2PPP/R1BQ1RK1 b k - 0 13	d5c4	d5c4	0.0	0.0	0.0	0.0	-168	500000
mqr-97a399f6cc854fbf	validation	2r2r2/pq2ppkp/1p1p2p1/3Nn3/1PP5/P5P1/1Q2PP1P/2RR2K1 b - - 2 23	g7g8	f7f6	0.446	0.4895	0.04349999999999998	0.04349999999999998	-85	500000
mqr-2e10494acce7aa0f	train	r1b1kbnr/ppqp1ppp/2n1p3/8/4P3/1NN1B3/PPP2PPP/R2QKB1R b KQkq - 3 7	g8f6	f8b4	0.3915	0.472	0.08049999999999996	0.08049999999999996	-20	500000
mqr-00959a0c8ebc32c3	train	2r3k1/p4pbp/1pP1pnp1/3q4/2QP4/1P6/PB1N1PPP/2R3K1 w - - 0 18	c4a4	c1c2	0.495	0.5	0.0050000000000000044	0.0050000000000000044	130	500000
mqr-2c34be18ef3cdb43	train	6r1/7P/5p2/3k1K2/3b1PP1/8/8/5R2 b - - 0 64	g8c8	g8h8	0.0	0.0	0.0	0.0	-232	500000
mqr-10ffe331b69c0304	train	r1b2rk1/1pqn1pp1/p2b3p/2pn4/2PP4/4pPPN/PB2P1BP/R2Q1RK1 w - - 0 17	d4c5	d4c5	0.4655	0.4655	0.0	0.0	-56	500000
mqr-52db0064a5b4d0ab	validation	r1b1k2r/ppp2ppp/2q2n2/8/1b1P4/2N5/PPP2PPP/R1BQKB1R w KQkq - 2 8	d1f3	d1e2	0.506	0.516	0.010000000000000009	0.010000000000000009	51	500000
mqr-9473fd39ef3bc6ff	validation	r1br2k1/ppq1pp1p/6p1/2nPN3/2B5/2P1P3/P2Q1PPP/2R1K2R w K - 3 15	e5f7	e5f7	1.0	1.0	0.0	0.0	182	500000
mqr-3551af242fb59379	train	8/8/7q/5p2/8/8/4K1k1/8 w - - 0 65	e2d3	e2d3	0.0	0.0	0.0	0.0	-2000	500000
mqr-c6a5f751ca0157ba	train	q7/5pk1/1b2p1pp/4P3/2Rp1P2/3Q2P1/7K/8 b - - 5 56	a8a2	h6h5	0.4995	0.5005	0.0009999999999999454	0.0009999999999999454	0	500000
mqr-6426f5403efb5fd8	train	8/2k2r1p/1pp1b1nR/p4p2/P1p4P/4B1P1/1PB5/5K2 b - - 0 31	e6d5	b6b5	0.6005	0.989	0.38849999999999996	0.38849999999999996	191	500000
mqr-495e9ff1abba2493	train	7k/ppR3p1/4pp1p/3p3q/6N1/P2R4/1P2nPP1/5K2 w - - 0 34	f1e2	g4f6	0.0	0.0	0.0	0.0	-192	500000
mqr-3903fd8b36de4265	validation	r1bq1rk1/pp2bppp/2n2n2/2pp4/3P4/2N2NP1/PPP2PBP/R1BQR1K1 b - - 4 9	a7a5	c8g4	0.477	0.49	0.013000000000000012	0.013000000000000012	-15	500000
mqr-d97c3a398b29285a	validation	8/1p6/p4pBb/P4P1P/1P6/2k5/K5P1/1r6 w - - 0 42	a2b1	a2b1	0.5	0.5	0.0	0.0	0	500000
mqr-f6cb7355c0e4fdef	train	r5k1/5pp1/P3pn1p/3p4/8/8/5q1P/RR3B1K w - - 0 39	b1b4	b1b4	0.0	0.0	0.0	0.0	-1384	500000
mqr-bc42376137c8ed77	train	1rb2rk1/p1pp1ppp/1np4q/4P3/2P4R/3B1N2/PP3PPP/R2Q2K1 b - - 10 15	h6h4	h6h4	0.0	0.0	0.0	0.0	-798	500000
mqr-b0fc3ed3191c6698	train	r2q1rk1/pp2ppbp/n1pp2p1/P4b2/2PP4/2N3P1/1P1QPPBP/R1B2RK1 b - - 0 11	d8d7	d8d7	0.4825	0.4825	0.0	0.0	1	500000
mqr-2d899a294702ac2d	train	r4rk1/2p3qp/bp1p2nR/p2P2P1/2PRN3/P4p1P/1PB2Q2/1K6 b - - 7 33	a8e8	a8e8	0.0	0.0	0.0	0.0	-123	500000
mqr-7e0429e7b7315956	validation	8/1R6/6k1/P4p2/2p2Kn1/3b3p/1P6/8 w - - 0 52	b7e7	b7b8	0.0	0.0	0.0	0.0	-1128	500000
mqr-b11e377da7611e39	validation	r2qk2r/1p3pp1/p3bn2/2bpp2p/5P2/2N1P3/PPPBB1PP/R2Q1R1K b kq - 0 13	d8b8	e5f4	0.505	0.923	0.41800000000000004	0.41800000000000004	67	500000
mqr-71b56de5382bd585	train	r4bk1/1b1n1pp1/ppqr3p/2p1pQ2/PP6/2P1BP1P/B2N2P1/3RR1K1 b - - 2 24	d6f6	d6f6	0.4955	0.4955	0.0	0.0	0	500000
mqr-94b84ae59a2639d0	train	2r2bk1/R4p2/4p2p/3pBqpQ/3P4/7P/5PP1/6K1 w - - 4 42	h5f3	e5g3	0.0	0.0	0.0	0.0	-304	500000
mqr-818cc9a4fc09ab00	validation	r3k2r/pbqpbppp/1p2pn2/n7/2pPP3/P1P2N2/1PBNQPPP/R1B2RK1 w kq - 2 11	e4e5	f1e1	0.214	0.834	0.62	0.62	35	500000
mqr-deb95d5e5de1ba59	train	r1bqkb1r/p2n1pp1/2pp1n1p/1p2p3/3PP1P1/2N1BN2/PPP2P1P/R2QKBR1 w Qkq - 0 8	a2a3	a2a3	0.635	0.635	0.0	0.0	38	500000
mqr-a906d22b3833ee51	train	5k2/7p/6p1/1p1N4/1n6/P2p2PP/5PB1/2b3K1 b - - 2 29	d3d2	d3d2	0.5025	0.5025	0.0	0.0	418	500000
mqr-81bd989672f3fedb	train	r2q1rk1/pp1nbppb/2p1pn1p/8/4N3/1P1P2P1/PBPN1PBP/R2Q1RK1 w - - 1 12	a2a4	e4f6	0.502	0.519	0.017000000000000015	0.017000000000000015	47	500000
mqr-26c6e0283674f14e	train	r2k3r/4bp2/p1n1p3/1pp3Bp/6N1/P2P2P1/1PP2P1P/R4RK1 w - - 2 19	g4f6	g4f6	0.657	0.657	0.0	0.0	111	500000
mqr-0f50bb239156c598	validation	3r1b2/1p2qbpk/p4p1p/4pP2/Q2pP3/PP1N1BP1/3n1R1P/2R4K b - - 2 32	f7b3	d2b3	0.996	1.0	0.0040000000000000036	0.0040000000000000036	235	500000
mqr-0a13901a82082c4c	train	r1bqk2r/ppp2ppp/2n2n2/2b1p3/2B1P3/5N2/PPPN1PPP/R1BQ1RK1 w kq - 4 8	d1e2	c4b5	0.514	0.5175	0.0034999999999999476	0.0034999999999999476	18	500000
mqr-ad69e193072c7335	validation	r1bq1rk1/ppp1n1bp/3p2p1/4np2/2P5/1PN1PN2/P1Q1BPPP/R1B2RK1 b - - 0 10	e7c6	e7c6	0.4055	0.4055	0.0	0.0	-14	500000
mqr-45dc6c90ae1b1b0d	validation	r5k1/p2p2bp/np4p1/1N1P1r2/4n3/P5P1/R3PPKP/1NB2R2 w - - 1 19	b1d2	c1b2	0.5045	0.5125	0.008000000000000007	0.008000000000000007	0	500000
mqr-abd7a6fcc990d52f	validation	3r1rk1/ppp2pp1/1B4qp/3P1b2/8/2N5/PP1Q2PP/4RR1K b - - 0 23	a7b6	c7b6	0.4995	0.5035	0.003999999999999948	0.003999999999999948	87	500000
mqr-7b3783dda50ea4ba	validation	r7/ppp2pkp/3p2p1/3Q4/7q/1P4P1/P1r2P1P/3R1K1R b - - 0 19	h4h3	h4h3	1.0	1.0	0.0	0.0	501	500000
mqr-8f3e3a2da46de7f5	train	r1bq1rk1/pppn1ppp/3bpn2/3p4/2P5/1P3NP1/PB1PPPBP/RN1Q1RK1 b - - 2 7	f8e8	c7c6	0.4825	0.477	-0.005500000000000005	0.0	-5	500000
mqr-f697b1591af48bfd	train	4r3/pp1br1p1/2pp1p2/6k1/3PP1p1/1PP1R1P1/P1B2K1P/4R3 b - - 0 27	e8d8	c6c5	0.511	0.5315	0.020499999999999963	0.020499999999999963	42	500000
mqr-ea64fb354b812a97	validation	1k4r1/p2q1p2/Pp1bb3/3p4/3P1p1p/1N3Q1P/1P2BPP1/2R4K w - - 11 35	e2f1	c1d1	0.514	0.615	0.10099999999999998	0.10099999999999998	0	500000
mqr-075f7d07293cd0c7	train	5rk1/1p4p1/r1b1pq1p/2b5/1pPpBP2/P2Q1R2/6PP/1RB3K1 w - - 0 21	a3b4	a3b4	0.5055	0.5055	0.0	0.0	118	500000
mqr-9506f4d77dd96ae2	train	n1qrbbk1/5ppp/1p1Pp3/r1p1P1B1/p7/P1N3P1/1P3PBP/2RRQ1K1 b - - 2 22	d8d7	d8d7	0.0	0.0	0.0	0.0	-228	500000
mqr-b947e72826a67e8a	train	r1bqr1k1/1p3pp1/p1pp1n1p/8/P1PQ4/5PNP/BP3P2/R1B1R1K1 b - - 0 20	e8e1	e8e1	1.0	1.0	0.0	0.0	365	500000
mqr-5ef360c489f24e7a	train	2r3k1/5pb1/3p2p1/3Pn2p/4R3/6PP/1qPQBBK1/8 w - - 7 51	e2d1	e2d1	0.0445	0.0445	0.0	0.0	-141	500000
mqr-06f4c5be5e538a4f	train	r1bqkb1r/1p2pppp/p1np1n2/8/2B1PB2/2N2N2/PP3PPP/R2Q1RK1 b kq - 3 8	e7e6	e7e6	0.5035	0.5035	0.0	0.0	50	500000
mqr-bba86c06dfa085ca	validation	rnb1k2r/1pp1qppp/3p1n2/p2Pp3/2P5/2N1P1P1/PP1QNPBP/R3K2R w KQkq - 0 11	h2h3	e3e4	0.5	0.503	0.0030000000000000027	0.0030000000000000027	39	500000
mqr-af5e631bbb493b7f	train	2rq1rk1/p2bppbp/5np1/1p2B3/8/1BN2P2/PPPQ2PP/2KR3R b - - 0 14	d7c6	d7c6	0.5	0.5	0.0	0.0	-66	500000
mqr-9dbff1980c64e83c	train	2k3r1/pb2bp2/N7/7p/8/3P1P2/PPP1p1PP/R1B1R1K1 b - - 1 21	b7f3	b7f3	0.0	0.0	0.0	0.0	-610	500000
mqr-e9f49bc4d22880e6	train	2r1r1k1/1p1qbppp/p2p4/3Pn3/3NN3/7P/PP3PP1/R2QR1K1 w - - 2 18	g2g4	b2b3	0.503	0.503	0.0	0.0	79	500000
mqr-a90109ff01f412a2	validation	4r1k1/1p2rnbp/1q1p2p1/pbp2p2/2P2Pn1/PP2P1P1/1B1QR1BP/3NR1K1 w - - 0 26	c4b5	c4b5	0.9405	0.9405	0.0	0.0	123	500000
mqr-80c60b8ff9e3588c	train	r4rk1/p1p3pp/3bpp2/3P1b2/3N4/2q1BQ2/P1P2PPP/R4RK1 b - - 2 15	c3c4	c3c4	0.4985	0.4985	0.0	0.0	-3	500000
mqr-45796a15c8c05b81	validation	r1bq1rk1/pppn2bn/3p3p/3PpP2/2P3pP/2N1BN2/PP1Q1PP1/R3KB1R w KQ - 0 13	f3g1	f3h2	0.994	0.997	0.0030000000000000027	0.0030000000000000027	43	500000
mqr-568ca15e61f3c992	train	r1bqr1k1/1ppn1ppp/2np1b2/p7/2PNP3/P1N1BP2/1P2B1PP/R2Q1RK1 w - - 0 14	d4b5	d4b5	0.7645	0.7645	0.0	0.0	72	500000
mqr-4fc44782c65f4c3f	train	3rr1k1/2qn1pp1/1p2pb1p/p1p5/2PP4/PPB2N1P/2Q2PP1/3RR1K1 w - - 0 22	g2g4	d1d2	0.479	0.5005	0.021499999999999964	0.021499999999999964	20	500000
mqr-345cf98155e81c3b	train	rn1qkb1r/pp2pppp/5n2/3pNb2/8/2N3P1/PP1PPPBP/R1BQK2R b KQkq - 1 7	b8c6	b8c6	0.494	0.494	0.0	0.0	-18	500000
mqr-086cf19eb60ae0d7	train	r1b1kb1r/pp1n2pp/2n1pq2/3p4/3P4/3B4/PP1NNPPP/R1BQK2R w KQkq - 0 10	d2f3	e1g1	0.5205	0.623	0.10250000000000004	0.10250000000000004	0	500000
mqr-2e415d982758c42e	train	r4rk1/pp2p1bp/4pnp1/2q5/Q1Pn4/2N1B3/PP2BPPP/R4RK1 b - - 1 14	d4e2	a8d8	0.3635	0.4165	0.05299999999999999	0.05299999999999999	85	500000
mqr-6b815ce09c55ce08	validation	r1bqkb1r/pp3ppp/2n2n2/2pp4/3P4/1P2PN2/PB3PPP/RN1QKB1R b KQkq - 0 7	c5d4	c5d4	0.512	0.512	0.0	0.0	-10	500000
mqr-454519bbd7093d5e	train	6r1/1k2b3/Rp2pp2/2p4n/3PP3/2P2P2/6RB/5NK1 b - - 0 32	g8g2	g8g2	0.5005	0.5005	0.0	0.0	-155	500000
mqr-51e4de55729fefeb	train	3Q4/1q3pkp/8/1npPP3/1p6/1P3KN1/6PP/8 b - - 6 40	b5d4	b5d4	0.0	0.0	0.0	0.0	-819	500000
mqr-e4b3a60afeb2316d	validation	r2q3k/1pp3R1/b2pr2p/4n2N/8/1P4PP/1Q2P1B1/5RK1 w - - 3 29	f1f7	f1f7	1.0	1.0	0.0	0.0	1402	500000
mqr-05843a646a29e825	train	8/8/5bk1/4p3/4P1Q1/p5P1/q4BK1/8 b - - 5 64	g6f7	g6f7	0.5	0.5	0.0	0.0	0	500000
mqr-f412b88afb3b2ecd	validation	1rbqk2r/3p2pp/p1Rbppn1/1p1N4/4P3/3B1N2/PP1BQPPP/4K2R b Kk - 0 13	d7c6	d7c6	1.0	1.0	0.0	0.0	269	500000
mqr-2a408d944831e1bd	train	r1bq3r/3p1k1n/p1p3pp/1pN1P3/3n1B2/3P4/PPPQ2PP/R3K1NR b KQ - 0 14	d4f5	d7d6	0.0	0.0	0.0	0.0	-259	500000
mqr-0578306ace092206	validation	4r3/pb2b3/1p1N2kp/1Pp5/P1Pp1BP1/3P2K1/8/4R3 b - - 3 47	e7h4	e7h4	0.5005	0.5005	0.0	0.0	-41	500000
mqr-3122aabaf757c5c1	validation	r1bqkb1r/pp1n1ppp/2n1p3/3pP3/3N4/5N2/PPP2PPP/R1BQKB1R w KQkq - 3 8	d4c6	c1f4	0.5	0.5135	0.013499999999999956	0.013499999999999956	-33	500000
mqr-9aac605f243d59fd	validation	8/5p2/2p5/p1pkP1P1/1p3KN1/P1Pb4/1P6/8 w - - 18 43	g4f6	g4f6	1.0	1.0	0.0	0.0	0	500000
mqr-3e841a5670d2c9e7	train	r6r/pq3k2/3p2p1/2p1p3/2P1PpP1/B1QP1Pb1/P5K1/R6R b - - 3 28	a8b8	a8b8	0.986	0.986	0.0	0.0	243	500000
mqr-b2b1d091c68dbcda	train	r2r2k1/3q1p2/4b1p1/p2p3p/3R4/1P2QB1P/P4PP1/3R2K1 b - - 1 25	g8g7	d8e8	0.0095	0.1345	0.125	0.125	-149	500000
mqr-0d194ebcdd6078f2	train	8/5kpp/8/8/RR6/3N3P/6P1/7K b - - 0 65	f7e6	h7h6	0.0	0.0	0.0	0.0	-2000	500000
mqr-f59765d99411ca65	train	8/6pk/7p/2Bp2P1/p1b1pPn1/2P1P3/1q6/4Q1KB w - - 3 39	h1g2	h1g2	0.0	0.0	0.0	0.0	-844	500000
mqr-b79c921bd460d57d	train	2r5/p5pk/4b2p/1p3p2/3R4/P5P1/2Q1PKBq/8 w - - 2 33	c2d2	c2b1	0.0	0.0	0.0	0.0	-136	500000
mqr-495cea97df0ab52d	train	r1b1k2r/1pqpbppp/p1n1pn2/8/2PNP3/P1N1B3/1P2BPPP/R2QK2R b KQkq - 3 9	c6e5	e8g8	0.0015	0.2785	0.277	0.277	-9	500000
mqr-428c4da3b1b3cc4f	train	2Q5/3n2pp/3k1p1n/4p3/2N5/3P2PP/5P2/6K1 b - - 1 38	d6e7	d6e7	0.0	0.0	0.0	0.0	-1954	500000
mqr-02716e43418e10d2	train	8/2PR2pp/1p6/1Pr5/P5P1/3p1P2/3k1K1P/8 w - - 1 44	a4a5	a4a5	1.0	1.0	0.0	0.0	1963	500000
mqr-7338bd195e86d35f	train	3R4/p4pp1/1p1b2kp/2p2b2/1nPP2N1/7P/PB3PP1/6K1 b - - 0 29	d6f4	d6c7	0.0	0.0	0.0	0.0	-311	500000
mqr-66cdd83fa4345c71	train	6r1/2p1rp1R/1pkp4/p4R2/2P4p/PP2PK2/5P1P/8 w - - 4 33	b3b4	h7h4	0.9995	1.0	0.0004999999999999449	0.0004999999999999449	217	500000
mqr-60802aaf43657ad6	train	8/6p1/5k2/1pr4p/1R3K1P/P4PP1/1P6/8 w - - 0 50	f4e4	f4e3	1.0	1.0	0.0	0.0	441	500000
mqr-48a9ebc85d18e638	train	4r3/p1p1kp2/2Np4/1Qp1r2p/P3P2n/1P3P2/1KP2q2/2R3R1 b - - 3 35	e7f8	e7f8	0.0	0.0	0.0	0.0	-303	500000
mqr-82430e20087d47c2	train	r5k1/pq2npp1/1pbQ3p/2p5/6P1/1P3PB1/P5BP/5RK1 b - - 1 24	e7g6	e7g6	0.9955	0.9955	0.0	0.0	142	500000
mqr-dcabab27be709a0e	train	5bk1/6p1/3rq2p/1p1R4/1P3p1B/P2Qp2P/6PK/8 w - - 0 51	d5d6	d5d6	0.0	0.0	0.0	0.0	-485	500000
mqr-ff277aea43af300b	train	2Q5/pp6/2R2ppk/7p/3pP3/1P1P4/6PK/4q3 b - - 6 42	b7c6	b7c6	0.5515	0.5515	0.0	0.0	48	500000
mqr-d44c6768aea2efc2	train	r3r3/7p/2p1pkp1/1p1p1p2/1PnP2PP/PK3P2/4R3/2BR4 b - - 3 31	e6e5	f5g4	0.9995	1.0	0.0004999999999999449	0.0004999999999999449	362	500000
mqr-88b944e2e7481468	train	5r2/8/7R/1k6/2n4B/8/1r3PPK/1R6 w - - 11 50	h6h5	b1c1	1.0	1.0	0.0	0.0	433	500000
mqr-2b4d0e70e4c8304f	train	r1bqk2r/pp1Nppb1/2p3p1/7p/3PpB1P/4P3/PPPQ1PP1/R3KB1R b KQkq - 0 10	c8d7	c8d7	0.497	0.497	0.0	0.0	-13	500000
mqr-3d2402bd54262393	validation	3r4/2rPbpk1/6pp/p2RP3/3N4/6P1/P5KP/3R4 b - - 3 41	g7f8	a5a4	0.0	0.0	0.0	0.0	-376	500000
mqr-cd9e693ce14fb7d7	train	r5k1/p3bppp/1p2p1b1/6N1/1P5P/P1PpB3/3R1PP1/6K1 b - - 0 24	e6e5	h7h6	1.0	1.0	0.0	0.0	472	500000
mqr-493127e57f8435f7	train	r1bqkb1r/5ppp/p1p1p3/8/3PP3/8/P4PPP/1RBQK1NR w Kkq - 0 11	d1c2	g1f3	0.4995	0.519	0.019500000000000017	0.019500000000000017	-16	500000
mqr-36feb3e92f55c873	train	8/R5p1/3k1p2/5P2/5K2/8/8/6r1 b - - 8 53	g1c1	g1b1	0.504	0.501	-0.0030000000000000027	0.0	127	500000
mqr-470d050c8cf93e9b	train	3r4/p4k2/1p2p2p/8/2P5/1PB1KP2/7P/2R5 b - - 4 39	d8g8	a7a5	0.0	0.0	0.0	0.0	-778	500000
mqr-1534579e008a4b64	train	r1b1k1nr/ppqp1pbp/2n3p1/1Bp1p3/3PP3/2P2N2/PP3PPP/RNBQR1K1 b kq - 0 7	c5d4	c5d4	0.0625	0.0625	0.0	0.0	-92	500000
mqr-6e51db8b8219815a	validation	2rrn1k1/p2q1pp1/2p4p/1p6/1P1PP3/PQ2BPP1/6KP/3RR3 w - - 0 24	d4d5	d4d5	1.0	1.0	0.0	0.0	203	500000
mqr-0f04c4830f2d7666	train	8/3n4/p1r1kp2/8/2p1P2P/2P3P1/1P1RBKP1/8 w - - 0 37	e2g4	e2g4	1.0	1.0	0.0	0.0	1329	500000
mqr-da17c44af09080a6	validation	r4rk1/ppp1q1pp/4bn2/4pp2/1bP5/2NBP3/PP1B1PPP/R2Q1RK1 w - - 0 12	d1b3	c3d5	0.476	0.4905	0.014500000000000013	0.014500000000000013	-11	500000
mqr-ab781b82b245916d	train	r2q1rk1/1p2bppp/2p1pn2/p2n4/2NP4/1P3PP1/PB3PBP/R2Q1RK1 w - - 0 13	f3f4	a2a3	0.4985	0.5	0.0015000000000000013	0.0015000000000000013	-9	500000
mqr-60be45ad19835efb	validation	r4rk1/5ppp/p3bn2/q1bp2P1/1pp1PB2/5P2/PPPQ3P/1KNR1B1R b - - 2 18	f6h5	f6h5	0.566	0.566	0.0	0.0	61	500000
mqr-bf45a8cd7443605b	train	8/5k2/1p6/1P3PK1/2nB4/7P/8/8 b - - 2 58	c4a3	c4d6	0.0	0.0	0.0	0.0	-786	500000
mqr-9646de48f6c60f16	train	r1bqkb1r/pp1n1pp1/2p1p2p/8/3PB3/5N2/PPP2PPP/R1BQK2R b KQkq - 0 9	d7f6	f8d6	0.481	0.4875	0.006500000000000006	0.006500000000000006	-34	500000
mqr-4627fb0932a0088e	train	4q1k1/3B4/1p1bNr1P/pQ3p2/3P4/P1P4P/4PP2/3R2K1 b - - 0 36	e8f7	e8h5	0.0	0.0	0.0	0.0	-965	500000
mqr-0b24d8bfefef3832	train	3r4/1R3pk1/p4bp1/3B3p/P1N2K1P/4P1P1/2R2P2/r7 b - - 0 39	d8d5	d8d5	0.5	0.5	0.0	0.0	-36	500000
mqr-14b994ecc285aa23	train	r1k5/7R/5R2/p1p2p2/Pp2bP2/6N1/1K1r4/8 w - - 5 38	b2c1	b2c1	0.4955	0.4955	0.0	0.0	-142	500000
mqr-6137d8ef5e66afda	train	2kr4/1p1r4/n1p3p1/3q3p/2R4P/3pQ1N1/3R1PPK/8 w - - 6 45	c4e4	c4a4	0.0	0.0	0.0	0.0	-415	500000
mqr-17da952e4de89fc9	validation	bq1rk3/4b1p1/1p3pPr/3NpP2/P1Q1P3/1P3B1p/1P5P/2R2RK1 b - - 0 27	a8d5	a8d5	0.0	0.0	0.0	0.0	-291	500000
mqr-4941d2d95a4e2207	train	1r1qr1k1/3nppbp/1pbp1np1/p7/P1P1P3/NPN1BP1P/4BQP1/2R2RK1 w - - 0 24	g2g4	e2d3	0.4385	0.5915	0.15300000000000002	0.15300000000000002	27	500000
mqr-7cf556709e8ca4b5	train	2b5/Qp5k/2p4p/4q1pP/3Nrp2/2P5/P1P2PP1/5RK1 b - - 2 28	e5c7	g5g4	0.498	0.5	0.0020000000000000018	0.0020000000000000018	-43	500000
mqr-1fd1890b962573b5	train	r2r2k1/5pbp/p1p1bnp1/4p3/N3P3/1P2BB2/P1P3PP/3R1RK1 b - - 4 18	f6g4	d8d1	0.0035	0.4345	0.431	0.431	-190	500000
mqr-c3e8bf8c54721c5d	train	3R4/pp3k2/2p2n2/4Q3/q7/8/PPP3PP/2K2b2 b - - 0 28	f1g2	a4h4	0.0	0.0	0.0	0.0	-235	500000
mqr-959bf6d8c1c9bd92	train	r1q2rk1/p3ppbp/np4p1/2Pp4/Q2P4/B1P2N2/P4PPP/R4RK1 w - - 2 14	a1e1	c5b6	0.5065	0.52	0.013500000000000068	0.013500000000000068	108	500000
mqr-58e16ccefac1f596	train	5rk1/4qppp/1p2p3/pPb1P3/3rP3/1P4P1/4QPBP/2R2R1K w - - 6 22	f2f4	f1d1	0.5	0.4995	-0.0005000000000000004	0.0	-28	500000
mqr-f758bc9527940865	validation	8/p4pk1/3p2pp/2p1N3/2Ppn2P/8/P4PP1/1b3BK1 w - - 0 28	e5d3	e5d3	0.0	0.0	0.0	0.0	-787	500000
mqr-1138d502ca1d787c	train	rnbqk1nr/pp3p2/3p2pp/2pPp3/2P1P2P/2P5/P4PP1/R1BQKBNR w KQkq - 0 8	f2f3	f1d3	0.4985	0.53	0.03150000000000003	0.03150000000000003	36	500000
mqr-8e090910ee7f846f	train	8/4k3/5p2/1b6/1P2BK2/8/8/8 b - - 4 54	e7e6	e7e6	0.5	0.5	0.0	0.0	0	500000
mqr-911df2b7e811f1fd	train	3q2k1/p4p1p/1n2p1p1/2Q1P3/5P2/5BP1/P1Rr2KP/8 w - - 8 35	c2d2	c2d2	0.499	0.499	0.0	0.0	0	500000
mqr-c61e63ae9df3412c	train	6k1/5p2/4p1p1/1q5p/3Q3P/3n2P1/1PN2PK1/8 w - - 2 36	d4e4	d4e4	0.4965	0.4965	0.0	0.0	-66	500000
mqr-03b4ee385e276b26	train	8/p5pk/1nQ4p/1P1p4/8/3qP1P1/5P2/1R4K1 w - - 1 42	b1c1	b1e1	1.0	1.0	0.0	0.0	547	500000
mqr-8dd1531648597fe2	train	1rb3k1/7p/p1p2qp1/3pR3/1P6/2P2NP1/P4KP1/R2Q4 b - - 2 21	c8f5	c8f5	0.0	0.0	0.0	0.0	-893	500000
mqr-791c8b3c3d0b5099	train	8/3b4/3p3k/p1pPpPn1/PpP2pP1/1P3P2/2BN1K2/8 b - - 3 50	h6g7	h6g7	0.5	0.5	0.0	0.0	-226	500000
mqr-f2212d6c509d9a9a	train	r1b1kb1r/1p2pppp/1pn2n2/3p4/2pP1B2/2P2N2/PP1NPPPP/R3KB1R w KQkq - 2 8	h2h4	g2g3	0.471	0.4935	0.02250000000000002	0.02250000000000002	-34	500000
mqr-14d27390bddc145e	train	r1b1k2r/p1q1bpp1/1pp1p3/2p1Pn1p/4N3/3P1N2/PPP2PPP/R1BQR1K1 w kq - 0 11	c1g5	c1g5	0.994	0.994	0.0	0.0	92	500000
mqr-838befcf366f2fab	train	1n3rk1/pq3ppp/1p2pn2/8/P1NP4/BP4P1/2Q2P1P/4R1K1 b - - 1 19	b8c6	f8c8	0.454	0.5015	0.04749999999999993	0.04749999999999993	27	500000
mqr-26759bd5c0681ad2	train	8/p4p1p/1p3pk1/r7/2K1PP2/P5PP/R7/8 w - - 1 37	a3a4	a3a4	0.5	0.5	0.0	0.0	0	500000
mqr-fde9ed4f3b7fecbc	validation	8/5p2/5k2/1N2br2/2P5/7R/K7/8 w - - 4 47	h3h1	a2b3	0.5	0.5	0.0	0.0	0	500000
mqr-c134ff2fe5096a9c	train	4r3/p4p2/4bkpp/1pN5/4PP2/1P4P1/P2R2KP/8 w - - 2 24	e4e5	d2d6	1.0	1.0	0.0	0.0	287	500000
mqr-c578041f0fcd9d6a	train	r2qrnk1/4bpp1/1p2b2p/pP1p4/N1pPP3/5N1P/P4PP1/1BRQR1K1 w - - 3 19	e4d5	e1e3	0.511	0.693	0.18199999999999994	0.18199999999999994	95	500000
mqr-63f5aa9c6d19e5a3	train	r1r5/1p2kppp/1p1bpn2/1B1p4/3P4/P3PP2/1PRB1KPP/7R w - - 3 21	d2c3	h1c1	0.5515	0.521	-0.03049999999999997	0.0	119	500000
mqr-72f16a0ef560811b	train	r1bqk2r/p3ppbp/1pn3p1/2p1Pn2/5P2/2PPBN2/P3B1PP/RN2QRK1 w kq - 1 13	e3f2	e3f2	0.5115	0.5115	0.0	0.0	33	500000
mqr-a561784a3e2970f6	train	r1bq1rk1/2p1bppp/p1np1n2/4p3/P3P3/1BPP1N2/3N1PPP/R1BQ1RK1 b - - 0 11	c6a5	c6a5	0.486	0.486	0.0	0.0	-19	500000
mqr-88e3b13976e7c1c2	train	k7/8/p2K2p1/3n2N1/3B1P1p/8/P7/8 b - - 5 56	d5f4	d5f4	0.0	0.0	0.0	0.0	-299	500000
mqr-74f5f294c32eca94	validation	1k1r4/1pq5/2p1R1p1/5p2/1PpQ3P/2P5/P1P3P1/7K w - - 1 32	d4f2	d4f2	0.502	0.502	0.0	0.0	142	500000
mqr-ecef1caec47d8ef6	train	2r1kb1r/pp3pp1/q3p3/2nnPNBp/2N4P/5Q2/PP3PP1/2R2RK1 b k - 4 17	c8c6	e6f5	0.0	0.0	0.0	0.0	-347	500000
mqr-0319e4439eb0785e	validation	r5k1/2p2pb1/6pp/p7/3p4/1P1N1P2/P4P1P/3R2K1 w - - 0 31	d1c1	d1c1	0.4965	0.4965	0.0	0.0	-41	500000
mqr-a6a1ae2d208e51e8	train	2k5/5bp1/pp1n1n2/4p3/1P1p4/3P4/1PNBPKBP/8 b - - 1 32	c8c7	c8c7	0.5	0.5	0.0	0.0	61	500000
mqr-b69477b569a36a72	validation	8/3N2p1/2p4k/5p1q/5rbQ/1P6/P5B1/2R3K1 w - - 8 38	c1c6	c1c6	1.0	1.0	0.0	0.0	1006	500000
mqr-1acc6cf61319715f	train	1b1q2k1/pp3ppp/4p1n1/PPB2n2/2P1N3/5NP1/3Q1P1P/6K1 b - - 1 28	d8d2	d8c8	0.0315	0.0825	0.051000000000000004	0.051000000000000004	-114	500000
mqr-98c7f34976a35217	validation	r2r2k1/p1p1nppp/8/8/2b1PB2/P3RPQ1/2q1N1PP/4R1K1 b - - 1 20	d8d1	c4e2	0.5	0.496	-0.0040000000000000036	0.0	-80	500000
mqr-b09dcc9867c151bf	train	5rk1/1q3pbp/1p2p1p1/4N3/Q7/4B3/P4PPP/2R3K1 b - - 0 25	g7e5	g7e5	0.5015	0.5015	0.0	0.0	0	500000
mqr-3783b3a6cb237039	train	3r2k1/1Q3pp1/7p/8/1pn5/5P2/5K2/8 w - - 0 50	b7c7	b7c7	0.5	0.5	0.0	0.0	0	500000
mqr-fce8dc97cf2b4f4c	train	r2rRnk1/1p3ppp/p1pq4/8/3Q4/2N2B1P/PP3PP1/4R1K1 w - - 2 23	d4d6	d4d6	1.0	1.0	0.0	0.0	1443	500000
mqr-76b1e8f7fe196da9	train	rn1qk2r/pbp1npb1/1p1pp1pp/8/2PP1B1P/P1N2N2/1PQ1PPP1/2KR1B1R b kq - 3 9	b8d7	f7f5	0.192	0.275	0.08300000000000002	0.08300000000000002	-34	500000
mqr-794f7e7c3f4f6209	train	1r4k1/1p5p/p2R4/3n4/5p2/1b3N1P/3B1PP1/6K1 w - - 0 32	f3e5	h3h4	0.498	0.5015	0.0034999999999999476	0.0034999999999999476	34	500000
mqr-9c029542075920b9	train	2r4r/5kb1/6p1/5p2/3q3p/5P2/PP1Q2PP/R2R2K1 w - - 0 23	d2d4	d2d4	0.501	0.501	0.0	0.0	53	500000
mqr-0c752229f2db5d09	train	rnbq1rk1/ppp1bppp/4pn2/3p4/2PP4/5NP1/PPQBPPBP/RN2K2R b KQ - 7 7	c7c5	b8d7	0.454	0.4935	0.03949999999999998	0.03949999999999998	49	500000
mqr-79e93ef7f507f229	train	rnbqkb1r/pp3ppp/3pp3/3nP3/2BP4/5N2/PP3PPP/RNBQK2R b KQkq - 1 7	h7h6	f8e7	0.384	0.4835	0.09949999999999998	0.09949999999999998	-22	500000
mqr-8511aa57ae8d0be7	train	2r2rk1/5ppp/p3b3/qpnp4/3N4/2N5/1Q2BPPP/1R3RK1 w - - 0 19	c3d5	c3d5	1.0	1.0	0.0	0.0	77	500000
mqr-4830ba2f03cf3aaa	train	8/8/8/1p1k1R2/8/2K1P3/5P2/7r b - - 7 53	d5c6	d5c6	0.0005	0.0005	0.0	0.0	-162	500000
mqr-96299c05cc0ab82f	train	1r4r1/3R1p2/p1Q1pk2/1p6/5bq1/2P4P/PP3PP1/3R2K1 b - - 0 35	g4h3	g4h3	1.0	1.0	0.0	0.0	175	500000
mqr-04ebbe7484a0596f	validation	1r4k1/2qn1pp1/4n2p/PP1Rp3/8/1Q2B1PP/5P2/4R1K1 b - - 0 37	c7a5	c7a5	0.0	0.0	0.0	0.0	-464	500000
mqr-002410b896d685be	train	r4rk1/pp3pbp/5qpB/2p2pN1/2Pn3Q/8/PPP3PP/4RRK1 b - - 4 18	a8e8	d4c2	0.9995	1.0	0.0004999999999999449	0.0004999999999999449	173	500000
mqr-e699b7d67cfd39d1	validation	2n2r1k/2q1p1bp/4Q1p1/2p5/4R3/2PR3P/5PP1/6K1 w - - 13 32	c3c4	g2g3	0.0	0.0	0.0	0.0	-196	500000
mqr-d73d24cb8f826882	train	1k2r3/1p6/p2p2p1/2pPbnP1/2q1B2p/1PP2R1P/2Q3K1/2B5 b - - 0 36	c4b5	c4b5	0.553	0.553	0.0	0.0	137	500000
mqr-cd1e6f5ee8375eb5	train	rnbq1rk1/pp2bpp1/2p2n1p/3p4/3P3B/2NBP3/PPQ2PPP/R3K1NR b KQ - 3 9	d8d6	f6h5	0.4555	0.478	0.022499999999999964	0.022499999999999964	-42	500000
mqr-41e4ad5e28083aab	train	r1b1kb1r/2q2ppp/p1p1pn2/1p6/4P3/P1N1B3/1PP1BPPP/R2Q1RK1 b kq - 1 10	c8b7	c8b7	0.4975	0.4975	0.0	0.0	-21	500000
mqr-b106ba3d8ee8d395	train	r1bq1rk1/pppnn1b1/3ppp1p/6p1/3PP3/2PBBN2/PP3PPP/R2QRNK1 w - - 0 11	h2h4	h2h4	0.9985	0.9985	0.0	0.0	89	500000
mqr-c7c4e3207028c00f	validation	r5k1/pp4pp/3b4/8/4P1P1/2N3P1/PP3r2/R1B1N1K1 b - - 0 23	d6g3	d6g3	0.5005	0.5005	0.0	0.0	0	500000
mqr-b0e4cda4086f70a2	validation	k5r1/p1b3pp/4pn2/8/2N5/1P2P3/1P1P1PPP/2B2RK1 w - - 4 24	d2d3	d2d3	1.0	1.0	0.0	0.0	396	500000
mqr-e8a8284b39cc5f0b	train	1q6/4bk2/2P1ppp1/5n1p/1PN2P2/1KBQ2P1/7P/8 w - - 7 64	d3d1	d3d7	1.0	1.0	0.0	0.0	418	500000
mqr-70de7c065aed7327	train	r1b2r1k/1q5n/5p2/pN2p1p1/8/1P2P2P/PB4Q1/2R3RK b - - 2 27	b7b5	b7b5	1.0	1.0	0.0	0.0	364	500000
mqr-a2b8525bbe8d7998	train	r1b2rk1/1pp2q1p/7P/p1pPp1b1/2P1Q1p1/1P2N1P1/P3PPB1/R3KR2 b Q - 2 23	f8e8	a8a6	0.096	0.482	0.386	0.386	0	500000
mqr-3e40874d9af0d866	validation	4k2r/2q2ppp/pr6/6P1/2P1p2P/Q4B2/P1P5/K3R3 w - - 2 29	e1e4	e1e4	0.5	0.5	0.0	0.0	37	500000
mqr-4ec018b544967195	train	1r3q1k/2p4p/p2p1r1P/1p1PpnQ1/5p2/P1N2P2/1PP3P1/2KR3R w - - 0 24	d1g1	h1h5	0.0	0.0	0.0	0.0	-194	500000
mqr-3a9a03a3e338cddd	validation	3r2k1/5pp1/q3p2p/7P/pR1PQ1P1/P7/KP3P2/8 w - - 6 29	f2f4	f2f3	1.0	1.0	0.0	0.0	190	500000
mqr-d78895bd9bbd7104	train	r1bq1rk1/pp2ppbp/2n3p1/2p5/3PP3/2P1BN1P/P3BPP1/R2QK2R b KQ - 4 10	c5d4	c5d4	0.4835	0.4835	0.0	0.0	40	500000
mqr-c7916b3b600f09cc	train	2r1bnk1/r1q1Bp1p/p1p1p1pP/PpPp2Q1/1P1P2N1/2NBP3/5PP1/R3K2R b KQ - 0 23	c7e7	c7e7	0.0	0.0	0.0	0.0	-1500	500000
mqr-e6085cd9412413c4	train	r1bq1rk1/ppp1ppbp/6p1/3PN3/2Q1P3/2N1P3/PP4PP/R3KB1R b KQ - 0 11	g7e5	g7e5	0.9995	0.9995	0.0	0.0	128	500000
mqr-fd243ff10516c6fa	train	2r4k/3n1ppp/pp5r/3PpP2/2P1N3/3R2P1/4R2P/6K1 w - - 3 36	d3c3	c4c5	0.5005	0.4995	-0.0009999999999999454	0.0	-89	500000
mqr-267e018c83e11864	train	rn1q1rk1/4bppp/2p1p3/p2p2P1/1p1PP2P/P3QN2/1PP2P2/1NKRR3 b - - 1 16	b8d7	b4a3	0.548	0.9595	0.4115	0.4115	-46	500000
mqr-e4cb78d1e49d46b4	train	3r2rk/5p1p/pq3PpQ/1p2p3/2p1n3/P4R1P/1PP1B1P1/5R1K w - - 3 27	h6e3	h6e3	0.0	0.0	0.0	0.0	-295	500000
mqr-4f314c56f110c038	train	r3k1nr/ppp1qpb1/2np3p/4p1p1/5P2/N1PPPNPb/PP2B2P/R1BQK2R w KQkq - 3 9	h1g1	f4e5	0.045	0.171	0.126	0.126	2	500000
mqr-e3e181849db029e7	train	r1bq1rk1/ppp3bp/2n1p1p1/4N3/2Q1P3/2N1B2P/PP3PP1/R3KB1R b KQ - 0 12	c6e5	c6e5	0.4905	0.4905	0.0	0.0	-28	500000
mqr-7503539ffd13458e	validation	3rr1k1/ppq3pp/4pb2/4Np2/b7/1PBB4/P3QPPP/3RR1K1 b - - 0 20	c7c3	c7c3	0.5	0.5	0.0	0.0	0	500000
mqr-bcf0302bd966d1da	train	7r/R6p/3bkp2/Qb2p3/2qpPB2/8/2r3PP/5RK1 w - - 1 33	f1b1	f1b1	0.0	0.0	0.0	0.0	-1590	500000
mqr-0c7b34769c1320b3	train	3r2k1/1r4p1/2n4n/p1B2p2/P1N1pP2/2Pp2PP/1P1R4/3R2K1 w - - 1 35	d1b1	c4d6	0.506	0.5085	0.0024999999999999467	0.0024999999999999467	65	500000
mqr-71d7861176fade8f	train	r3k2r/1pq1nppp/p3p3/3pP3/3nbP2/2P1B3/PP2B1PP/R2Q1RK1 w kq - 0 15	d1d4	e3d4	0.5005	0.5005	0.0	0.0	31	500000
mqr-dec62a22d20ea2ec	train	r2qkb1r/pppn1n2/4p1p1/3pPp1p/3P1PbP/4B3/PPPQNNP1/2KR1B1R b kq - 1 13	a7a5	c7c6	0.437	0.5215	0.08449999999999996	0.08449999999999996	-19	500000
mqr-c78e6b6c24769c01	train	5rk1/p1n3p1/3q3p/1PpP4/8/P1PQ4/6PP/R1B3K1 b - - 0 23	d6d5	c5c4	0.0	0.0	0.0	0.0	-133	500000
mqr-84f310dfc6539dfa	train	2r5/2r2pk1/6pp/1R2p3/p1n4P/2P2BP1/P3PPK1/3R4 w - - 2 31	h4h5	h4h5	1.0	1.0	0.0	0.0	230	500000
mqr-1636948c68fc0402	train	r2qk2r/3nbp1p/p2p1np1/P2Pp1B1/1p6/3B1P2/1PPQN1PP/R3K2R b KQkq - 0 14	d8c7	e8g8	0.496	0.5	0.0040000000000000036	0.0040000000000000036	0	500000
mqr-3c862f7c5bd5d498	train	2b5/1p3kp1/p1p1p3/P1PpP1KP/1P2pP2/4P3/4N3/8 w - - 7 68	e2c3	g5g4	0.5835	0.612	0.02849999999999997	0.02849999999999997	0	500000
mqr-a44cf6e5b95a94fc	train	6k1/5pp1/pQ2b2p/1p1pP2P/6P1/PPP2P2/3KB3/7q b - - 2 47	h1h2	h1h4	0.0	0.0	0.0	0.0	-420	500000
mqr-6abe9ec0b54d21fb	train	1r1q1rk1/3nppbp/6p1/3Pp3/1pP1P3/4RBP1/P4P1P/R1NQ2K1 b - - 2 19	d8c7	g7h6	0.267	0.43	0.16299999999999998	0.16299999999999998	-45	500000
mqr-2d5086aa38754e35	train	r1b1k2r/p1p1b1p1/2pq4/3p4/3Pp3/BP4p1/P3P1BP/RNQ2RK1 b kq - 3 15	g3h2	d6e6	0.0	0.08	0.08	0.08	142	500000
mqr-2705a8cbaab9ae7d	train	rnb1r1k1/1p3pp1/2pp1q2/p4N1n/4P2p/2NB1P1P/PPPQ2P1/1K1R3R b - - 3 15	c8f5	c8f5	0.9805	0.9805	0.0	0.0	111	500000
mqr-39724aa76e02f510	train	r7/p1p4k/R2b3p/1r4pP/1P2p3/2B1PP2/4K1P1/1R6 b - - 0 26	e4f3	e4f3	0.395	0.395	0.0	0.0	-186	500000
mqr-3b1bad54b4c09312	train	r4rk1/pb3ppp/2n1pn2/qp6/3P1B2/3BP3/P2N1PPP/R2Q1RK1 b - - 3 14	c6b4	c6b4	0.496	0.496	0.0	0.0	-24	500000
mqr-1ff467896a647c68	train	r1bqr1k1/ppp2pbp/3p1np1/4p3/2PN4/1PNP2P1/PB2PPBP/R2Q1RK1 b - - 0 10	e5d4	e5d4	0.5	0.5	0.0	0.0	4	500000
mqr-0b587f445fffb9ef	validation	2b5/2p2k1p/3r1b2/p1NPRp2/2P5/1P5P/5PP1/5K2 w - - 6 34	e5e2	e5e2	0.0	0.0	0.0	0.0	-291	500000
mqr-03d91abd7b51b1bd	train	r4rk1/4qp1p/2pnp1p1/p2pQ3/1p3P2/PP1P2P1/2P1RPBP/R5K1 w - - 0 19	a3a4	g3g4	0.4925	0.4695	-0.02300000000000002	0.0	-9	500000
mqr-0c4a5fed53b3e51c	train	r1bq1rk1/pp2ppBp/6p1/3p4/1n2n3/1P2PN2/P1PNBPPP/R2Q1RK1 b - - 0 12	g8g7	g8g7	0.471	0.471	0.0	0.0	11	500000
mqr-804b8b4920fcafbb	validation	r2qk2r/pb1nbppp/1p2pn2/2pp2B1/3P4/2PBPN2/PP1N1PPP/R2Q1RK1 w kq - 4 9	d3b5	f3e5	0.5005	0.523	0.022500000000000075	0.022500000000000075	23	500000
mqr-f7c858f8c660e148	train	r4rk1/1p3pp1/pqb4p/2b5/2BNp3/4P3/PPP2KPP/R1Q4R b - - 0 19	c5d4	c5d4	1.0	1.0	0.0	0.0	606	500000
mqr-c14ccde6e2ee82a6	validation	r1b1k2r/pp2bppp/1q2pnn1/3pN1B1/3P1P2/2PB4/PP1N2PP/1R1QK2R b Kkq - 4 11	a7a5	f6d7	0.0015	0.078	0.0765	0.0765	-61	500000
mqr-ca2f181cd596e25f	train	rnb2rk1/1pp4p/3ppbqP/p5p1/2PPp3/6P1/PPNQPPB1/R1B1K2R w KQ - 2 16	d2e3	b2b3	0.456	0.5015	0.04549999999999993	0.04549999999999993	54	500000
mqr-7590b3c12c59316a	train	5rk1/2p1bppp/p1p1pn2/P5B1/1qpP4/2N3P1/1PQ1PP1P/3R2K1 w - - 0 17	d1a1	g5f6	0.2505	0.4875	0.237	0.237	-107	500000
mqr-ceef51ba3b44d5ca	train	2r2rk1/1bp2pp1/1p2p2p/pPbnP1q1/2N1B3/P3P3/1BQ2PPP/R2R2K1 b - - 6 19	c7c6	c7c6	0.5085	0.5085	0.0	0.0	-8	500000
mqr-271c33ec37e0ba50	train	rnbq1rk1/1pp1bppp/4pn2/3p4/p3P3/P2P1NP1/1PPN1PBP/R1BQ1RK1 b - - 0 8	f6g4	h7h6	0.4875	0.505	0.017500000000000016	0.017500000000000016	-16	500000
mqr-55d8744ca348552f	validation	r2q1rk1/pb1nbppp/1pp1pn2/3pN3/2PPP3/2N3P1/PP3PBP/R1BQR1K1 b - - 0 10	f6e4	d5e4	0.486	0.4885	0.0025000000000000022	0.0025000000000000022	68	500000
mqr-91f6312bd5c0e092	validation	3rr1k1/ppq2ppp/2pbpn2/8/P2P1B2/2P3PP/1PQ2PB1/R4RK1 w - - 5 17	f4c1	f4d2	0.5025	0.5045	0.0020000000000000018	0.0020000000000000018	47	500000
mqr-883fd9dcbc4c3061	validation	r6k/1p2qnpp/3p4/2n5/2P1P3/P3QPP1/1P2B3/1K1R2R1 w - - 3 30	f3f4	f3f4	1.0	1.0	0.0	0.0	464	500000
mqr-5ce8ef7ac9bca696	validation	2rq1rk1/pp1bppbp/3pn1p1/3N4/2P1P3/1P2Q1P1/P3NPBP/2R2RK1 b - - 0 17	b7b6	f8e8	0.494	0.5	0.006000000000000005	0.006000000000000005	-14	500000
mqr-cb73b95748af2de4	train	8/5pp1/4p3/3k3p/1p3P1P/1N1KP1P1/8/8 w - - 2 41	e3e4	e3e4	1.0	1.0	0.0	0.0	526	500000
mqr-ca10af99e1dfe60f	validation	8/pk4pp/1p6/6b1/2P1bp2/1PR1p3/P6N/2Kr4 w - - 0 42	c1d1	c1d1	0.0	0.0	0.0	0.0	-1068	500000
mqr-41c5c9ab18ad5467	train	b7/2R2Bnk/p5p1/1p6/4P2p/5P2/PPP3PP/1K6 w - - 4 32	b1c1	b2b4	1.0	1.0	0.0	0.0	1311	500000
mqr-84928b1d8a9b8831	train	5r2/rp1R1p2/6p1/p3R1Pk/5P2/8/PPPK1n2/8 b - - 2 30	h5g4	h5g4	1.0	1.0	0.0	0.0	333	500000
mqr-d1bcab3d41256bbb	validation	2q1rnk1/1p3ppp/1Pp2b2/2np4/3P4/2N1BN1P/2Q2PP1/r3R1K1 w - - 0 26	e1a1	e1a1	0.0025	0.0025	0.0	0.0	-214	500000
mqr-48212a2260e195d7	train	2b2r2/2q2pbk/6pp/1ppBp3/4P3/2P3P1/1PQN1PP1/3R2K1 w - - 0 26	c3c4	c3c4	0.7305	0.7305	0.0	0.0	76	500000
mqr-b75ada110968a847	train	4r1k1/pp2n1pp/2pq2n1/3p4/3Pp1B1/2P1B1PP/PP4PK/R4Q2 w - - 0 22	f1e2	f1e2	0.5155	0.5155	0.0	0.0	49	500000
mqr-072921d99f2d7865	validation	2R5/R4p1p/6pk/1p2pr2/8/7P/P4PP1/6K1 w - - 0 31	c8c5	c8e8	1.0	1.0	0.0	0.0	1015	500000
mqr-ad94e7801d28faac	train	rnb1k2r/pp1pppb1/8/2N3B1/3P4/5NK1/Pn4PP/2R2B1R w kq - 2 16	c5e6	c5a4	0.9985	1.0	0.0014999999999999458	0.0014999999999999458	241	500000
mqr-f81587ff93c86af5	train	r1bqk2r/1ppn1pp1/p2bp3/3p4/3P4/2NNP3/PPPQ1P1P/R3KB1R w KQkq - 3 11	e3e4	e1c1	0.4375	0.478	0.04049999999999998	0.04049999999999998	-73	500000
mqr-0201c023bd88080a	train	4Rrk1/p4pb1/1p1q3r/2pB4/P7/2P2QPP/1P3P2/6K1 b - - 4 29	f8e8	f8e8	1.0	1.0	0.0	0.0	754	500000
mqr-afae2d44db042bdf	train	4q2r/p1pb1pbk/3p1npp/8/3NP2P/2NQ1P2/PP1B4/2K3R1 b - - 0 26	e8e5	e8e7	1.0	1.0	0.0	0.0	129	500000
mqr-a55e11c3a2e7e0cb	train	2r1r1k1/3bqpb1/p4np1/1p2p2p/3pP2P/1PN2P2/P1QNBBP1/R3K2R w KQ - 0 21	d2b1	d2b1	0.0	0.0	0.0	0.0	-116	500000
mqr-fcc84ff6658211d4	train	8/5R2/B7/5n2/5k2/4p3/3r4/1K6 b - - 35 65	e3e2	d2d6	0.5	0.5035	0.0034999999999999476	0.0034999999999999476	576	500000
mqr-62355df03b1e89ff	validation	8/1p6/4k3/PnB3p1/6Kp/1P5P/8/8 b - - 1 53	b5c3	e6f6	0.0	0.0	0.0	0.0	-280	500000
mqr-7a4083da43482836	train	5rk1/2q5/p1r3P1/1p2R3/P2p2p1/1b1P2Q1/6PK/8 b - - 2 48	b5a4	c6g6	1.0	1.0	0.0	0.0	2000	500000
mqr-9a84d6d1309376be	train	8/r5k1/6p1/4p1B1/3b4/7P/6PK/2R5 w - - 7 39	h3h4	h3h4	0.501	0.501	0.0	0.0	-46	500000
mqr-c0ea20117b73c4d3	train	6nk/8/p7/2p3P1/1pP2b2/1P2Q3/6R1/6K1 b - - 0 62	f4e3	f4e3	0.5125	0.5125	0.0	0.0	87	500000
mqr-628ec98a55395ba8	train	8/2r2pqk/p5pp/1p6/2n5/5PP1/PP4P1/1KQ4R w - - 0 31	b2b3	b2b3	0.0	0.0	0.0	0.0	-452	500000
mqr-1c7f2bec4e07dc76	train	1r5r/4p1k1/5nbp/p1p5/2P4P/qB4Q1/P1P2PP1/1K1R3R w - - 0 24	h4h5	h4h5	0.5975	0.5975	0.0	0.0	192	500000
mqr-c3946e5484dffc24	train	r2qk2r/1p2bppp/2n1bn2/p1Pp2B1/8/P1N1PN2/1P3PPP/R2QKB1R w KQkq - 0 10	d1b3	a1c1	0.4895	0.9765	0.48700000000000004	0.48700000000000004	172	500000
mqr-ad3f2c9692ced875	train	rnb1kb1r/1p1n1pp1/p3p2p/4P3/3N3B/q1N5/P1PQ2PP/1R2KB1R w Kkq - 1 13	f1e2	c3e4	0.0505	0.506	0.4555	0.4555	0	500000
mqr-05be077302934457	validation	r1q1r1k1/p1p2pnp/1p1p2p1/2nQ2P1/2P1P2P/1P6/P3NPB1/2KR3R w - - 3 18	g2f3	f2f3	0.5	0.5695	0.0695	0.0695	-14	500000
mqr-27d40545b2fe57e0	train	r1bqk2r/p1pp1ppp/1np5/4P3/1bP5/3B4/PP1B1PPP/RN1QK2R b KQkq - 4 9	b4d2	a7a5	0.402	0.434	0.03199999999999997	0.03199999999999997	-44	500000
mqr-75dd2420be01c702	train	8/4r1k1/8/6pp/4r3/6PK/2R4P/5R2 b - - 2 48	e4e2	e4e2	0.5	0.5	0.0	0.0	0	500000
mqr-1e631cc5a28879d8	train	7r/p4p2/7q/3PpP2/3nP1p1/2k2P2/P4K2/1QR5 b - - 7 45	h6c1	h6c1	0.0	0.0	0.0	0.0	-635	500000
mqr-90eeda66894d2af9	train	8/6p1/1R3k1p/8/6P1/3nP1KP/r4P2/8 b - - 8 46	f6e7	f6f7	0.5025	0.5065	0.0040000000000000036	0.0040000000000000036	72	500000
mqr-50390c2d37695c45	train	r1bqk2r/pppp1ppp/8/4P3/1b2n1Q1/2N5/PPP2PPP/R1B1KB1R b KQkq - 1 7	d7d5	d7d5	0.0005	0.0005	0.0	0.0	-193	500000
mqr-e1660fa608418841	train	8/8/2Rb2k1/8/6P1/8/6Kp/8 b - - 9 55	g6g5	h2h1q	0.0	0.0	0.0	0.0	-2000	500000
mqr-d530f4a264bc2121	train	4r3/p2q1pk1/2b3pp/1pppR3/5QPN/2P3P1/PP3PB1/6K1 b - - 4 29	g6g5	g6g5	0.0	0.0	0.0	0.0	-358	500000
mqr-c3cf089a706049da	train	3rr1k1/1p1n3p/p1p1p3/3p3p/3PP3/2N4P/PP3PP1/R4RK1 w - - 1 19	a1d1	h3h4	0.515	0.547	0.03200000000000003	0.03200000000000003	107	500000
mqr-2a60e7091c0c3aa0	train	4rk2/3b1p1p/1Q6/p2p3B/P2p4/1P4PK/2Pq4/2R4R w - - 5 40	h5g4	h5g4	0.5	0.5	0.0	0.0	0	500000
mqr-d0edd1edf99ba5c4	train	8/5rkp/6n1/6Q1/4P3/3p3P/2q3P1/3R3K w - - 1 42	g5g4	g5c1	0.0	0.0	0.0	0.0	-596	500000
mqr-f37aa72ae41cc6ad	validation	r1b1k2r/p2p3p/2p1p3/2P1n3/1b1Kp3/8/PP4PP/R1B2B1R b kq - 1 18	e5g4	e5g4	1.0	1.0	0.0	0.0	678	500000
mqr-8fb621a94afafb02	train	R2r1b2/5kpp/2n1pp2/1p6/5P2/1PBNP3/4KP1P/3R4 b - - 0 30	d8a8	d8a8	0.4995	0.4995	0.0	0.0	0	500000
mqr-6134df7692d32f05	validation	7k/4K2p/7P/4N1P1/8/8/b7/8 b - - 30 104	a2b1	a2b3	0.5	0.5	0.0	0.0	-213	500000
mqr-7d3627f2e993aadb	train	r3k2r/1p3pp1/pqb1p3/2p1P1Np/3p1P2/1P1P2nP/1PPBQ1P1/R4RK1 w kq - 1 20	e2f2	e2f2	0.212	0.212	0.0	0.0	-57	500000
mqr-a2d7f20c6666957f	train	r1bq1rk1/ppp2ppp/2np1n2/2bNp3/4P3/3B1N1P/PPPP1PP1/R1BQ1RK1 w - - 2 8	c2c3	d5f6	0.492	0.4915	-0.0005000000000000004	0.0	2	500000
mqr-935019e28fcce72f	validation	r4rk1/p3Qpbp/4p3/1pp1PpN1/5P2/1P2q3/P1P3PP/3R1R1K w - - 4 24	g5e6	g5e6	1.0	1.0	0.0	0.0	314	500000
mqr-10637235ff08057d	train	7R/p1k2p2/2p1p3/1p1r1pP1/1qNP1P2/1P2QP2/P7/K7 w - - 0 32	g5g6	g5g6	1.0	1.0	0.0	0.0	970	500000
mqr-22eef47257a11a0d	train	3q1rk1/1bpp1ppp/8/8/B4b2/P4N2/1P3PPP/3Q1RK1 w - - 0 20	a4d7	a4d7	0.5035	0.5035	0.0	0.0	-29	500000
mqr-3aa10ec974778101	train	r1b2n1r/2b1kppp/1pp2n2/p3p1N1/P1B1P1P1/2N1B2P/1PPR1P2/2KR4 b - - 3 15	f8e6	f8e6	0.103	0.103	0.0	0.0	-71	500000
mqr-e0fc87283a0d440f	train	r2qrbk1/2p2pp1/p1np1n1p/1p2p3/3PP3/1PP2NN1/1P3PPP/R1BQR1K1 b - - 0 14	e5d4	d6d5	0.4855	0.494	0.008500000000000008	0.008500000000000008	-26	500000
mqr-c655f1917529d34a	train	2k4r/ppp2ppp/4pnq1/Q7/1PP5/P2rB2P/5PP1/R3R1K1 b - - 5 22	a7a6	a7a6	0.0	0.0	0.0	0.0	126	500000
mqr-91b197a416c3b2c0	validation	r3qrk1/5pb1/p1b1p1p1/P1N1P1Bp/1p1P2nP/7R/BPPQ2P1/1K2R3 b - - 2 25	e8c8	e8c8	0.0	0.0	0.0	0.0	-260	500000
mqr-10871128bcfb1f0d	train	r1b2b1r/ppN3pp/3pP3/1N2nQ1k/6nq/3B4/PPPB1PPP/R3K2R b KQ - 6 17	g7g5	g7g5	0.0	0.0	0.0	0.0	-2000	500000
mqr-15bcf37632c9a25a	train	8/8/1p2b3/p4kp1/P2KN3/1P6/7P/8 w - - 2 52	e4d2	e4d2	0.5	0.5	0.0	0.0	0	500000
mqr-d261dad5473d41c3	train	rn1qk2r/1bpp1ppp/1p2pn2/p7/2PP4/5NP1/PP1bPPBP/R1BQ1RK1 w kq - 0 8	c1d2	d1d2	0.545	0.571	0.025999999999999912	0.025999999999999912	55	500000
mqr-049c96bd19ccc1c1	train	rnbq1rk1/pp2ppbp/5np1/3P4/3N4/6P1/PP2PPBP/RNBQ1RK1 b - - 0 8	f6d5	f6d5	0.492	0.492	0.0	0.0	-39	500000
mqr-358af45cd270ae70	train	6rr/5n1p/1n1k1p2/p1p1pPp1/PpPpP1P1/1P1P1BKP/4N2R/7R w - - 11 36	g3f2	g3g2	0.5	0.5	0.0	0.0	25	500000
mqr-c45ddf3d37c5b447	train	8/5Q2/8/6bk/3N4/6p1/6K1/3q4 b - - 9 61	h5g4	h5g4	0.5	0.5	0.0	0.0	0	500000
mqr-7cf98bcaf7a85f34	train	2k5/4Q3/1K6/8/8/8/8/8 w - - 32 75	e7c7	e7c7	1.0	1.0	0.0	0.0	2000	500000
mqr-6332f1dcea805bd2	train	8/8/3KN3/2P5/2k5/8/6b1/8 w - - 8 60	e6f8	e6f8	0.5	0.5	0.0	0.0	0	500000
mqr-ff43cf5549352ac4	train	r2q2k1/1p1b1pr1/p2p1Rp1/2pP3p/P1P1PB1P/1P6/2Q1B1P1/6K1 w - - 3 26	c2b2	c2c3	1.0	1.0	0.0	0.0	186	500000
mqr-ffebb5fea9e5ce61	validation	5r1k/pp3rp1/7p/8/8/P5Pq/1P2RPQP/5RK1 b - - 4 26	h3f5	h3d7	0.0295	0.042	0.012500000000000004	0.012500000000000004	-159	500000
mqr-17878b9a379fbeea	train	1rb2rk1/p4p2/2pb1p1p/3p4/8/2NB4/PPP2PPP/1R2R1K1 w - - 0 16	c3e2	c3d1	0.4995	0.5	0.0005000000000000004	0.0005000000000000004	9	500000
mqr-0395c17025a3e144	train	2r1r1k1/2q3pp/2pb1p2/1p1pN3/1P1PnP2/4B2P/1Q3PP1/1R1R2K1 w - - 0 25	e5d3	e5d3	0.417	0.417	0.0	0.0	-66	500000
mqr-236cbc1f4bac81fa	validation	r1bq1rk1/pppp1pbp/2n3p1/8/2PNn3/3BB3/PP3PPP/RN1QK2R w KQ - 0 9	d3e4	d3e4	0.9985	0.9985	0.0	0.0	15	500000
mqr-5aa97b20d4a5e6e1	validation	rn1qk2r/1bp2ppp/1p2pn2/pN1p4/2PP1Q2/P4N2/1P2PPPP/R3KB1R b KQkq - 1 9	b8a6	b8a6	0.476	0.476	0.0	0.0	-48	500000
mqr-0a570e2f9c5c2a9b	train	r4rk1/pp2bppp/1q2p3/2n5/b2BP3/1N6/PPQ1BPPP/2R2RK1 b - - 12 15	a8c8	a8c8	0.5085	0.5085	0.0	0.0	5	500000
mqr-5661479fcded35dc	train	3qrbk1/pp3p1p/2p1bPp1/6Q1/6P1/2B4P/PPP3B1/1K5R w - - 0 27	g5a5	h1e1	0.3785	0.5005	0.12199999999999994	0.12199999999999994	-5	500000
mqr-486f58075613ca61	train	6k1/R4ppp/8/3p4/3N2K1/P3P3/r5rP/8 w - - 0 30	g4f5	g4f4	0.0	0.0	0.0	0.0	-478	500000
mqr-ef482a4513c7bf81	train	2r1r1k1/1q1b2pp/p2bp3/3p1p2/P2NnP2/2P1B1P1/1PQ1B2P/R4RK1 w - - 2 22	d4f3	c2b3	0.463	0.484	0.020999999999999963	0.020999999999999963	-36	500000
mqr-31e82160914fd948	train	r1b2rk1/1p2q1p1/p4p1p/2b1p3/2Pp1P2/1P1P2P1/P2NR1BP/R2Q2K1 b - - 0 17	g8h7	c8g4	0.173	0.47	0.297	0.297	-7	500000
mqr-e231d08aee68902f	train	r1b1k2r/2q2ppp/p1p1pn2/8/4pP2/1PQ5/P1P1B1PP/R1B2R1K b kq - 0 14	e8g8	e8g8	0.4765	0.4765	0.0	0.0	-115	500000
mqr-efc50e4f27ef2135	train	r1b1kb1r/pp2pppp/1qnp1n2/8/3NP3/2N1B3/PPP2PPP/R2QKB1R b KQkq - 3 7	a7a6	a7a6	0.4095	0.4095	0.0	0.0	-47	500000
mqr-d476f67d83470966	train	r1b1rb2/pp3kp1/1qpppn1p/5p2/2PP1N1P/8/PP1QRPPB/1B3K1R w - - 9 21	h4h5	f2f3	0.01	0.2395	0.22949999999999998	0.22949999999999998	-57	500000
mqr-5be9610ba8361038	train	2r3k1/1p2qppn/1B2p3/3pP2p/1r5P/2b1RNP1/5P2/1R1Q2K1 w - - 8 30	b6d4	b1c1	0.0	0.0	0.0	0.0	-241	500000
mqr-73056b43591479b6	train	4b2r/6kP/1n1p1p2/1p1PpPp1/pPp1P1N1/P1P2B2/6K1/7R b - - 4 46	b6d7	b6d7	0.5005	0.5005	0.0	0.0	123	500000
mqr-9fbc970924b16b33	train	8/7Q/1p2nkp1/2p5/8/7P/Pr4P1/6K1 b - - 0 34	b2a2	b2a2	0.497	0.497	0.0	0.0	0	500000
mqr-85c0257363f2d335	train	1r6/3kbp1p/4p3/PPn1P3/2R2P2/2P2K2/1R5P/8 b - - 0 45	d7c7	d7c7	0.0	0.0	0.0	0.0	-363	500000
mqr-e6079c3515c0807f	validation	2r2r1k/pp4p1/3p2QP/3P1p2/5B2/3p4/Pq6/4RK1R b - - 0 29	h8g8	b2e2	0.0	0.0	0.0	0.0	-2000	500000
mqr-1c72fcb70bdf2a64	train	r2r2k1/5p1p/1qp1p1p1/p3P3/2PpnP2/1P1R3P/P5P1/1NRQ1K2 b - - 7 27	a5a4	a5a4	0.9935	0.9935	0.0	0.0	210	500000
mqr-868fdec454ce7856	train	5r1k/pp4rp/1bnp4/6NQ/3p4/2P5/P4PPP/RN4K1 w - - 3 25	g5e6	b1d2	1.0	1.0	0.0	0.0	795	500000
mqr-cdf7d671facf704d	train	rnb2r2/pppp1qk1/1b5p/3n1N2/8/3B1N1P/PP3PP1/R1BQ1RK1 b - - 3 17	g7h8	g7h8	0.0	0.0	0.0	0.0	-726	500000
mqr-32183755573adb32	validation	2b5/5p2/6kp/3pPpp1/p1rp1P2/P2K2P1/1PN4P/3R4 w - - 5 34	d1d2	c2d4	0.498	0.5	0.0020000000000000018	0.0020000000000000018	0	500000
mqr-7d03ea3bffd0f04b	train	8/5p2/4p3/3p2bp/rBrR1k2/P1P2P2/2P1K3/1R6 b - - 3 42	c4d4	c4d4	0.6225	0.6225	0.0	0.0	33	500000
mqr-d409cbd5d918ce4a	validation	2r2rk1/1q1pbppp/p6n/1p2PP2/3Q4/2N5/PP4PP/R1B2R1K b - - 0 17	c8c4	c8c4	0.0	0.0	0.0	0.0	-95	500000
mqr-ee9f23f623b42bf3	validation	8/5p2/4p1k1/p5r1/Pp6/1PbK4/5Q2/8 b - - 3 57	g5g4	c3e5	0.5035	0.5015	-0.0020000000000000018	0.0	236	500000
mqr-4d13d807982e4b0c	train	r4rk1/pp2npp1/2p1p2p/2N1P3/3P1PP1/1R5P/q7/3Q1RK1 w - - 1 24	f1f2	f4f5	0.5	0.5	0.0	0.0	35	500000
mqr-5bb054496997c149	train	2rr2k1/1bqn1pbp/pp1ppnp1/8/P1PP4/BPN2NP1/4QPBP/2RR2K1 b - - 2 16	g7h6	d8e8	0.49	0.485	-0.0050000000000000044	0.0	-62	500000
mqr-bdf02937f421746e	validation	2r2rk1/1pq2ppp/p1n1b3/4p3/8/2P1B3/PPQ1BPPP/R3K2R w KQ - 3 18	c2a4	c2a4	0.498	0.498	0.0	0.0	-57	500000
mqr-9e35de6e6a596b10	validation	2r1r2k/p5p1/1p2b2p/8/1P2nP2/PN4PP/B2R4/2R3K1 b - - 2 45	e4d2	c8c1	1.0	1.0	0.0	0.0	977	500000
mqr-68280c7fec4c4031	train	8/3N4/p5p1/5p1p/1P1k4/1P3P2/6PK/8 w - - 3 66	d7b8	d7b8	1.0	1.0	0.0	0.0	937	500000
mqr-b9e01b944a62dc19	train	2r2r2/1p1n1k2/p3p1p1/P2b1p2/1P1B3P/3B1P2/5KP1/2R1R3 b - - 0 29	d5c6	d7b8	0.332	0.492	0.15999999999999998	0.15999999999999998	-50	500000
mqr-6103058eb86f6def	train	r2q1rk1/pp1bb1pp/2n2p2/3pPp2/3P4/5N2/PPN2PPP/R1BQ1RK1 w - - 0 13	f1e1	f1e1	0.508	0.508	0.0	0.0	50	500000
mqr-deb1ebe95fc5cb30	train	r2qk2r/1p1nbpp1/2p1pn1p/p2p1b2/2PP4/PP2PN2/1B1NBPPP/R2Q1RK1 b kq - 2 10	e8g8	e8g8	0.504	0.504	0.0	0.0	12	500000
mqr-4deb9546f63fe96a	train	1rbqkb1r/1ppn1ppp/p3pn2/8/Q1BPP3/2N2N2/PP3PPP/R1B1K2R w KQk - 1 8	c4d3	a4c2	0.5235	0.5215	-0.0020000000000000018	0.0	0	500000
mqr-6c77583efdf6ca89	train	r1bq1rk1/4bppp/p2p1n2/2p5/Pp2P3/1B1Q4/1PPN1PPP/R1B1R1K1 b - - 3 13	f6g4	a6a5	0.4175	0.468	0.050500000000000045	0.050500000000000045	-39	500000
mqr-e33ab47c227e813e	validation	r1b1kbnr/pp3ppp/2n1p3/8/1qBpN3/8/PPPN1PPP/R1BQK2R w KQkq - 6 9	d1h5	e1g1	0.2315	0.507	0.27549999999999997	0.27549999999999997	-89	500000
mqr-3d0e425fdd524805	validation	r4rk1/1pp1bppp/2n2n2/3Np3/p3P3/P1P2NPq/1P2QP1P/R1B2RK1 b - - 1 15	f6g4	f6g4	0.5155	0.5155	0.0	0.0	26	500000
mqr-c120def09ac39031	train	r5k1/2p3p1/p1pp4/3Pp1N1/1P1n4/P6P/R5P1/6K1 w - - 2 27	d5c6	d5c6	0.271	0.271	0.0	0.0	-216	500000
mqr-7f363bceefe7035b	train	3r2k1/pp3pbp/6p1/1b6/1PR1Q3/q3PK2/3N2PP/2R5 b - - 1 29	b5c4	b5c4	1.0	1.0	0.0	0.0	271	500000
mqr-13c72166b3e6a176	train	8/pn1R2pk/5p2/2p1rPP1/2P5/3Q2K1/Pr6/8 b - - 0 35	b2e2	b2e2	0.0	0.0	0.0	0.0	-852	500000
mqr-76fd61ab1f50e766	train	6k1/4bpp1/1q2p2p/3pP3/p2P4/2Q5/P1NK1PPP/8 b - - 0 31	b6b1	b6b1	1.0	1.0	0.0	0.0	262	500000
mqr-41170463f975b249	train	r1br2k1/p1q2pbp/1p4p1/4p3/2RpPP2/1P1Q4/1PPBN1PP/5RK1 b - - 3 19	c7e7	c7e7	1.0	1.0	0.0	0.0	112	500000
mqr-83630bcad75d49a0	train	r5k1/2B1bpp1/b6p/1p1n4/3Pn3/1P1BP2P/5PP1/1NR3K1 w - - 0 26	d3e4	d3e4	1.0	1.0	0.0	0.0	357	500000
mqr-290fd9c5fe29159a	train	r3kb1r/pp1qpp1p/2np1np1/2p5/2P1P3/3P1N2/PP3PPP/RNBQ1RK1 w kq - 0 8	a2a3	h2h3	0.4985	0.497	-0.0015000000000000013	0.0	2	500000
mqr-c8c39cca63cbfe22	validation	2rr4/4k2p/2p1npp1/1p6/p2NPP2/P3K2P/1PPR4/3R4 b - - 6 31	d8d4	d8d4	0.5	0.5	0.0	0.0	0	500000
mqr-04089a3e40aeee7e	train	7k/p1b3pp/8/6rP/3P3q/2P2B2/PP3R1P/5Q1K b - - 2 38	g5f5	g5f5	0.0	0.0	0.0	0.0	-275	500000
mqr-19b196d486f05475	train	8/1R4pk/7p/p1p5/P7/2P4P/1P3PPK/3r4 b - - 2 43	d1a1	d1a1	0.0	0.0	0.0	0.0	-340	500000
mqr-93a0d32fac8f1e1a	train	r2q1rk1/1pp3p1/p2pp1b1/P3p1B1/1P2P3/2PP3P/3Q1P1K/R5R1 b - - 0 22	d8e8	d8d7	0.0	0.058	0.058	0.058	-76	500000
mqr-9f86f54107a424fa	train	r1b2q2/pp4rB/2n1pk2/2p4Q/3p4/3R4/PPP2PPP/R5K1 w - - 0 27	d3f3	d3f3	1.0	1.0	0.0	0.0	1045	500000
mqr-b5054ac7525e3d1f	train	8/1p1r4/pB6/P7/7k/5p2/4bP1K/6R1 w - - 14 60	g1g8	g1g3	0.5	0.5	0.0	0.0	-124	500000
mqr-b74ec04dea64242b	validation	r4rk1/ppq1bppp/2npbn2/2p1p1B1/P1B1P3/N1PP1N2/1P3PPP/R2QR1K1 b - - 6 12	f6h5	a8d8	0.1725	0.4975	0.325	0.325	-28	500000
mqr-2dd11cfa2ff54960	train	3r1k2/1R4p1/3P3p/2p2P2/1p1p4/1P1P2P1/r5BP/6K1 b - - 0 29	d8d6	d8d6	1.0	1.0	0.0	0.0	575	500000
mqr-229d2d9017d36807	train	8/8/1p4R1/p7/P6P/1P1K4/6pk/4r3 w - - 5 61	h4h5	h4h5	0.0	0.0	0.0	0.0	-799	500000
mqr-ee121d9642787c8b	validation	3r3r/p3kppp/2Qbp3/5qPb/3P4/2P1B2P/PP3PB1/4RRK1 w - - 3 21	f2f4	c3c4	1.0	1.0	0.0	0.0	440	500000
mqr-4432d46fc6144c94	train	8/q3n1k1/5p1p/4p1p1/p1N1P3/Q1P3P1/5PP1/6K1 b - - 0 40	e7c8	h6h5	0.483	0.4975	0.014500000000000013	0.014500000000000013	-166	500000
mqr-b74669dc31fef154	train	2kr1b1r/ppqbn1p1/4p2p/3pP3/1Pp2P2/2P2N2/P1B3PP/R1BQ1RK1 b - - 1 14	e7c6	g7g6	0.0015	0.004	0.0025	0.0025	-76	500000
mqr-efc4508f8ec070df	train	8/5q2/k7/p3P3/P1pp4/1R6/K7/2R5 w - - 0 50	b3b8	b3b5	0.0	0.0	0.0	0.0	-523	500000
mqr-d67cdcd09bfdf09c	train	1rbr1k2/1p1p1ppp/pNnRp3/4P3/B7/8/PP4P1/3R2K1 b - - 4 25	c6e5	c6e5	1.0	1.0	0.0	0.0	515	500000
mqr-c3569cc439385b1a	train	3b4/5p2/R3pkp1/1P5p/7P/4PKP1/1r2BP2/8 w - - 23 54	e2c4	e2f1	0.5015	0.5065	0.0050000000000000044	0.0050000000000000044	61	500000
mqr-d1563b696d2f515f	train	3q1r2/1Q2ppkp/6p1/2p2b2/8/6P1/P3PPBP/5RK1 w - - 0 19	f1c1	g2d5	0.5	0.5	0.0	0.0	0	500000
mqr-27c496e9a349a116	train	r2r2k1/1ppq1pp1/2np1n1p/4p3/p3P3/2PPbN1P/PPQ2PP1/R3RNK1 w - - 0 15	f1e3	f1e3	0.504	0.504	0.0	0.0	9	500000
mqr-f9d96b6e34ec425d	train	8/1p3p1p/5p2/p1k5/7P/5P2/1RNr4/4K3 b - - 1 44	d2d7	d2d7	0.499	0.499	0.0	0.0	0	500000
mqr-6f34f37310742790	train	2k4r/ppp2p2/2n1p3/3pP1rp/3P2pR/2PN4/PP3PP1/R3K3 w Q - 0 19	b2b3	g2g3	0.039	0.233	0.194	0.194	-162	500000
mqr-15136ac9b01a7db2	train	8/4Rp1k/p1b2r2/3q4/6pp/P4P2/4N1PP/4Q1K1 b - - 0 40	d5c5	g4f3	1.0	1.0	0.0	0.0	628	500000
mqr-e02cccb3bb03b106	train	r4rk1/pp1b1ppp/3b1n2/q4NB1/4p3/1BP4Q/PP3PPP/R3R1K1 w - - 2 18	g5f6	g5f6	0.5025	0.5025	0.0	0.0	77	500000
mqr-b2a9a4d0fb61c77e	train	r1b1kb1r/1p1n1ppp/p2ppn2/6B1/2BNP3/2N5/PqPQ1PPP/R4RK1 w kq - 0 10	a2a3	c4e6	0.3555	0.9955	0.6400000000000001	0.6400000000000001	-79	500000
mqr-9eec6a3665558b1d	validation	2b5/5p2/1P1k4/8/7P/5B2/7K/8 b - - 2 46	c8a6	d6e7	0.0	0.0	0.0	0.0	-900	500000
mqr-d3923bb379ff38c6	train	4qr2/p7/1pN2B1k/2pQ2p1/3p3p/3P4/PPP2PPP/R5K1 b - - 0 29	f8f6	f8f6	0.0	0.0	0.0	0.0	-939	500000
mqr-1fb507bea1337785	train	5rk1/1p1r2bp/p3p1p1/2q1p1B1/P3Q3/2P4P/1P2RPP1/R5K1 b - - 0 21	a6a5	c5d5	0.1425	0.221	0.07850000000000001	0.07850000000000001	-16	500000
mqr-fcfb5aca3ef9c4bd	train	2r5/3brkpn/2q1pp1p/p2p3P/1p1P1PP1/P3Q1B1/1PPR4/1NK3R1 b - - 1 24	e7e8	f7g8	0.5015	0.9175	0.41600000000000004	0.41600000000000004	-25	500000
mqr-3217dff170c9d0c8	train	1k1r4/4n3/rp1p1n1p/pN1PpPp1/B1P3P1/1P1KP2P/R7/7R w - - 15 51	b5c3	a2e2	1.0	1.0	0.0	0.0	394	500000
mqr-a40bf6ea2bf47b6d	train	2r5/3k3p/1p2pp2/3p1p2/P2P4/1NPn4/2R2KPP/8 w - - 2 27	f2e2	f2f1	0.0	0.0	0.0	0.0	-491	500000
mqr-5e9f70f3e4e36385	train	rn1q1rk1/pp2ppbp/6p1/3p1b2/3Pn3/2N2NP1/PP1BPPBP/R2QR1K1 w - - 0 11	d2e3	e2e3	0.495	0.501	0.006000000000000005	0.006000000000000005	32	500000
mqr-02407d84b225cf4e	train	8/5k2/p3r1pp/2rNpp2/2P5/4KN2/P1R3P1/8 b - - 2 36	c5a5	g6g5	0.5	0.502	0.0020000000000000018	0.0020000000000000018	0	500000
mqr-8d4e8cbdf9ef0dd0	train	4r1k1/Bp2bppp/2p5/4nq2/1PP1p3/P6P/3RQPP1/3R2K1 b - - 0 28	f5g6	f5g6	0.0035	0.0035	0.0	0.0	-153	500000
mqr-b892fb3ee9cdf52b	train	2r1rbk1/p4ppp/bp6/2p4q/2NPp2P/1P2P1P1/PB3P2/1QR2RK1 w - - 0 24	c1d1	d4c5	0.0	0.0145	0.0145	0.0145	-96	500000
mqr-716d9d8a51c919c6	validation	2R3n1/4b2k/r2p1n2/p2Pp1r1/4Pp2/P7/3NBBP1/1R4K1 w - - 0 34	e2a6	d2f3	1.0	1.0	0.0	0.0	901	500000
mqr-c497558a90b9bd24	train	r1bq1rk1/pp3pp1/2pbpn1p/8/2PP4/5N2/PPB2PPP/R1BQ1RK1 w - - 0 12	d1d3	f3e5	0.679	0.914	0.235	0.235	83	500000
mqr-12527c3aa41f17c2	train	1r1q1rk1/p2nbppp/b3p3/2p5/P2PQ3/B1P2NP1/5PBP/R3R1K1 b - - 0 15	b8b3	a6b7	0.3935	0.506	0.11249999999999999	0.11249999999999999	109	500000
mqr-8e7ea129a61d548d	train	2r1r1k1/5pp1/p3pb1p/q1Np4/1p1P4/2P4P/PP2QPP1/1R2R1K1 w - - 7 27	c5b7	e1c1	0.459	0.462	0.0030000000000000027	0.0030000000000000027	0	500000
mqr-130242f3b3a9077a	train	r1b2rk1/ppq2ppp/4p3/3n4/8/PNPP4/3B1PPP/R2QR1K1 b - - 0 15	d5c3	c8d7	0.5035	0.5095	0.006000000000000005	0.006000000000000005	24	500000
mqr-dcfb98cfbea7d395	train	r5k1/6p1/2b5/8/P7/1P1R1P2/5K1P/8 w - - 1 38	d3d6	f2e3	0.5	0.5	0.0	0.0	0	500000
mqr-b1f1a0e7cb4d84d3	validation	6k1/p5p1/1p4qp/1p1p1p2/2nP1Q2/PN3PP1/8/4K3 w - - 0 34	b3c1	b3c1	0.0	0.0	0.0	0.0	-580	500000
mqr-5fa720e9f501fa64	validation	1kn3r1/1p1bqp2/p1pp1b2/4pP2/PPN1P1rp/1BP2N2/1K3QPR/3R4 w - - 1 27	f2c2	f2e2	0.0	0.0	0.0	0.0	-110	500000
mqr-a1150870a29c9687	validation	8/1R6/8/7p/5bk1/r7/6K1/8 w - - 4 73	b7b1	b7g7	0.0	0.0	0.0	0.0	-925	500000
mqr-0c3157a7e003b2fa	train	8/5k1p/p4n2/4Bp2/3p1P2/1P1P4/P5BP/2r3K1 w - - 3 32	g2f1	g1f2	0.0	0.0	0.0	0.0	-369	500000
mqr-48bba47fdf61e6e8	train	2r3k1/p2n1ppp/1pq1pn2/3b4/P2P4/2PB1N1P/3BQPP1/4R1K1 w - - 3 20	f3e5	f3e5	0.5035	0.5035	0.0	0.0	112	500000
mqr-6e9d3547eea152e3	train	r2q1rk1/pb2bppp/1n2pn2/1Pp3B1/8/PQN1PN2/4BPPP/R3K2R b KQ - 2 15	c5c4	c5c4	0.677	0.677	0.0	0.0	70	500000
mqr-c94db4902b8cbd71	validation	rn1q1rk1/pb2bppp/1p3n2/2pp4/3P4/1PN1PN2/PB2BPPP/R2QK2R w KQ - 2 10	d1d3	a1c1	0.502	0.5125	0.010499999999999954	0.010499999999999954	-15	500000
mqr-5a7e795af5725119	train	rn1r2k1/pp3pbp/2p2np1/8/2P1p1b1/1P3PP1/PB2P1BP/RN2NRK1 b - - 0 12	e4f3	e4f3	0.5545	0.5545	0.0	0.0	84	500000
mqr-d4d8be804956e1c9	train	8/8/3r2k1/5pp1/1R6/6P1/5PK1/8 b - - 7 79	g5g4	g6h5	0.5	0.5	0.0	0.0	0	500000
mqr-dd7aff85290b3a07	train	R4b2/3r1pp1/2k1p3/1p2P2P/2p1P3/2B1PK2/1P6/8 b - - 3 42	f8c5	f8c5	0.5	0.5	0.0	0.0	0	500000
mqr-84c35133af8fc270	train	rn3rk1/pbq1bppp/1p2pn2/2ppN3/2P5/1P1P2P1/PB1NPPBP/R2QK2R w KQ - 5 10	e1g1	e1g1	0.5	0.5	0.0	0.0	10	500000
mqr-6aeeac865cd8d5fa	train	8/6k1/4K1p1/1P1B4/2P1P3/5rp1/8/R7 b - - 1 49	f3b3	g3g2	0.0	0.0	0.0	0.0	-1439	500000
mqr-fcfec3f4811afc3a	train	2n2rk1/p4p1p/4bBp1/1p2P2P/1Pp2PP1/P4B2/8/3R2K1 b - - 3 32	c8b6	c8b6	0.0485	0.0485	0.0	0.0	0	500000
mqr-7dde1e05b3cde702	train	4r3/p3kp1p/2p5/3p1p2/R7/1PR2P2/P1P2PKP/4r3 b - - 3 25	e8g8	e8g8	0.503	0.503	0.0	0.0	0	500000
mqr-0207bdf52553bc00	validation	5rk1/pQ5p/4q3/1P2B1r1/1P1P4/5pPP/5P1K/4R3 b - - 2 34	e6f7	e6a2	0.0	0.0	0.0	0.0	-304	500000
mqr-195122cd9a52f53e	validation	2r2rk1/5p1p/4p1p1/pn1p4/R4PP1/1BP5/PP2R2q/1K1Q4 b - - 1 33	h2h3	h2g3	0.5	0.8915	0.39149999999999996	0.39149999999999996	102	500000
mqr-4a998b3c2772a0c9	validation	r4r2/3n1pkp/2p3p1/1q2p1Pn/pp1PP1N1/7N/PPPQ3P/1K2R2R w - - 0 20	e1e3	e1d1	0.495	0.5	0.0050000000000000044	0.0050000000000000044	42	500000
mqr-807d4cd83f6c149b	train	1b2r3/6pk/5n1p/3P4/PP2q1bQ/4B3/5PPP/R1R3K1 w - - 5 31	e3h6	h2h3	0.5	1.0	0.5	0.5	306	500000
mqr-3ce68f40a186179c	train	2Rq4/3P2k1/4p1p1/p3Pb1p/8/5P2/3Q2P1/6K1 b - - 4 39	d8b6	d8b6	0.0	0.0	0.0	0.0	-2000	500000
mqr-395954458ba3a602	train	r3k2r/pp3ppp/2p1pB2/4P2b/4q3/2P1Q3/PP3PPP/R3KB1R b KQkq - 2 15	e4e3	e4e3	0.4915	0.4915	0.0	0.0	-42	500000
mqr-cdb32a12c101f28a	validation	4r3/pb1pk2p/5Rp1/2p3P1/2P5/8/PP2B2P/4K3 w - - 3 33	e1f2	e1f2	0.5	0.5	0.0	0.0	16	500000
mqr-86ec113ace5650dc	train	r2q1rk1/ppp2pbp/n2p1np1/8/2PBP3/2N2B2/PP3PPP/R2QR1K1 b - - 0 11	c7c6	c7c6	0.47	0.47	0.0	0.0	-50	500000
mqr-7e73474829d73542	validation	r1b2rk1/3nbppp/pqn1p3/1pppP3/3P1P2/2P1BN2/PP1NB1PP/R2Q1R1K b - - 5 12	g7g6	b5b4	0.0665	0.3705	0.304	0.304	9	500000
mqr-25d438a145514e34	train	5rk1/3R1p1p/6p1/R7/5n2/P4P1P/5P2/1r3BK1 w - - 1 27	d7e7	a5a4	0.0	0.4945	0.4945	0.4945	0	500000
mqr-518d2d68e86a1513	train	r1bq1rk1/pp2ppbp/1np2np1/8/3PP3/2N1BN1P/PPQ2PP1/3RKB1R w K - 2 11	a2a4	f1d3	0.991	0.9955	0.0045000000000000595	0.0045000000000000595	128	500000
mqr-fe52d035c193818e	validation	2k5/ppp4p/8/2N3p1/2n5/2P5/PPr2PPP/3RK3 b - - 6 23	c2b2	c4b2	0.502	0.504	0.0020000000000000018	0.0020000000000000018	0	500000
mqr-49e7e9df64d643ab	train	r1qrb1k1/pp3pb1/2p1pn1p/4n3/3PP1P1/1Q4BP/PP2N1B1/2RR2K1 w - - 0 25	g3e5	g3e5	1.0	1.0	0.0	0.0	169	500000
mqr-b27f7378bc5969fd	train	1r2k2r/1bq1bppp/p1n1p3/1p2P3/2n2BP1/PNN5/1PP1Q1BP/2KRR3 w k - 5 18	a3a4	c1b1	0.0005	0.486	0.4855	0.4855	-20	500000
mqr-d479ee47365da155	train	r5k1/6p1/4q2p/2p5/1nP1n3/2N2N1P/3Q2P1/1R4K1 w - - 0 28	d2e2	d2e2	0.5	0.5	0.0	0.0	0	500000
mqr-cfa9db402cf22663	train	2r3k1/5p2/1q4p1/4Q2p/1pp4P/4P1P1/1P3P2/2R3K1 b - - 0 30	b6c5	b6d8	0.5	0.5015	0.0014999999999999458	0.0014999999999999458	284	500000
mqr-0987a7d79dd0354f	train	r1bqk1nr/1pp2p2/2npp2b/6p1/p1BPP2p/P1NQBN1P/1PP2PP1/R3K2R w KQkq - 3 11	d4d5	c4b5	1.0	1.0	0.0	0.0	211	500000
mqr-a4896341106aaa38	validation	1r4k1/5p2/q5pp/8/8/1R2P1PP/1Q3P1K/8 b - - 0 43	b8b3	b8e8	0.499	0.4995	0.0005000000000000004	0.0005000000000000004	-112	500000
mqr-2c3693d744ac755c	train	r2rn1k1/3nqpbp/p1b3p1/1pp1p3/4P3/1PP2NNP/PBB1QPP1/3RR1K1 b - - 7 18	a6a5	d7f8	0.499	0.533	0.03400000000000003	0.03400000000000003	4	500000
mqr-c364c1bba6bb4953	train	8/6pp/2Q2nk1/5pr1/4q3/8/1P4PP/6RK w - - 11 41	c6a6	c6e4	0.0	0.0	0.0	0.0	-663	500000
mqr-724e4b750664bde7	train	r1bq1r2/1pp1ppbk/p1n3pp/3n4/P1BP4/2P2N2/1P1N1PPP/R1BQR1K1 w - - 0 11	c4b3	d2e4	0.856	0.945	0.08899999999999997	0.08899999999999997	90	500000
mqr-916944625c3c0fe6	train	rnbqk2r/pp2ppbp/6p1/2p5/3PP3/2P2N2/P4PPP/R1BQKB1R w KQkq - 0 8	c1e3	c1e3	0.5035	0.5035	0.0	0.0	15	500000
mqr-b7f18a47f336e8b2	validation	8/R1p1ppk1/n2p2pp/3P2P1/3N3P/3bPB2/1r3PK1/8 b - - 0 50	d3c4	b2b8	0.4995	0.5005	0.0009999999999999454	0.0009999999999999454	175	500000
mqr-cbdc5b69b582c8b2	train	8/2p5/4R3/p1pPk3/1pP4P/3K4/r7/8 b - - 3 40	e5f5	e5f5	1.0	1.0	0.0	0.0	197	500000
mqr-b90871ed83e67383	train	8/2r3bp/BRk3p1/P1P1pp2/3p4/7P/5PP1/6K1 b - - 2 38	c6c5	c6c5	0.5	0.5	0.0	0.0	319	500000
mqr-c65b365cae5969ba	train	3rqrk1/pp4pp/2n2p2/3pp3/2NP4/2P1R3/PP2QPPP/R5K1 w - - 0 21	c4d2	c4d2	0.478	0.478	0.0	0.0	-10	500000
mqr-c7ad4ab7ef18912c	train	2rr1nk1/1b2qppp/1n2p3/1pN1N3/1p1P1P2/P5Q1/6PP/1B1RR1K1 w - - 0 24	a3b4	f4f5	0.5305	0.9995	0.4690000000000001	0.4690000000000001	165	500000
mqr-44bfd22ee73232c6	train	r2q1rk1/pp2ppbp/2n2np1/3p1b2/3P1B2/2PB1N1P/PP3PP1/RN1Q1RK1 w - - 6 10	d3f5	d3e2	0.5175	0.514	-0.0034999999999999476	0.0	8	500000
mqr-21d0850cfd9c4ab8	validation	r2qkn1r/p3b1pp/1pb1pn2/2p1p1N1/2P5/2N1B3/PPQ1BP1P/R3K1R1 w Qkq - 2 14	e2f3	e2d3	0.494	0.5085	0.014499999999999957	0.014499999999999957	-16	500000
mqr-f300e7c6b8fa5c4f	train	r2qkb1r/pp1b1ppp/2n1pn2/2p1N3/2pP4/N5P1/PP2PPBP/R1BQ1RK1 b kq - 3 8	c5d4	c5d4	0.4885	0.4885	0.0	0.0	60	500000
mqr-13b7b60e14b6b6c5	train	3r2k1/pb1r1pb1/1pn1qnpp/2p1p3/8/1PNPPN2/P2RBPPP/BQ1R2K1 b - - 7 19	f6e8	g6g5	0.604	0.559	-0.04499999999999993	0.0	109	500000
mqr-d65f2ceb03599874	train	r4rk1/1p4pp/p2Bp3/3n1p2/8/2P5/PP3PPP/3R1RK1 b - - 0 22	f8d8	f8d8	0.5	0.5	0.0	0.0	17	500000
mqr-a25d0d97c1161df4	validation	6k1/7p/1p1Bp1p1/3n4/2p1P2P/6P1/1b3P2/5RK1 b - - 0 29	d5c3	d5c3	0.504	0.504	0.0	0.0	121	500000
mqr-510c42ccfc49098f	train	3rk2r/p2q4/1pn3n1/2pbb1P1/3p1p1p/P2P3P/1PPQNBB1/1R1N2RK w k - 0 22	h1h2	h1h2	0.0	0.0	0.0	0.0	-2000	500000
mqr-257077286ee6947e	train	1qr3k1/1b1n1ppp/p3p3/Qp1p4/3P4/P2BPN1P/1PR2PP1/6K1 w - - 5 26	c2c3	a3a4	0.614	0.689	0.07499999999999996	0.07499999999999996	154	500000
mqr-e99a7f1e161e2da3	train	4k2r/6q1/3p3p/2pP2b1/5B2/2P5/1P4Q1/R5K1 w - - 3 36	a1a8	a1a8	1.0	1.0	0.0	0.0	1219	500000
mqr-477ca47874149a8f	validation	6k1/3Q1p1p/b5p1/4p3/3nP3/5NNP/5PPK/1q6 b - - 1 44	d4f3	d4f3	0.5	0.5	0.0	0.0	0	500000
mqr-270175ac9df23754	train	2k5/1p3pp1/p5b1/3pr2p/7P/3p1BN1/P2N1PPK/8 b - - 1 27	c8d7	c8c7	1.0	1.0	0.0	0.0	522	500000
mqr-38382dd3586ca294	validation	6nk/4P1pp/2pP4/8/1PQ2P2/3R2P1/4q2P/6K1 b - - 4 47	e2e1	e2e1	0.5005	0.5005	0.0	0.0	0	500000
mqr-43f6def5f81ef28c	train	2R5/5k2/4p3/6p1/r7/4PK2/8/8 b - - 15 58	g5g4	f7f6	0.5	0.5025	0.0024999999999999467	0.0024999999999999467	208	500000
mqr-5f59561edbe985b4	validation	rq3rk1/pp1bppbp/3n2p1/8/3B1P2/2PQ4/PP1NB1PP/R2R2K1 b - - 0 15	b8c7	g7d4	0.501	0.505	0.0040000000000000036	0.0040000000000000036	46	500000
mqr-90c3ba05e98d0911	validation	8/1k4R1/8/2P5/2KN4/8/8/7r b - - 12 71	b7a6	b7a6	0.0	0.0	0.0	0.0	-1059	500000
mqr-790d5e8ccf45d431	train	1kr5/ppr3p1/5p2/N6p/1B2Q3/P4Pq1/1P6/1K1R4 b - - 0 28	g3g5	g3g5	0.0	0.0	0.0	0.0	0	500000
mqr-d29317c384c26c67	validation	r4k1r/pp3ppp/3N4/3bp3/Qn5q/4P3/PP3PPP/R3KB1R w KQ - 4 14	e3e4	e3e4	0.824	0.824	0.0	0.0	289	500000
mqr-3a9e25299da8e25d	train	r1b2rk1/pppp1pp1/7p/2b5/3NP3/1BN2Q2/PqP2PPP/5RK1 b - - 0 13	c5d4	c5d4	1.0	1.0	0.0	0.0	380	500000
mqr-7b4429dc31150c18	train	2q1rbk1/1B4pp/1B6/4R3/rp6/2n3P1/P1Q2P1P/2R3K1 b - - 2 30	c8d7	c8d7	0.0	0.0	0.0	0.0	-136	500000
mqr-19cf73763e73955c	train	4k3/3n1pp1/pp2p1r1/1q2Pn1Q/1PpP3P/P7/3N1PP1/2R2RK1 b - - 0 25	b5d5	b5d5	0.4945	0.4945	0.0	0.0	0	500000
mqr-6eada11f0a613f4e	train	r2r2k1/pp4pp/2q5/2b2p2/2P1pn2/2P1R3/PB1N1PPP/2R1Q1K1 b - - 2 22	c5e3	c6g6	1.0	1.0	0.0	0.0	743	500000
mqr-f377ba83124d09db	train	r1bq1rk1/ppp1bppp/3p1n2/8/8/2P1BN2/PPPQ1PPP/2KR1B1R w - - 7 10	d2d4	f1d3	0.4275	0.507	0.07950000000000002	0.07950000000000002	-3	500000
mqr-58075a23eb013cb3	train	2r5/8/5p2/p2p1kpp/P2P3P/3N1PP1/3K4/8 w - - 0 40	d3b2	h4g5	0.0	0.0	0.0	0.0	-608	500000
mqr-4ddaf6f973b015d0	train	8/q5pk/p4p1p/3Q4/2p1pP2/6P1/P4P1P/2R3K1 b - - 1 36	a7e7	e4e3	0.0	0.0	0.0	0.0	-1114	500000
mqr-582c7e8f513ee18c	train	5B2/8/8/7p/p1ppk2P/8/1P2K3/8 b - - 41 60	e4d5	e4f4	0.0	0.5	0.5	0.5	0	500000
mqr-eeb2ccf3cba4318f	train	8/p6R/2p1kP2/1p1nP3/5P2/8/r7/5K2 b - - 2 39	a2a4	a2a4	1.0	1.0	0.0	0.0	1035	500000
mqr-57f0942a646d2bfb	validation	r4r1k/pp4p1/1bn2q1p/3p4/2nNp1b1/1NP1B1P1/PPQ2PBP/R4RK1 b - - 7 20	a8c8	c6e5	1.0	1.0	0.0	0.0	142	500000
mqr-6688ffd882df052c	train	5r2/3n1pkp/2p5/p5p1/NrP5/5RPP/P4KP1/4R3 w - - 1 26	f3a3	e1e7	0.449	0.4995	0.05049999999999999	0.05049999999999999	-143	500000
mqr-1db9b93ef791189d	train	r3kb1r/1p1bnppp/pqn1p3/3pP3/3p4/P1PB1N1P/1P3PP1/RNBQR1K1 b kq - 0 10	a8c8	a8c8	0.514	0.514	0.0	0.0	75	500000
mqr-ba7d4d5cf57bc162	train	r7/2n1kp1p/pp4p1/2pb4/8/2N1PP2/PPK3PP/5B1R w - - 2 21	e3e4	b2b3	0.4955	0.498	0.0025000000000000022	0.0025000000000000022	35	500000
mqr-a474c2280998d2e9	train	rnbq1rk1/1p1pppbp/2p2np1/p7/2P5/1PN2NP1/PB1PPPBP/R2QK2R b KQ - 1 7	b8a6	d7d6	0.4725	0.4725	0.0	0.0	1	500000
mqr-e4691fc13e8b21a4	validation	r2q1rk1/p1bb2pp/2p1ppn1/3pP3/5P2/1P1B4/PBPNQ1PP/R4RK1 b - - 1 14	d8e7	f6f5	0.4195	0.4875	0.068	0.068	13	500000
mqr-4de44cf36d2294bd	train	4rk2/2pq4/8/4rpNP/1p3Q1P/6NK/P7/5R2 b - - 5 41	e5e3	e5d5	0.0	0.0	0.0	0.0	-474	500000
mqr-397a0290f38b981b	train	r3r1k1/2pn1pp1/p3pq1p/P2p3n/NP1P1b1P/3B1PB1/2P1RPK1/R2Q4 w - - 1 23	e2e1	c2c3	0.0	0.0	0.0	0.0	-93	500000
mqr-a4cf07c86b0f6038	train	8/4bpk1/p3p1p1/6P1/Pp2RP2/1P6/2P2BK1/3rr3 w - - 0 39	f2e1	f2e1	0.5115	0.5115	0.0	0.0	68	500000
mqr-2ef7bef53f1d5ee9	validation	r1bn1r1k/ppq3bp/2p3p1/5p2/2P1p3/1PBNP3/PQ2BPPP/3R1RK1 w - - 0 19	d3f4	d3e5	0.6025	0.9975	0.395	0.395	29	500000
mqr-de15fcdc40be3424	validation	r1bq1rk1/ppp2pbp/3n4/3Pp1P1/2P2p1P/2N1B3/PP2BP2/R2QK2R w KQ - 0 19	e3d2	e3c5	0.3245	0.5165	0.19199999999999995	0.19199999999999995	35	500000
mqr-2f9464bdf3eb9dce	validation	r4rk1/pp1qnpbp/2np2p1/2p5/5PP1/1PN5/PBPPQ2P/2KR2NR w - - 1 13	e2g2	h2h4	0.404	0.489	0.08499999999999996	0.08499999999999996	-35	500000
mqr-3697a504549e5f74	train	rnbq1rk1/ppp2ppp/3b1n2/3p2B1/3P4/3B1N2/PPP2PPP/RN1Q1RK1 b - - 7 7	a7a6	c7c6	0.4775	0.483	0.005500000000000005	0.005500000000000005	-31	500000
mqr-1e2503df8db743c9	train	3k4/3r3p/6p1/5pP1/5P2/3p2P1/3Q1K2/8 b - - 6 50	d8c7	d8e8	0.0	0.0	0.0	0.0	-749	500000
mqr-0d040c745575b9bf	train	8/8/8/1P3k2/1K1Q4/2P5/8/4q3 w - - 7 61	b5b6	b5b6	1.0	1.0	0.0	0.0	758	500000
mqr-d4cfeed43df04859	train	r3rnk1/ppq2pbp/2p2np1/4p3/P1N1P1b1/1P3NP1/1BP1QPBP/R4RK1 w - - 3 14	a1d1	f1d1	0.5395	0.6185	0.07900000000000007	0.07900000000000007	94	500000
mqr-49f47b6ae6501266	train	r2q1rk1/pp3p2/3bbn1p/3p2p1/3P4/3B2BP/PP3PP1/RN1Q1RK1 b - - 1 14	d6g3	d6g3	0.5	0.5	0.0	0.0	127	500000
mqr-598df65ac8957446	train	r2qkbnr/1bp1pppp/p1n5/1p6/2pP4/2N2NP1/PP2PPBP/R1BQ1RK1 b kq - 3 7	c6a7	e7e6	0.0675	0.46	0.3925	0.3925	-42	500000
mqr-8119597367b14e84	train	8/8/8/2B5/6k1/P4pP1/5K2/3b4 w - - 3 52	c5e3	c5e7	0.5	0.5	0.0	0.0	0	500000
mqr-aad7c6d21b5bf24a	validation	r1bq1rk1/p2nbppp/1pp2n2/3p4/3P1B2/P1N1PN1P/1PQ2PP1/R3KB1R w KQ - 0 11	a1d1	f1d3	0.6075	0.6125	0.0050000000000000044	0.0050000000000000044	65	500000
mqr-21d368f3e7a09a22	train	3r1bk1/1p1P1p1p/6p1/pN1Q1pn1/P1B5/1P5P/5qP1/2R4K w - - 1 30	c1d1	b5d4	0.0	0.0025	0.0025	0.0025	0	500000
mqr-840a93da43d912bd	validation	r7/4k1KP/8/8/8/7R/5P2/8 w - - 5 52	h7h8q	h7h8q	1.0	1.0	0.0	0.0	2000	500000
mqr-b0268334926d2e6e	train	r3r1k1/p2nqpbp/1pp1b1p1/4p3/2P1P3/1PN1BP2/P1N1Q1PP/3R1RK1 b - - 1 18	a8c8	f7f5	0.504	0.514	0.010000000000000009	0.010000000000000009	0	500000
mqr-ec4f2602bcfcb617	train	1R6/8/8/k5r1/2KB4/8/8/8 b - - 89 98	a5a6	g5g6	0.5	0.5	0.0	0.0	-1424	500000
mqr-4fd56dd69593a4a3	train	1r1k4/Rp1n1pp1/2pP2p1/2P1p3/1KP2P1P/5BP1/8/8 b - - 0 36	e5f4	f7f5	0.488	0.4915	0.003500000000000003	0.003500000000000003	0	500000
mqr-f7c048b9f8dfc053	validation	r3rbk1/1bqn1ppp/pp1ppn2/6N1/3P1B2/2PB3P/PP1NQPP1/3RR1K1 w - - 2 15	g5e4	g5e4	0.5065	0.5065	0.0	0.0	-21	500000
mqr-22efc6f800dd1e00	train	r1bq1rk1/ppp2pbp/2np1np1/4p3/2P5/1PN1P1P1/P2PNPBP/R1BQ1RK1 b - - 0 8	h7h5	a7a6	0.464	0.467	0.0030000000000000027	0.0030000000000000027	-10	500000
mqr-aa5e4d258018d8b5	train	3r4/ppk1b3/2p1p2p/2P3P1/1P1P2B1/P1KR4/7r/3R4 b - - 0 29	e7g5	h2h4	0.4995	0.4995	0.0	0.0	-54	500000
mqr-006f8e811afdbf14	train	2kr3r/pp3ppp/6b1/2b1P3/2P3P1/1PN5/PB2N1KP/R3qB1R b - - 2 18	e1f2	e1f2	1.0	1.0	0.0	0.0	2000	500000
mqr-1cafe123fd98b563	validation	2r1qrk1/pn3p1p/1p1Q2p1/2p5/P1b1PP1N/2b3P1/6BP/1RBR2K1 w - - 1 22	d6d7	d6d7	0.0	0.0	0.0	0.0	-415	500000
mqr-47ac56b7ea773500	train	2rq1rk1/pb1n1ppp/1p2pn2/2bp4/2PB4/1P3NP1/PQ1NPPBP/R2R2K1 w - - 1 15	b3b4	a1c1	0.506	0.5085	0.0024999999999999467	0.0024999999999999467	0	500000
mqr-4f4f534e4aacaf03	train	2r5/6bk/p4pp1/1p2pn1p/7P/1PP1RNB1/P4PP1/6K1 w - - 5 32	e3e2	e3e1	0.0	0.0	0.0	0.0	-351	500000
mqr-eeda6a5e2bcf8e9d	train	2r1r3/p3k1b1/2p2ppp/B1N1P3/2P5/8/PPb3PP/R3R1K1 b - - 0 26	f6e5	f6e5	0.2865	0.2865	0.0	0.0	0	500000
mqr-412317323343b699	train	r2qkb1r/3n1ppp/1p2pn2/2Pp4/PP6/4PN2/5PPP/RNBQK2R b KQkq - 0 10	a8c8	d8c7	0.4475	0.5005	0.052999999999999936	0.052999999999999936	93	500000
mqr-9df48e9eb58cb9f5	train	1r1r2k1/pbp2ppp/2q1p3/1Q3n2/2PP4/1N3PP1/PB2P2P/R1R3K1 b - - 8 19	f5d6	c6b5	0.0	0.0235	0.0235	0.0235	-154	500000
mqr-2393787aa4fe83c7	train	Q1b4r/p3kppp/4pn2/8/2pq4/P5P1/1P1NPP1P/R3K2R b KQ - 0 13	f6g4	h8d8	0.0	0.5	0.5	0.5	0	500000
mqr-c29f9017d8b14032	train	1k5r/rp2bpQp/pNbp4/q3p3/8/1R1B1PB1/P4P1P/6K1 b - - 0 26	h8e8	h8e8	0.4995	0.4995	0.0	0.0	51	500000
mqr-ef080650990f5193	train	R3B3/5qpk/1b2bp2/2n1p2p/4P2P/2B3P1/3N1P2/4R1K1 b - - 2 32	f7c7	f7b7	1.0	1.0	0.0	0.0	603	500000
mqr-a29449b7d2027114	train	3rr3/6bk/pq2p1pp/1pNn1p2/1P1P3P/P2RB1P1/5PK1/2QR4 w - - 1 35	f2f3	e3d2	0.4995	0.503	0.003500000000000003	0.003500000000000003	41	500000
mqr-8967770131261c87	train	r1bq1rk1/pp2npb1/2np2p1/2p1p1B1/4P1QP/P1NP3N/BPP2P2/R3K2R w KQ - 0 12	g4g2	g4g3	1.0	1.0	0.0	0.0	99	500000
mqr-fd7a9860b70c4b6d	validation	2R5/1p3pk1/p3p1r1/P3Pp1N/1n3P2/6P1/7P/6K1 b - - 0 36	g7h7	g7h7	0.0	0.0	0.0	0.0	-402	500000
mqr-13e1ecc365105111	train	q4r2/5pbk/2npb1pp/rp1Np3/4P3/1BPPQN2/5PPP/RR4K1 w - - 4 22	e3c1	e3e1	0.5065	0.51	0.0035000000000000586	0.0035000000000000586	84	500000
mqr-1896be59aad23556	train	3n1rk1/5p1p/4p1pb/1q1pP3/3P4/1P2QN2/5PPP/r1R1K2R b K - 5 23	a1c1	a1c1	1.0	1.0	0.0	0.0	2000	500000
mqr-1581c812753bd0c9	train	6k1/5pp1/4p2p/p3P3/P2r1PP1/1P3R2/2r4P/1R5K b - - 4 33	d4d2	d4e4	0.502	0.5035	0.0014999999999999458	0.0014999999999999458	0	500000
mqr-7349041362fdb7fc	validation	8/3nk3/3p1p2/p1pPpP2/2P1N1KP/P7/8/8 w - - 1 35	h4h5	h4h5	1.0	1.0	0.0	0.0	913	500000
mqr-573f0f4ebbab5388	train	1k1r4/1p2bp2/pn6/2p1Pp2/5P1p/1PN1Q2P/P1R2B2/4K2q w - - 1 32	e1e2	e1e2	0.0	0.0	0.0	0.0	-185	500000
mqr-dff4abab189def7a	validation	2r1r1k1/4p1bp/pp1p2n1/8/2P2B2/NP4PP/P4P2/1R3BK1 w - - 2 26	f4e3	f4e3	0.5435	0.5435	0.0	0.0	119	500000
mqr-7dfe28d3f135367e	train	rnbq1rk1/p3ppbp/3p1np1/1PpP4/4PP2/2N2N2/PP4PP/R1BQKB1R b KQ - 0 8	c8b7	a7a6	0.1715	0.229	0.057499999999999996	0.057499999999999996	-93	500000
mqr-d51eaf885adb653e	train	rnbqk2r/p2pn1pp/1p2p3/5p2/3PP3/2bB1N2/PP3PPP/R1BQ1RK1 w kq - 0 9	b2c3	b2c3	1.0	1.0	0.0	0.0	159	500000
mqr-772de4838599bdcb	train	3r1rk1/ppp3b1/2n1p1pp/4p3/P2Pp3/2P2N1P/1P3PP1/R1B1R1K1 w - - 0 18	f3e5	f3e5	0.5035	0.5035	0.0	0.0	-51	500000
mqr-a103e96e25a5df4d	train	1k1r2r1/pppq1pbp/4b1p1/8/5Q2/2N1BN2/PPP2PPP/3R1RK1 b - - 9 16	d7c6	d7c8	0.0	0.0	0.0	0.0	-409	500000
mqr-fb40c8569ac42776	train	r1bqk2r/bpp2p2/p1np1n1p/4p3/P1B1P1p1/2PP1N2/1P3PPP/R1BQRNK1 w kq - 0 11	f3d2	f3d2	0.5025	0.5025	0.0	0.0	0	500000
mqr-a6a0323df0167669	validation	7k/7p/4b1n1/3pP1P1/3P2p1/2RB4/3r4/5NK1 w - - 2 35	f1d2	f1d2	1.0	1.0	0.0	0.0	940	500000
mqr-4cac407f5176a1ad	train	1b1r2k1/6pp/p3rp1q/1b1p4/1P1B4/P3R1N1/2Q2PPP/2R3K1 b - - 11 27	e6e8	e6e3	0.4965	0.5	0.003500000000000003	0.003500000000000003	106	500000
mqr-bb792c4480228eaa	train	8/4kp2/2pbnp1p/3p4/3P2B1/4P1P1/5PKP/4N3 w - - 6 34	e1d3	e1d3	0.5	0.5	0.0	0.0	106	500000
mqr-fba69e7ee808ed27	train	1b6/p7/1pk5/3N3p/PPP1pp2/7P/5P2/4K3 w - - 0 60	d5f6	d5f6	0.5	0.5	0.0	0.0	224	500000
mqr-676007c97eeb3129	train	6k1/8/7p/4q3/8/4K2P/8/4n3 w - - 2 54	e3d2	e3d2	0.0	0.0	0.0	0.0	-2000	500000
mqr-955a88921a61066d	train	1r4k1/p3ppbp/2n1b1p1/2P3N1/8/4B1P1/P3PPBP/3R2K1 b - - 1 18	b8c8	b8d8	0.0	0.0	0.0	0.0	-463	500000
mqr-92f9c4e6edfeda35	train	rr3bk1/3n1pp1/2bp3p/3Pp3/2N1P1P1/B6P/5PB1/2R3K1 w - - 0 38	d5c6	d5c6	0.5	0.5	0.0	0.0	34	500000
mqr-c867e007e1d9aa4e	validation	3r1rk1/1p2qp1n/2p1B1pp/p1n1p3/N3P3/P3P1N1/1PQ3PP/3R1RK1 b - - 0 22	c5e6	c5e6	0.9995	0.9995	0.0	0.0	168	500000
mqr-a19e2c1fa6b7b4f8	train	8/r3k2p/1p3pp1/1R3P2/1PPK2P1/8/7P/8 b - - 2 41	a7d7	a7d7	0.0	0.0	0.0	0.0	-278	500000
mqr-db74a105ddc4e57a	train	2rq1rk1/1b1nppbp/pp1p1np1/2p5/P2P1B2/2P1PN1P/1P1NBPP1/RQ1R2K1 b - - 3 12	f8e8	c5d4	0.4845	0.505	0.020500000000000018	0.020500000000000018	0	500000
mqr-66a7bb16de561d6a	validation	r4rk1/pp3pp1/2bqp2p/2pp4/5P2/1P1PP2R/P1PN2PP/R2Q2K1 w - - 0 16	d1h5	d1g4	0.497	0.5	0.0030000000000000027	0.0030000000000000027	94	500000
mqr-0db8aae5a66b7b3c	train	2b1r3/5Rbk/pBPp2pp/4q3/P3p3/4Q2P/4B1P1/6K1 b - - 4 32	e5d5	e5a1	0.2865	0.5	0.21350000000000002	0.21350000000000002	-60	500000
mqr-265fd4ef3a06dc47	train	r1bqr1k1/pp1nbpp1/2p4p/3p4/3P4/2NBPN2/PPQ2PPP/R3R1K1 w - - 10 18	a1d1	d3h7	0.4975	0.5	0.0025000000000000022	0.0025000000000000022	74	500000
mqr-36070b8c186defc4	train	1r6/1P4pk/4R1p1/4p2p/4P3/8/5P2/6K1 b - - 0 49	b8b7	b8b7	0.585	0.585	0.0	0.0	198	500000
mqr-14cbc00c8ec179aa	train	1k1r4/1p4p1/5p2/pRqPp1n1/2P3Q1/P7/1PB5/1K6 b - - 11 38	c5d4	c5d4	0.523	0.523	0.0	0.0	84	500000
mqr-e45338ca5643fe34	train	r3r3/pp3pbk/3p2bp/2pP3n/3qP1pP/2N1NnP1/PP1B1PB1/R2Q1R1K w - - 7 22	d2c1	g2f3	0.0	0.007	0.007	0.007	-128	500000
mqr-8dac1b55dec110d6	train	3r1rk1/1pq1nppp/p1bb4/4p3/8/1B2BN1P/PPP1QPP1/3RR1K1 b - - 5 18	h7h6	e7f5	0.5	0.502	0.0020000000000000018	0.0020000000000000018	0	500000
mqr-63c1205752f1780b	validation	r4rk1/pp1qb1pp/2n2pb1/2pnp3/2N4P/2PP1NQ1/PP2BPP1/R1B1K2R w KQ - 1 13	h4h5	h4h5	0.284	0.284	0.0	0.0	-38	500000
mqr-832a1a5a7ada6e1f	train	5rk1/1p4bp/p3p1p1/3p4/P2qp1P1/1P3r1P/4QPK1/3BB3 w - - 4 36	h3h4	e2c2	0.0	0.0	0.0	0.0	-1690	500000
mqr-11aec836f2dcd66b	train	8/pb3pkp/1p1n2p1/2pNb3/P3P3/1P4PP/2P1N1B1/6K1 b - - 4 23	b7c8	b7c6	0.8805	0.9735	0.09300000000000008	0.09300000000000008	154	500000
mqr-ab07421e5822b8cc	train	3Q4/4nkpp/4p3/3pP3/p2P4/P3P1NK/2q4P/8 w - - 2 34	d8a5	d8d7	0.0	0.0	0.0	0.0	-190	500000
mqr-320e8d36ca7f57e3	train	3r1rk1/pp3qb1/2n2p1p/4p3/4N1pP/1P4Q1/P4PPB/2R1R1K1 b - - 1 27	f6f5	f6f5	1.0	1.0	0.0	0.0	240	500000
mqr-b659b0a38a653b50	train	7r/1p3kp1/p1bPpP2/7r/3p4/P3P3/5Q1R/4R1K1 b - - 0 37	h5h2	h5h2	0.5	0.5	0.0	0.0	-46	500000
mqr-fd988f2cd76c71ce	train	3r3r/p1n1nkbp/1p1R2p1/2p1p3/2P1N3/4B1PB/PP2PP1P/R5K1 b - - 3 19	e7f5	e7f5	0.0	0.0	0.0	0.0	-304	500000
mqr-eea921abe38ad3fd	train	r1bq1rk1/p4pp1/2pb1n1p/3p4/8/3B1Q1P/PPP1NPP1/R1B2RK1 w - - 2 13	c1f4	f1e1	0.5035	0.5025	-0.0010000000000000009	0.0	53	500000
mqr-64f4bc54dabf9fe3	train	r1q2nk1/p3bppp/1p2p3/n1p5/2P1P2P/4PNP1/PB2QPB1/3R2K1 b - - 0 18	c8a6	c8a6	0.4375	0.4375	0.0	0.0	-70	500000
mqr-2a13d25f5d1c6c4b	train	1rbq1rk1/pp2npbp/2n1p1p1/2ppP3/5P2/2NP1NP1/PPP3BP/R1BQ1R1K b - - 2 10	b7b5	f7f6	0.4945	0.517	0.02250000000000002	0.02250000000000002	34	500000
mqr-00400a957ab54a01	train	3r3k/1p4b1/p4n2/5R1p/3P4/8/PP3PPP/R5K1 w - - 1 29	a1d1	d4d5	1.0	1.0	0.0	0.0	294	500000
mqr-af9311cdf74b9d31	validation	2rq1rk1/p2nbppp/1p2p3/4P2b/2BP4/5N1P/P4PP1/1RBQ1RK1 w - - 1 16	c4b5	d1e2	0.4725	0.5	0.027500000000000024	0.027500000000000024	21	500000
mqr-1bcc85e433878c54	train	6k1/1pQ2p2/p1p2Pp1/2P1p1q1/4P2p/P2r2rP/1P4RK/5R2 w - - 0 37	c7c8	c7c8	0.0	0.0	0.0	0.0	-2000	500000
mqr-fd53d02152836be7	train	5R2/8/8/P2kp3/6b1/1P6/8/4K3 b - - 0 53	d5c6	d5c6	0.0	0.0	0.0	0.0	-1042	500000
mqr-0f64a5a6e329dcad	train	r1R1nbk1/3q1pp1/7p/1p1pB2N/3P3P/1P1Q1P2/Pp4P1/1K2R3 b - - 0 24	a8c8	d7c8	0.5075	0.999	0.49150000000000005	0.49150000000000005	-96	500000
mqr-e7e0484ce852e66f	train	4r3/p1p2pk1/2Rb1pb1/8/1PNB1n2/P4N1P/5PP1/6K1 b - - 4 26	f4e2	e8d8	0.0	0.0	0.0	0.0	-289	500000
mqr-a3ce4748c0510b21	train	8/2n5/1K6/6N1/7p/6k1/8/8 b - - 1 56	g3g4	g3f4	1.0	1.0	0.0	0.0	883	500000
mqr-f1beedaf6777aa9b	train	3rk3/1q3pp1/4pnp1/2p3Br/2Pn1P2/1p1BQ2P/2P5/2K2RR1 w - - 0 31	g5f6	g5f6	0.0	0.0	0.0	0.0	-726	500000
mqr-851d6d22b1565e56	validation	r2qr1k1/p4ppp/2pb1n2/1p1P4/8/1nNPBP1P/PPP2P2/R2QK2R w KQ - 0 14	a2b3	a2b3	0.4145	0.4145	0.0	0.0	-34	500000
mqr-26eeaad780fc50ca	train	2r2rkb/5p1p/q1p3pP/3pP3/5Pb1/1BQ1B3/P5P1/2R1R1K1 w - - 5 28	e3c5	e3d4	1.0	1.0	0.0	0.0	89	500000
mqr-e1f36f6ad92b7c2c	train	3k4/7Q/p2br1p1/5pP1/2P4P/8/P4P2/6K1 b - - 0 39	d6b4	d6c5	0.0	0.0	0.0	0.0	-750	500000
mqr-874f9557af581abd	validation	r2r2k1/1pp1qpp1/2n1b2p/pBb1p3/P3P1n1/2P2N2/1PQ2PPP/R1BN1RK1 b - - 6 14	c6a7	g4f6	0.5045	0.5045	0.0	0.0	0	500000
mqr-451b947ddd4e29a7	train	2r2rk1/7p/p4ppP/1pq1p3/2n1Q1P1/1N3P2/PPP5/1K1RR3 b - - 1 26	c5a7	c5c6	0.221	0.4915	0.27049999999999996	0.27049999999999996	-10	500000
mqr-3a52f987fff2db1e	train	r1b3k1/ppp2ppp/2n5/1N6/5B2/3Q4/PPP1rPqP/2KR3R b - - 1 15	c8g4	c8g4	0.532	0.532	0.0	0.0	105	500000
mqr-8a7f5b7721cfa86b	train	5rk1/ppq2p1p/3r1bp1/2p1pb2/2PnP3/1PQ3P1/PB3PBP/R3NR1K b - - 2 18	f5d7	f5e6	0.5	0.5215	0.021499999999999964	0.021499999999999964	52	500000
mqr-116477aab54152e1	train	r3kb1r/2p2ppp/p3pn2/8/3qb3/1Pp5/P2PB1PP/RN1QK1NR w KQkq - 0 14	d2c3	d2c3	0.0	0.0	0.0	0.0	-625	500000
mqr-a6e76600981940f4	train	r4rk1/1pN2pp1/1p3np1/3pRbq1/3Q4/1NP4P/PP3PP1/R5K1 b - - 5 21	a8d8	a8d8	0.003	0.003	0.0	0.0	-206	500000
mqr-fff4d4fa06b80988	train	r1b2r1k/ppp1qppp/2np4/8/4PPnQ/2N5/PPP3PP/2KR1BNR w - - 0 12	h4e1	h4e7	0.515	0.509	-0.006000000000000005	0.0	84	500000
mqr-2ea598b6421bab21	train	8/8/2R3k1/5rpp/8/6K1/5P2/8 b - - 7 56	f5f6	f5f6	0.5	0.5	0.0	0.0	192	500000
mqr-98105d25bdb33c2d	train	r1bqkb1r/1p3ppp/p2p1nn1/3p4/4P3/2N1BN2/PP2BPPP/R2Q1RK1 w kq - 0 11	c3d5	c3d5	0.7595	0.7595	0.0	0.0	120	500000
mqr-a532cc9d14304943	validation	r2q1rk1/pb2bpp1/7p/n2pp3/3P4/2N2Q2/PPP1BPPP/R1B1K2R b KQ - 0 14	e5d4	e5d4	0.926	0.926	0.0	0.0	91	500000
mqr-a95d5634e4a7c76b	train	2rq1rk1/3bbpp1/p1np1n1p/3Bp3/Np2P3/P2QBN1P/1P3PP1/2R2RK1 b - - 1 16	c6d4	c6d4	1.0	1.0	0.0	0.0	114	500000
mqr-cb49c88690dac8b8	train	k3n1R1/ppr5/4Bp1p/8/3P4/P3P3/1P6/1K6 b - - 1 38	c7e7	c7e7	0.0	0.0	0.0	0.0	-548	500000
mqr-8321438faeed15aa	validation	2kr4/pp3ppp/2p1b3/4P2P/4p3/2P3Q1/2P3P1/2qBK2R w - - 1 24	e1f2	e1f2	0.0	0.0	0.0	0.0	-1744	500000
mqr-8e03a074eb4b2bf4	train	4rrk1/1p1b1ppp/p1n5/1BPp2q1/Q2P4/2P1R3/P5PP/4RNK1 w - - 0 21	e3e8	e3e8	0.5115	0.5115	0.0	0.0	0	500000
mqr-e1216f0b6a513d44	train	r3n1k1/5pb1/5rpp/p1pp4/npN2B2/4PN1P/1P3PP1/R4RK1 b - - 1 30	d5c4	f6f4	1.0	1.0	0.0	0.0	648	500000
mqr-dc7d12d0496c294a	train	r3k1nr/pp2bpp1/2p5/2q4p/4P1b1/2NQ1N2/PPP1B1PP/R3K2R w KQkq - 0 13	d3d4	e1c1	0.138	0.4315	0.2935	0.2935	-95	500000
mqr-ec7e2bb8fd84eb31	train	4R3/8/8/8/4kp2/6p1/r5P1/6K1 b - - 7 50	e4d3	e4d3	0.5	0.5	0.0	0.0	226	500000
mqr-e4515e01ccd1129a	train	2r5/7p/8/3B4/6k1/6P1/Pr5P/R5K1 w - - 0 34	d5e6	d5e6	1.0	1.0	0.0	0.0	953	500000
mqr-b8e96f7de8cb1f3a	validation	8/8/3r2k1/1P1p3p/PR4p1/4r3/5RKP/8 w - - 0 63	b5b6	b5b6	1.0	1.0	0.0	0.0	461	500000
mqr-b35d799bfa029e27	train	1r4k1/p3r1p1/2ppn3/2p4q/2P2P2/2BPP1R1/PPK3P1/7R w - - 0 31	h1h5	h1h5	1.0	1.0	0.0	0.0	705	500000
mqr-cd5fb910e08b8632	train	4k3/2B1b2R/4p3/2p5/1pP4P/1r2P1P1/5PK1/8 b - - 0 33	b3c3	b3c3	0.0	0.0	0.0	0.0	-170	500000
mqr-5154c21c459b562a	train	7r/ppknq1bp/6p1/2p1P3/6b1/2P3P1/PP4BP/R1B1QRK1 w - - 0 19	e1e4	e1e4	1.0	1.0	0.0	0.0	711	500000
mqr-f8eacc24ef839fde	train	r3nrk1/pppnqp1p/3p2p1/3Pp3/1PP1B3/P1B1P3/2Q2PPP/R4RK1 w - - 0 16	e4d3	e4f3	0.679	0.656	-0.02300000000000002	0.0	51	500000
mqr-4ab2993553d51bbb	validation	7k/1p5p/3p2p1/1P2p3/1P4P1/6P1/1BPbP3/5K2 w - - 1 33	c2c3	c2c3	0.5025	0.5025	0.0	0.0	235	500000
mqr-5bc766f4c83600b3	train	5b2/1Nk5/p5p1/8/5n1p/PR6/1P3KP1/8 w - - 1 32	b7a5	b7a5	1.0	1.0	0.0	0.0	508	500000
mqr-0ace896d7c177341	train	8/p2R4/2k2p1p/2p5/1p6/1P1K2R1/r3rPPP/8 w - - 3 39	d7c7	d7d6	0.0	0.0	0.0	0.0	-1397	500000
mqr-963560c20ce7b171	validation	r1bqk1nr/1p2ppbp/p2p2p1/2p5/3nPP2/2NB1N1P/PPPP2P1/R1BQ1RK1 b kq - 0 8	g8f6	b7b5	0.5415	0.563	0.021499999999999964	0.021499999999999964	38	500000
mqr-a2b99c9b34a089f9	train	r1bqkb1r/1p2pppp/p2p1n2/2n5/P2NP3/2N2B2/1PP2PPP/R1BQK2R b KQkq - 2 8	e7e5	e7e5	0.4845	0.4845	0.0	0.0	-20	500000
mqr-a826d70e6189a701	train	r4rk1/1b3ppp/p2qp3/2pn4/8/3P1B1P/1PP2PP1/R1BQ1RK1 w - - 2 17	c2c4	c2c4	1.0	1.0	0.0	0.0	299	500000
mqr-31da98d07277cf8b	train	8/3p2pk/4p2p/4r3/7P/1p5N/1P4P1/3R2K1 w - - 0 43	d1d3	d1d3	1.0	1.0	0.0	0.0	344	500000
mqr-835b21d66bf14ceb	train	8/8/3k4/2p1pp1n/P1p4P/5P2/1PPK1B2/8 b - - 1 38	h5f6	h5f6	0.0	0.0	0.0	0.0	-442	500000
mqr-f48f98e5283cc1c4	train	3b4/1p4pp/p1k2p2/P1B1pP2/1PP1N3/3K4/6PP/8 w - - 1 38	g2g4	c5f8	1.0	1.0	0.0	0.0	1045	500000
mqr-c106cd7403433805	train	r3r1k1/pb1n1p2/5bpp/8/N1RN4/4P3/P4PPP/1B1R2K1 b - - 0 22	a8c8	a8c8	0.4955	0.4955	0.0	0.0	-168	500000
mqr-5ce6be171f76eeaf	train	4r3/1r1k2p1/1B1b3p/Q2R1p2/2p5/3q2P1/5P1P/6K1 b - - 0 49	d3b1	e8e1	1.0	1.0	0.0	0.0	1627	500000
mqr-dfd70ee7162ebcac	train	r3kbnr/4p3/p1p2p2/3p2p1/3P2p1/2NK2BP/PPP2P2/R3R3 w kq - 0 18	h3g4	h3g4	0.499	0.499	0.0	0.0	111	500000
mqr-dbad86770dd08508	validation	r1bqk2r/pp2npbp/2np2p1/2p1p3/2P5/1PN1P1P1/PB1P1PBP/R2QK1NR w KQkq - 0 8	g1e2	g1e2	0.5035	0.5035	0.0	0.0	-4	500000
mqr-2f0e20540a40693a	train	r2qkb1r/1p3ppp/p1n1pn2/2pp1b2/3P4/PP2PN2/1BPN1PPP/R2QKB1R w KQkq - 0 8	h2h4	f1d3	0.4035	0.4905	0.08699999999999997	0.08699999999999997	-2	500000
mqr-876a778b40b45fa8	train	2r2r1k/1p1q3p/p2p1npn/3Ppp2/4P3/P2B3P/1P1N1PP1/1R1QR1K1 w - - 0 27	b1c1	a3a4	0.4925	0.485	-0.007500000000000007	0.0	-47	500000
mqr-1a5120cf950cc314	validation	r1bq1rk1/pp3ppp/2n1pn2/2p5/2BP4/P1P1PN2/5PPP/R1BQ1RK1 b - - 3 10	c8d7	d8c7	0.402	0.4855	0.08349999999999996	0.08349999999999996	-59	500000
mqr-5edc6d59e66c2348	train	r2q1r2/pp2ppk1/2n3p1/2ppP2p/3P2bP/2PB4/P1PQ1PPN/R3K2R b KQ - 1 13	g4c8	c5d4	0.5115	0.5525	0.041000000000000036	0.041000000000000036	0	500000
mqr-118b687613e72cf6	train	r1bq1rk1/5ppp/p1pb1n2/3pp3/4P3/1P1B4/PBPNQPPP/R3K2R w KQ - 1 12	e1c1	e1c1	0.478	0.478	0.0	0.0	-48	500000
mqr-76971d6a190914f1	validation	4r3/pp2qknp/6pb/2pp1p2/5P1P/P1PP3N/1P1Q1RKB/8 w - - 9 33	h3g5	h3g5	0.0	0.0	0.0	0.0	-165	500000
mqr-4f694fb46254d5ac	train	2r3rk/4Np1p/p2RbPpQ/1p6/2P1P3/7P/1q2B1P1/5RK1 w - - 5 30	e7g8	e7c8	1.0	1.0	0.0	0.0	2000	500000
mqr-793784d1ab68b8a9	train	5k2/p4ppp/8/2p5/R7/8/P4PPP/r4BK1 w - - 4 26	a4a7	g2g3	1.0	1.0	0.0	0.0	623	500000
mqr-9fe77de375121078	train	8/6k1/R4n2/6r1/8/5K2/8/8 b - - 3 64	g5b5	g7g6	0.5035	0.5	-0.0034999999999999476	0.0	538	500000
mqr-dcdcd797e4a53144	train	8/pp2np1p/2k1p1p1/Pn1p4/3PP3/1P2KPPP/1B6/5B2 w - - 7 33	e3f4	e3f4	0.5455	0.5455	0.0	0.0	16	500000
mqr-a1dfb128935c5c8c	train	5k2/7p/1n6/r2pNK2/5P2/1R6/6P1/8 b - - 7 47	b6c4	b6c4	0.4965	0.4965	0.0	0.0	-239	500000
mqr-77d0bff2ffe3291a	train	rn1q1rk1/ppp1ppbp/1n4p1/8/3PP1b1/4BN1P/PP1N1PP1/R2QKB1R b KQ - 0 9	g4e6	g4f3	0.1065	0.428	0.3215	0.3215	-75	500000
mqr-69f66934a280b0a2	train	8/2K5/4bk2/8/8/3N1p2/7P/8 w - - 0 50	c7d6	c7d6	0.5	0.5	0.0	0.0	-381	500000
mqr-8c1cd9d61fcff7b4	train	4b3/pppq2kp/2n2pp1/3p4/3P3P/2PB2Q1/PP1N1PP1/6K1 b - - 1 23	a7a5	c6e7	0.4445	0.488	0.04349999999999998	0.04349999999999998	-57	500000
mqr-5254d1bcaa73e57f	train	5r1k/1p3p2/p3pNnp/2p1P3/5P1q/P2Q3P/P5P1/5RK1 b - - 0 29	c5c4	c5c4	0.0	0.0	0.0	0.0	-138	500000
mqr-ea5091f71a3a07fd	train	r3k2r/pp1b1ppp/1q2p3/3pPn2/1b1P4/5N2/PP1BBPPP/R2QK2R w KQkq - 2 12	d2c3	d2b4	0.495	0.5105	0.015499999999999958	0.015499999999999958	-27	500000
mqr-9dcb5cf39a61ac8d	validation	5r2/1N2k3/p3p1p1/3pP3/1P4p1/3b4/P6P/2rR2K1 w - - 0 31	d1c1	d1c1	0.5	0.5	0.0	0.0	-176	500000
mqr-8f6dbad7a07191f5	train	2rb2k1/5pp1/R3p3/pn2P2p/7P/4BNP1/4PP2/6K1 b - - 7 40	b5c3	b5a3	0.4995	0.4995	0.0	0.0	0	500000
mqr-0da7135dab7b0fd3	train	8/4r2p/p4pb1/P7/2k5/2P2PB1/3K2PP/R7 b - - 0 34	e7d7	e7d7	0.133	0.133	0.0	0.0	-97	500000
mqr-11c78d344d7a4667	train	1rbq1rk1/pp2n2p/2n1pbp1/2pp4/P4P2/2NP2P1/1PP1N1BP/1RBQ1RK1 b - - 0 12	e7f5	h7h5	0.943	0.8615	-0.0814999999999999	0.0	103	500000
mqr-dd5d9fb4753fc208	train	r1bqr1k1/pp3ppp/1bpp1nn1/4p3/3PP3/2PB1N1P/PP3PP1/R1BQRNK1 b - - 3 12	d6d5	d6d5	0.4885	0.4885	0.0	0.0	37	500000
mqr-085564fce0effb04	train	3r2k1/5p1p/ppqpr1p1/8/PQ2P3/2PR1P1P/6P1/3R1K2 b - - 1 27	g8g7	a6a5	0.4655	0.497	0.03149999999999997	0.03149999999999997	-75	500000
mqr-52a126e2961d1d77	train	r3kb1r/1bpnpppp/pq3n2/1p6/3PN3/3B1N1P/PPP1QPP1/R1B1K2R w KQkq - 6 10	a2a4	e4f6	0.9035	0.882	-0.021499999999999964	0.0	72	500000
mqr-ca919dedd0a93670	train	r1b2rk1/ppb3p1/1np2nQp/3p4/1P1P3q/P1N1B1N1/4BPPP/R4RK1 b - - 5 18	c8d7	c8d7	0.9775	0.9775	0.0	0.0	56	500000
mqr-2393a2b4f05d8538	train	1b1rr1k1/1p1b1pp1/2pp2np/7q/1PPNP3/p4P2/P2Q1BP1/3RRBK1 w - - 5 29	f2g3	f2g3	0.003	0.003	0.0	0.0	-112	500000
mqr-88f4661f41eca883	train	r4r1k/pb1p1p2/q7/1pPQp3/4P1p1/1B2B3/PP3P2/2K5 w - - 0 24	d5e5	d5e5	1.0	1.0	0.0	0.0	1348	500000
mqr-73adbb1d42800d2f	train	1r6/5p2/1r3pk1/pp1p3p/2bN2P1/P1P1P2P/1R1K1P2/1R6 w - - 0 26	b1g1	g4h5	0.502	0.504	0.0020000000000000018	0.0020000000000000018	68	500000
mqr-16c8b0a24469ba08	train	2Q1k3/1p1r2p1/p3p3/5pq1/PP6/3B1R1P/2P2KP1/3r4 b - - 9 43	e8e7	e8e7	1.0	1.0	0.0	0.0	460	500000
mqr-002518be47dc4e01	train	rn1q1rk1/pb3ppp/1p2p3/8/3PP3/3B1N2/P2Q1PPP/2R1K2R w K - 2 13	e1e2	e1g1	0.4955	0.505	0.009500000000000008	0.009500000000000008	26	500000
mqr-4ccaf6d7415ec375	validation	8/7p/8/P1k5/8/3K4/3B2PP/8 w - - 1 51	g2g4	d2h6	1.0	1.0	0.0	0.0	2000	500000
mqr-d5726552033e929c	train	2r3k1/pr2ppb1/5np1/1N5p/2PB4/5PP1/P4P1P/2RR2K1 b - - 0 25	a7a6	a7a6	0.5	0.5	0.0	0.0	-141	500000
mqr-f90388c17e0fe1ce	train	r3r3/1pqn1p1k/2pp2pp/p1n5/P2NPQ2/1PN1R3/1P3PPP/3R2K1 b - - 6 20	d7f8	d7e5	0.0	0.003	0.003	0.003	-121	500000
mqr-1fdf104e354cfbcc	train	r1b2r2/p3q1k1/2p3p1/2pP1pbp/4P3/1B5Q/PPP3PR/1K1R4 b - - 0 23	e7e5	f5e4	1.0	1.0	0.0	0.0	629	500000
mqr-04e0e02df70376bf	train	rnbqk2r/ppp1p1bp/6pn/3p2B1/3P4/5NN1/PPP2PPP/R2QKB1R b KQkq - 3 7	e8g8	b8c6	0.4885	0.4855	-0.0030000000000000027	0.0	60	500000
mqr-66caa62812b5464c	train	r1bqrnk1/pp2bpp1/2p2n1p/3p4/3P1B2/2NBP3/PPQ1NPPP/R4RK1 w - - 6 12	e2g3	a1d1	0.51	0.529	0.019000000000000017	0.019000000000000017	14	500000
mqr-d57a9675847f7279	train	3r2k1/p3R1p1/8/2N3p1/1P3p2/5P2/3r2PP/5K2 b - - 5 40	d2b2	d2b2	1.0	1.0	0.0	0.0	564	500000
mqr-87328f5fd6a14b5a	validation	r3kb1r/pp3ppp/2n5/q4b2/8/2N2N2/PP1QPPPP/R3KB1R w KQkq - 1 13	e1c1	e2e4	0.486	0.503	0.017000000000000015	0.017000000000000015	25	500000
mqr-87022220fc988d6a	train	r1b2rk1/pp3ppp/2nqpn2/3p4/3P4/P1NBPN2/1P3PPP/R2QK2R b KQ - 0 10	g7g6	c8d7	0.4895	0.495	0.005500000000000005	0.005500000000000005	-38	500000
mqr-b08feb47b42343b4	train	r1bqkb1r/pp1n1ppp/2n1p3/2ppP3/3P4/2PB4/PP1NNPPP/R1BQK2R b KQkq - 2 7	d8b6	c5d4	0.3955	0.471	0.07549999999999996	0.07549999999999996	25	500000
mqr-f1ac6fa7fb176591	train	r1b1k2r/pp1nqppp/2p2n2/2b1P3/2Q5/2N2N2/PPPB2PP/2KR1B1R b kq - 4 11	b7b5	f6d5	0.0	0.0	0.0	0.0	-218	500000
mqr-2b80068cc3e513a7	train	8/4kpp1/1n5p/1p2pP1P/pP2P1P1/3KN3/8/8 w - - 11 50	e3d1	g4g5	0.0	0.0	0.0	0.0	-421	500000
mqr-eee7adefb9034c69	train	r2qr1k1/pp1n1ppp/2pb1p2/3b1P1N/3P2Q1/2PB4/PP4PP/R1B2RK1 b - - 4 14	g7g6	d6f8	0.0	0.0	0.0	0.0	-440	500000
mqr-2c4adb8968e9feee	train	1rq2k2/Q3pp2/p2p2p1/Pp6/4PP2/6P1/1P3K2/R7 w - - 2 28	a1h1	f2f3	0.025	0.5	0.475	0.475	0	500000
mqr-17b3375af81150c6	train	r4k2/p3bp2/2R2p1p/8/P2Nr3/4P3/5PPP/3R1K2 b - - 0 29	e7d8	e7d8	0.0	0.0	0.0	0.0	-356	500000
mqr-f8d987a3bbf59936	train	r3r1k1/pbp4p/3p1p2/2p2q2/2P1p3/1PQ3P1/P4PBP/4RRK1 w - - 0 24	g3g4	e1e3	0.0	0.4925	0.4925	0.4925	-7	500000
mqr-5c93a999a3f29991	train	r4rk1/pp1qppbp/5np1/2np4/2PN4/1PN2PP1/PB2P1KP/2RQ1R2 w - - 0 15	c4d5	c3d5	0.5	0.5	0.0	0.0	89	500000
mqr-2c0c3e7f550cefc8	train	r1bq2nr/pp2kpbp/3pp1p1/1N6/2BpP3/Q1P5/PP1P1PPP/R1B1K2R b KQ - 0 10	e6e5	d4c3	0.0	0.0	0.0	0.0	-71	500000
mqr-7d0b999f256a0c75	train	1k6/1p3pp1/4p1p1/4PPP1/1bB5/1P5P/P1p4K/8 b - - 0 36	c2c1q	c2c1q	1.0	1.0	0.0	0.0	2000	500000
mqr-8235e8950d07c23b	validation	1n4k1/2q5/p6p/Pp2P3/1P1B1PQb/2P5/7P/7K b - - 2 38	g8f8	g8f8	0.0	0.0	0.0	0.0	-667	500000
mqr-5eb39cf373982078	validation	2kr3r/1ppqn3/p1nb1p2/PP1p1bpp/B2P4/2P2N2/5PPP/RNBQ1RK1 b - - 0 13	a6b5	c6a5	0.4285	0.531	0.10250000000000004	0.10250000000000004	83	500000
mqr-1b1f2be97e387b89	train	r1b1k2r/1ppq4/p1np1b1p/5ppP/B2P4/2N1PQ2/PPP1NP2/R3K2R b KQkq - 1 14	b7b5	b7b5	0.5135	0.5135	0.0	0.0	1	500000
mqr-93e6442489d3c04d	train	rn2r1k1/p4p1p/1p4pb/2pq4/8/2PP1NP1/P3PPK1/R1BQR3 b - - 0 16	h6g7	h6g7	0.503	0.503	0.0	0.0	-2	500000
mqr-1cc119ebbfc68856	train	5k2/3pr1pp/2n3RP/2rBPp2/1pP2P1R/1P6/1K6/8 b - - 2 44	c6d4	c6d4	0.0	0.0	0.0	0.0	-371	500000
mqr-b9d7742929016a19	train	2kr1r2/pp6/2q5/7p/1b1pR1pP/3Q4/P1P2P1P/R1B3K1 w - - 1 27	c1f4	c1f4	0.5	0.5	0.0	0.0	-108	500000
mqr-7d36989280809275	train	r1bqkb1r/pp3p2/2n1p1pp/2pn4/7P/1QN2NP1/PP1PPPB1/R1B1K2R w KQkq - 0 9	e1g1	e1g1	0.4965	0.4965	0.0	0.0	-23	500000
mqr-7eb97f05b8450f9e	train	6k1/n4pp1/4p2p/p1npP3/P1PN1P2/5N2/2R2KPP/1r6 b - - 1 27	c5a4	c5d3	0.499	0.4995	0.0005000000000000004	0.0005000000000000004	0	500000
mqr-57703717f5f04b66	validation	5nk1/6p1/5p1p/3R4/1p1P4/4P2P/1P1N1PPK/r7 b - - 2 33	a1c1	a1c1	0.0	0.0	0.0	0.0	-276	500000
mqr-4b26a86f8a5fd9f6	train	5rk1/1p5p/1bn1p3/n2pP3/Pp1PbNP1/1P5B/3N3K/5RB1 b - - 0 31	b6d4	b6d4	1.0	1.0	0.0	0.0	280	500000
mqr-09b1e863801e7b4b	train	r1q2r2/1pp3bk/p2p3p/P2Bpn2/4P1bP/2NP2P1/1PP3QK/R1B2R2 b - - 4 20	f5d4	f5d4	1.0	1.0	0.0	0.0	0	500000
mqr-cc99c66ee0077eb3	validation	r1b1rbk1/1pq2pp1/2p2nnp/p2P4/P2N4/2N1BP1P/BPP2QP1/3RR1K1 b - - 0 17	f8d6	f8b4	0.058	0.21	0.152	0.152	-134	500000
mqr-05da2c9861a53993	validation	8/3k1p2/p2p4/3Rbp1p/P1p3r1/2P5/1P4PP/5KB1 b - - 6 46	g4g8	g4g8	0.9985	0.9985	0.0	0.0	219	500000
mqr-bc7f30b1b6d5540d	train	r1bqk2r/1pp2pp1/1pnp1n1p/4p3/2B1P2B/3P4/PPP1NPPP/R2QK2R b KQkq - 1 9	g7g5	g7g5	0.493	0.493	0.0	0.0	22	500000
mqr-38926b70acade5d8	train	2rr2k1/5pp1/bp6/2p3p1/4p1P1/1P2P2P/PB3P2/2RR2K1 b - - 0 26	d8d3	a6e2	0.5005	0.5035	0.0030000000000000027	0.0030000000000000027	167	500000
mqr-162616b05959fa78	train	r3k2r/pp1b1pp1/4p3/3pP2p/3n2qb/2N5/PPB2PP1/R1B1RQK1 w kq - 4 17	c2d1	c2d1	0.0	0.0	0.0	0.0	-283	500000
mqr-614e183180193c0b	train	6k1/1p4pp/1pp5/3n1p1b/PP2p3/2P1P1PP/5PB1/3N1K2 w - - 2 33	f1e1	d1b2	0.0	0.002	0.002	0.002	-172	500000
mqr-639257be3539cc1a	train	1rbq1rk1/4npbp/6p1/1N1np3/Q2p4/N2P2P1/1B2PPBP/RR4K1 b - - 3 18	c8d7	c8d7	0.5285	0.5285	0.0	0.0	85	500000
mqr-fa905bdb4da33659	train	1r4k1/ppN2p2/2b4p/4R1p1/7P/2n5/PR3PP1/6K1 b - - 0 26	f7f6	b8c8	0.0	0.001	0.001	0.001	-155	500000
mqr-ecfd042974db31ba	train	4k3/2p2p2/p2P3Q/2p4p/4N3/P4q2/1PP3rP/R1B2K2 w - - 1 31	f1e1	f1e1	0.0	0.0	0.0	0.0	-2000	500000
mqr-4f8510aec46e9d63	train	2r5/8/1k6/1P3R2/4K3/8/8/8 b - - 22 60	c8c5	c8d8	0.5	0.5	0.0	0.0	0	500000
mqr-64a58798caaf38e3	train	4k3/p1r2pBr/1qn3pp/1B1n4/Q3p3/1P2P2P/P2P1P1P/R3K2R w KQ - 1 17	g7d4	g7d4	1.0	1.0	0.0	0.0	794	500000
mqr-a3d6bf64bd3709a8	train	8/5p2/4p3/R7/2Pk2p1/1P4P1/P2K1P2/1r6 w - - 3 46	d2e2	a5a7	1.0	1.0	0.0	0.0	201	500000
mqr-7ecfb260c278d4e5	validation	4r1k1/6pp/p5p1/4p2P/2p1P2b/P3R1R1/1PP3B1/1K6 b - - 2 29	h4g3	h4g3	0.0	0.0	0.0	0.0	-510	500000
mqr-f17b5ba7a643bd05	train	rnb2rk1/ppq1ppbp/3p1np1/2p5/3PPP2/1QPB1N2/PP4PP/RNB2RK1 w - - 7 9	b1a3	e4e5	0.5315	0.5575	0.026000000000000023	0.026000000000000023	1	500000
mqr-81aa8df1cd65d3ee	validation	r3k2r/1pq2pp1/p2pbn1p/8/4P3/1N1Q2P1/PPP2PB1/R4RK1 w kq - 1 16	f1d1	f1d1	0.5125	0.5125	0.0	0.0	20	500000
mqr-51ca5c4a7f0725bc	train	8/b1p1kppp/2p5/2P5/1Pb2NP1/2N2K1P/R4P2/6r1 w - - 9 31	a2a7	a2a7	1.0	1.0	0.0	0.0	479	500000
mqr-5e6c154cb1f375ad	validation	2r5/p2r4/4b1pk/p1p1p2p/2PnB3/2NP2PP/1R3PK1/R7 w - - 2 34	a1a5	a1a5	0.998	0.998	0.0	0.0	234	500000
mqr-d56dd5912da1a11e	train	r1bq1rk1/pp2ppbp/3p1np1/8/2PQP3/2N1B3/PP2BPPP/R3K2R w KQ - 3 10	d4d1	d4d3	0.524	0.546	0.02200000000000002	0.02200000000000002	6	500000
mqr-e266925a095d79dd	train	5q1k/7p/1p1bB1p1/1b1Pp3/pP1pP3/P2N2P1/4Q2P/6K1 b - - 1 33	f8g7	h7h5	0.5	0.501	0.0010000000000000009	0.0010000000000000009	0	500000
mqr-8319c77ed3a6c382	validation	r4r1k/5p2/1q1Pb1pP/1N2Q1N1/p3P3/7P/PPB5/1K5R b - - 0 33	f7f6	f7f6	0.0	0.0	0.0	0.0	-2000	500000
mqr-a8ff271a50e61516	validation	8/2k2pp1/2p1p1bp/4N3/Pn4PP/2KP4/4PPB1/8 b - - 2 47	b4d5	b4a6	0.0	0.0	0.0	0.0	-541	500000
mqr-e3832a9f828a03a5	train	r1b1k2r/p1q2ppp/2pppn2/2b5/2P1P3/2NB4/PP2QPPP/R1B2RK1 b kq - 1 10	a8b8	c5d4	0.495	0.4965	0.0015000000000000013	0.0015000000000000013	35	500000
mqr-bb17c5a2a95bafe2	validation	r1bq1rk1/pp1pnpb1/2n3pp/8/1pP1p2P/P1N3P1/3PPPB1/R1BQNRK1 w - - 0 11	a3b4	a3b4	0.499	0.499	0.0	0.0	-18	500000
mqr-088b515dd4e83799	validation	r3r1k1/2qbbppp/p1npp3/1p6/2P1PP2/1P1QN1PP/P2B2BK/2R2R2 w - - 1 23	e3d5	f1d1	0.537	0.706	0.16899999999999993	0.16899999999999993	135	500000
mqr-4207926bea6eeb16	train	1rb2rk1/p3ppbp/2p3pn/3qP3/N1p3P1/1P5P/P1PB1P1N/R1Q1R1K1 b - - 4 17	h6f5	h6f5	0.0	0.0	0.0	0.0	-116	500000
mqr-aac30c9a8eca31f8	train	r5k1/pp4pp/2p5/5r2/2P4q/P1N1B2P/1P4P1/R2K1B1R b - - 1 22	h4g3	h4g3	1.0	1.0	0.0	0.0	449	500000
mqr-b3df9abe57021414	train	2r4r/3nkpp1/4pb2/4P2p/5Pn1/5q2/P1P3PP/3RRNBK w - - 0 26	e5f6	e5f6	0.495	0.495	0.0	0.0	-41	500000
mqr-1e13012d12bd9051	train	r1q1r1k1/1pp2pbp/p1np1np1/8/2P1PB2/2N3P1/PPNQ1PKP/R3R3 w - - 0 15	f2f3	f4h6	0.505	0.5135	0.008499999999999952	0.008499999999999952	2	500000
mqr-d4b55e7c8dee40c3	train	r1bq1rk1/ppp2pbp/n2p1np1/3Pp3/2P1P3/2N2N1P/PP2BPP1/R1BQK2R b KQ - 0 8	f6h5	a6c5	0.4605	0.441	-0.019500000000000017	0.0	42	500000
mqr-befdd499d84ef4b7	validation	8/5pk1/7p/p5p1/6B1/6P1/P4RKP/4r3 b - - 1 48	e1b1	a5a4	0.0	0.0	0.0	0.0	-395	500000
mqr-6547dbf0ce728c9e	train	r2q1rk1/1bp2ppp/p1nbpn2/1p6/3P1B2/5NP1/PPQNPPBP/R4RK1 w - - 6 12	f4e3	f4g5	0.4955	0.547	0.051500000000000046	0.051500000000000046	0	500000
mqr-b6dbb8ca3933bdad	train	r5k1/1bp3pp/3p4/1p1Pp2n/pPP1N1PP/P3Br2/5P2/R3K2R b KQ - 0 24	b5c4	h5f4	0.86	0.9765	0.11650000000000005	0.11650000000000005	264	500000
mqr-1ad894b6662c3417	train	r3kbnr/ppq2p1p/2n1p3/3p1p2/3P4/2PQ1N1P/PP3PP1/RNB1K2R w KQkq - 0 10	g2g3	e1g1	0.4665	0.4945	0.02799999999999997	0.02799999999999997	-80	500000
mqr-febb5b0f00baea79	train	2rq1rk1/p4ppp/2B2b2/1P6/3p1Q2/P1B5/5P1P/R4RK1 b - - 0 23	d4c3	d4c3	1.0	1.0	0.0	0.0	236	500000
mqr-2a0e33756354648f	train	4kb1r/3b3p/p4p2/4p1p1/2PpP3/q2B2B1/1r3PPP/3RQRK1 w k - 0 25	d1b1	d1b1	0.0	0.0	0.0	0.0	-149	500000
mqr-968a985585e7477a	validation	8/7Q/4p3/1Kp2k2/2P2qp1/3P4/8/8 b - - 14 73	f5f6	f5f6	1.0	1.0	0.0	0.0	0	500000
mqr-f0e65da63821588c	train	6k1/8/2p5/8/8/5P2/N2K2Pr/8 w - - 0 39	a2b4	a2b4	0.495	0.495	0.0	0.0	-315	500000
mqr-ff71f8c8b94d557c	train	2R5/5pk1/6pp/8/1p1bN3/3QrKP1/1P5P/6q1 w - - 4 35	d3e3	d3e3	0.0	0.0	0.0	0.0	-2000	500000
mqr-271cf20878807900	train	rnbq1rk1/pp3p2/3b1n1p/3P2p1/3p3B/3B1N2/PP3PPP/RN1Q1RK1 w - - 0 12	h4g3	f3g5	0.4955	0.5	0.004500000000000004	0.004500000000000004	-39	500000
mqr-db0ef99c680e6bf0	train	r1b4r/5k1p/2p1ppp1/p7/1bB5/1R2B3/P1P2PPP/3R2K1 b - - 3 20	c6c5	b4e7	0.0	0.5	0.5	0.5	-16	500000
mqr-95d848d0fac341e9	train	r1b2rk1/pp2ppbp/q3n1p1/3R4/2P5/1QN1PNP1/PP4BP/5RK1 b - - 0 16	a6b6	b7b6	0.5105	0.5455	0.03500000000000003	0.03500000000000003	-37	500000
mqr-c95263e1434998ac	train	8/1kP5/p3K3/4BN1p/8/P7/2r5/8 w - - 5 63	e6d7	e6d7	1.0	1.0	0.0	0.0	925	500000
mqr-51740097884732a2	train	5r1k/pp1n4/6Rp/4pn1Q/5q2/7P/PP6/6RK w - - 4 34	g1g5	g1g5	0.5	0.5	0.0	0.0	0	500000
mqr-c3f15455c10ead1f	train	r1b1kbnr/1pq2pp1/p1npp3/2p3Pp/2P1P3/2NP3P/PP3PB1/R1BQK1NR b KQkq - 0 8	b7b5	g7g6	0.495	0.514	0.019000000000000017	0.019000000000000017	-2	500000
mqr-cafe525a5b8a9141	train	1r1q1rk1/3nbppp/4p3/3b2P1/2PNpP2/4B3/1PQ3BP/R4RK1 b - - 2 23	d5b7	d5b7	0.449	0.449	0.0	0.0	-136	500000
mqr-ea40fd2c41bb3679	train	r4rk1/1pp1nppp/1pn5/1B1qpb2/4N3/2P5/PP1PQPPP/R1B2RK1 w - - 1 12	f1e1	b5d3	0.2245	0.455	0.2305	0.2305	-10	500000
mqr-9e1dbe14ef2b0a88	train	2r1r1k1/3pq1bp/b2n2p1/p1nP1p2/2p1P3/NP4P1/PB1NR1BP/1Q1R2K1 w - - 0 23	a3c4	a3c4	0.101	0.101	0.0	0.0	-137	500000
mqr-e5aca8dafdb253a7	train	r1bq1rk1/pp2ppbp/2np1np1/2P5/2P5/2N2NP1/PP2PPBP/R1BQ1RK1 b - - 0 8	d6c5	d6c5	0.4875	0.4875	0.0	0.0	-22	500000
mqr-ae3a70094490a90a	train	2rr2k1/pp3pp1/1q2b2p/8/3N4/1PP1R3/P4PPP/R2Q2K1 w - - 0 20	d1e2	d1f3	0.9785	0.9995	0.02100000000000002	0.02100000000000002	219	500000
mqr-ef4be537017ff491	validation	r1bq1rk1/p2p1ppp/2p1p3/3nP3/1b6/2N5/PPP1BPPP/R1BQ1RK1 w - - 1 10	c3d5	c3e4	0.5095	0.7605	0.251	0.251	36	500000
mqr-c0724bdd80e760ac	train	rq3rk1/p2n1pbp/3p2p1/3P4/1np1PP2/2N1BQ1P/1P3RP1/RB4K1 b - - 4 19	f8c8	a7a5	0.489	0.4975	0.008500000000000008	0.008500000000000008	-50	500000
mqr-b1300566c95daf98	train	2r2rk1/1b1n1pb1/p2pp1p1/1p4Pp/3PP2P/P1PB1N2/1P1N4/2K2R1R w - - 1 20	c1d1	h1g1	0.495	0.494	-0.0010000000000000009	0.0	-70	500000
mqr-df035f65b5c65ad5	train	r1bq2k1/p1p1r1bp/1pn1ppp1/1N1nP1B1/2pP4/5NP1/PP3PBP/2RQ1RK1 w - - 0 14	e5f6	e5f6	1.0	1.0	0.0	0.0	121	500000
mqr-47b11267ce23f0d9	train	5k2/4p3/6p1/p2Pbp2/7P/1pq1BK2/2r2N2/3Q3R w - - 0 33	d1e1	h4h5	0.0	0.0	0.0	0.0	-492	500000
mqr-d40d77484c29b1e1	train	8/1RP3pk/8/pPr5/n6P/6B1/5PK1/8 w - - 1 49	b7b8	b7b8	1.0	1.0	0.0	0.0	1572	500000
mqr-28a7dfd098fdc5aa	train	6k1/1N4p1/pp5p/8/b1P5/8/1P3P1P/6K1 b - - 1 30	g8f7	a4c6	0.5015	0.5	-0.0014999999999999458	0.0	45	500000
mqr-3c427c040ca34604	train	r2q1rk1/ppp1ppbp/2np1np1/5b2/2PP4/2N2NP1/PP2PPBP/R1BQR1K1 b - - 2 8	f6e4	f6e4	0.4845	0.4845	0.0	0.0	-110	500000
mqr-bf991de76921d89f	train	2r2rk1/3n1ppp/1pp1pn2/3p4/3P1Q2/qP3NP1/P3PPBP/R4RK1 w - - 4 19	f1e1	f4c1	0.4935	0.4975	0.0040000000000000036	0.0040000000000000036	-108	500000
mqr-35242b990e25c0e4	validation	r3brk1/pp4pp/2pbpn1q/3p1p2/2P5/PP1PPNP1/1B3PBP/R2QK2R w KQ - 3 14	a1c1	d1d2	0.5005	0.511	0.010500000000000065	0.010500000000000065	-30	500000
mqr-961bfb0fcb0e57d2	train	r3k2r/p3b1pp/Ppn5/3npp2/1P2N3/2P2N2/5PPP/R1B2RK1 w kq - 0 20	e4g3	e4g3	0.3655	0.3655	0.0	0.0	-104	500000
mqr-0e8c51adf2034a6e	train	5rk1/pbp3pp/1p1p2r1/3Pp3/2P1NnPq/4QP2/PP3R1P/R4BK1 w - - 9 24	e3a3	b2b4	0.0	0.0	0.0	0.0	-214	500000
mqr-c4a19e8bb097d572	train	r1bq1rk1/pp2npbp/2n1p1p1/2pP4/8/1BNPB3/PPPN1PPP/R2Q1RK1 b - - 0 10	e6d5	c6d4	0.353	0.451	0.09800000000000003	0.09800000000000003	-67	500000
mqr-5db3e55cf5eac2c5	train	r2qkb1r/5ppp/npn1p3/p2pP3/P2N4/2P5/1P2QPPP/RNB1K2R b KQkq - 0 11	d8d7	d8d7	0.493	0.493	0.0	0.0	0	500000
mqr-6cd18e71bc3fd43f	train	r1b2rk1/ppq1ppb1/6pp/3B1n2/4N3/1QP5/PP3PPP/R1B1R1K1 w - - 2 17	b3c4	e4g3	0.5025	0.51	0.007500000000000062	0.007500000000000062	0	500000
mqr-e661df905a78c9b7	train	2r1rbk1/1b4pp/p7/1p1p1PPP/4p3/1P2B3/P5B1/R4RK1 w - - 0 27	f5f6	a1d1	0.0	0.0	0.0	0.0	-157	500000
mqr-4491616b70d5358a	train	4n3/8/4R3/8/3BPk2/3P4/6r1/5K2 b - - 6 46	g2g8	g2d2	0.0	0.0	0.0	0.0	-577	500000
mqr-283956219d82a42f	train	2r1r1k1/1p3ppp/1q2p3/3pN3/1P1Pn3/8/1PP2PPP/R2Q1RK1 b - - 0 17	b6b4	f7f6	0.5	0.5065	0.00649999999999995	0.00649999999999995	148	500000
mqr-f342e476ec571d7d	train	6k1/pp2bpp1/1q3n1p/1N1p1B2/1nr2B2/4PQ1P/PP3PP1/5RK1 w - - 2 20	b5c3	b5c3	0.5205	0.5205	0.0	0.0	60	500000
mqr-d95fc134de4b52f7	train	4r3/p2k3p/1pp1P3/5KB1/1P3N2/2P1b2P/P7/8 b - - 0 39	d7d6	d7d6	1.0	1.0	0.0	0.0	0	500000
mqr-8c0d08fcb7581ec9	train	r2q1rk1/pbp2pb1/1pn1p2p/3pP2P/3PnB2/2PB1N2/PP1NQ1P1/2KR3R w - - 1 14	d2e4	d2e4	1.0	1.0	0.0	0.0	526	500000
mqr-e4df30096a7aa410	train	7R/2r1kp2/4p3/4P3/3KP3/8/8/8 w - - 37 65	h8a8	h8h1	0.4945	0.5	0.005500000000000005	0.005500000000000005	0	500000
mqr-841de470e56d5892	train	2k1r3/pp4p1/2n2pp1/8/6R1/1B5P/PPP2PP1/2K5 b - - 2 25	g6g5	c6e5	0.0	0.0	0.0	0.0	-116	500000
mqr-cfff582c21e1caa1	train	8/1p6/2bP3P/2Pk1q2/1P5K/8/8/8 b - - 6 50	f5g6	d5e5	1.0	1.0	0.0	0.0	2000	500000
mqr-d71f2303fd5e95cc	train	2r5/3k1pQ1/2pqb1p1/3p4/5p2/PPR1rB2/1KP4R/8 b - - 8 39	d6e5	d6e5	1.0	1.0	0.0	0.0	560	500000
mqr-1698d88d499fce71	train	r4rk1/pppq1ppp/2n1pn2/8/2PP1Q2/2N5/PP1RBPPP/R5K1 w - - 3 16	d4d5	e2f3	0.523	0.575	0.051999999999999935	0.051999999999999935	121	500000
mqr-8196fcb17680aed3	train	r5k1/q4pbp/1n2p1p1/1Q1P4/8/5PPP/4NBK1/2R5 b - - 0 32	a7a6	a7d7	0.0	0.0	0.0	0.0	-349	500000
mqr-23e8d4db0b7c7adb	train	3r1rk1/p4p1p/2p2qp1/8/3p4/P2Q4/1PP2PPP/R3R1K1 w - - 0 19	a1d1	g2g3	0.5005	0.5005	0.0	0.0	27	500000
mqr-d007e32444d89b98	train	r1bq1rk1/5ppp/p1np3b/1p1Np3/4P2P/2P5/PPN2PP1/R2QKB1R w KQ - 1 14	a2a4	a2a4	0.508	0.508	0.0	0.0	16	500000
mqr-6830d38d3d947fd9	train	4k3/7p/2P3pQ/8/7P/6P1/q3rP2/2R3K1 w - - 1 38	c6c7	c6c7	1.0	1.0	0.0	0.0	2000	500000
mqr-556425f7a9c01bd8	train	rnbqk2r/pp3pp1/5B1p/2pp4/1b1P4/2N1PN2/PP3PPP/R2QKB1R b KQkq - 0 8	d8f6	d8f6	0.496	0.496	0.0	0.0	-82	500000
mqr-11933042515fcb64	train	3r1n2/p4pk1/1pp2ppp/5b2/2PP4/3B2N1/PP3PPP/4Q1K1 b - - 0 23	f5d3	f5d3	0.0	0.0	0.0	0.0	-164	500000
mqr-3298fac5890962d1	train	R7/1r5k/7P/8/PpbP4/8/5P1K/8 w - - 3 47	a8e8	a8e8	0.0	0.0	0.0	0.0	-948	500000
mqr-37eb9fcba71fbf38	train	2rr4/3nkp1p/pqn1p2p/3pP3/Pp1P4/5N2/1P1QNPP1/2R2RK1 w - - 0 22	d2h6	d2h6	1.0	1.0	0.0	0.0	257	500000
mqr-d42d48d465de333d	train	4r2r/1kp2N1p/p1pb2pB/P2n1p2/2R5/2P4P/1P3PP1/R5K1 b - - 7 26	h8g8	h8g8	0.49	0.49	0.0	0.0	0	500000
mqr-59ece1603559ebb5	train	3r2k1/2R4p/1p2p1r1/pP6/3P1p2/P5q1/1B4B1/5KR1 b - - 1 31	g3d3	g3d3	1.0	1.0	0.0	0.0	2000	500000
mqr-bb9c9e43aa93076a	validation	8/1B2k2p/3p2p1/4pp2/4P3/4P2P/6P1/6K1 w - - 0 50	e4f5	g1h2	1.0	1.0	0.0	0.0	437	500000
mqr-eecc77226259888d	train	r2qr1k1/1ppn1ppp/p1n5/2p1p3/2N1P3/P2P1N2/1PP2PPP/R2Q1RK1 w - - 3 14	c4e3	c2c3	0.509	0.5155	0.00649999999999995	0.00649999999999995	11	500000
mqr-36a11d96d690f821	validation	r3nk2/3q1b2/2r2Q1P/5p2/pp1Pp1p1/2P1P1P1/PP2N1K1/2R2R2 w - - 1 40	f6h8	f6h8	0.51	0.51	0.0	0.0	172	500000
mqr-fb0f66455d0787f8	train	5Q2/7N/p2Pr1p1/bp3pk1/5q2/P6P/6P1/3R2K1 b - - 0 53	g5h5	g5h4	0.0	0.5	0.5	0.5	0	500000
mqr-4c60bd42b75cdca4	train	8/1p6/bPp1k3/3p3P/4pBP1/4P3/1r3K2/3B4 w - - 16 73	f2e1	f2e1	0.497	0.497	0.0	0.0	-91	500000
mqr-53b89c7a3e37bf26	validation	2r1r1k1/1b2qpb1/p2p2p1/4n1n1/1PpNP1P1/2N1Q1B1/P3B3/3R1RK1 b - - 6 27	e5d3	e5d3	1.0	1.0	0.0	0.0	607	500000
mqr-9534e0786f71e5a2	train	2r1r1k1/1bq2pbp/p2p1np1/8/p2BP3/1QN2B1P/1P3PP1/3RR1K1 w - - 0 20	b3a4	b3a4	0.5135	0.5135	0.0	0.0	68	500000
mqr-e2492bbcfe757b85	train	r1n2rk1/3nq3/2p4b/p1Pp1ppp/Pp1PpP2/1B2P2P/1PNQN1PB/5RK1 b - f3 0 25	g5g4	g5g4	1.0	1.0	0.0	0.0	154	500000
mqr-79dc5a43e7bfb255	train	8/8/6k1/2pP2pp/2Pr4/3r2P1/3NK3/3R4 w - - 10 54	e2e1	e2e1	0.0	0.0	0.0	0.0	-1199	500000
mqr-bf4169e47e157afa	train	4r1k1/1ppq1pp1/2n1rn1p/p2pp3/1PP5/2BPP1P1/3N1PKP/R2Q1R2 w - - 0 19	b4b5	b4b5	0.0635	0.0635	0.0	0.0	-141	500000
mqr-7c70482c7835bec4	train	r2r2k1/1pp2pp1/1b3n1p/4pP2/pP2P3/P5PP/6BK/1RB1R3 w - - 1 23	c1b2	g3g4	0.0	0.0	0.0	0.0	-130	500000
mqr-6da9579520822a2c	train	q4r1k/6p1/3Q3p/1p2N3/2p1P2P/2Pn2P1/1P1R1P2/6K1 b - - 0 37	f8f6	f8f6	0.0	0.0	0.0	0.0	-157	500000
mqr-4ace17e854154793	validation	r2qk2r/pp1nbpp1/2p1pnp1/3p2B1/2PP4/2N3P1/PP2PPBP/R2QK2R w KQkq - 4 10	d1b3	d1d3	0.5105	0.518	0.007500000000000062	0.007500000000000062	19	500000
mqr-349c7645d53e0dd1	validation	rn1q1rk1/ppp1npbp/3p2p1/8/2PP4/2N2b1P/PP2BPP1/R1BQ1RK1 w - - 0 10	e2f3	e2f3	0.5065	0.5065	0.0	0.0	41	500000
mqr-877658576622b0ae	train	r1bq1rk1/1pp2pp1/1bnp1n1p/p3p3/PPB1P3/2PP1N2/5PPP/RNBQR1K1 w - - 0 10	b4b5	b4b5	0.51	0.51	0.0	0.0	52	500000
mqr-d30ba304b75a240a	train	8/6p1/p2k1n1p/3pp3/2p2P2/P1P1K2P/B5P1/8 w - - 0 39	f4e5	g2g3	0.0	0.0	0.0	0.0	-336	500000
mqr-f33f0bc3c73c95b3	train	8/4kppp/1pBpbn2/1P2p3/4P3/r4P1P/rN1R1KP1/3R4 b - - 0 28	a3b3	f6h5	1.0	1.0	0.0	0.0	315	500000
mqr-1230b78fa9acc54d	train	r3k2r/p4ppp/1pp1pn2/3q1b2/3P4/B4PP1/PPP1Q2P/R3KB1R b KQkq - 1 16	h7h5	d5d4	0.497	0.5565	0.0595	0.0595	0	500000
mqr-d647390eb73934eb	train	5rk1/2pnqr1p/1p1p3B/p1nBp3/2P5/2P3PP/P1Q3K1/4RR2 b - - 3 25	g8h8	g8h8	0.0	0.0	0.0	0.0	-220	500000
mqr-eb950a2f256c18fe	train	1rn2rk1/R5p1/5q2/1PP1ppp1/3p4/1N1P2P1/2Q2PKP/4R3 w - - 1 27	a7a6	c2c4	1.0	1.0	0.0	0.0	506	500000
mqr-129e71dd905f91f1	train	r3k2r/2p1qp2/4n2p/pp1pP1p1/2pP3P/5NP1/PP1Q1PK1/4RR2 w kq - 0 20	a2a3	b2b3	0.007	0.082	0.075	0.075	-31	500000
mqr-1c4943d45273a192	validation	rnbqk2r/ppp1bppp/3p4/8/8/2PB1N2/PPP2PPP/R1BQK2R b KQkq - 2 7	e8g8	e8g8	0.497	0.497	0.0	0.0	-26	500000
mqr-b39b98d76d1abfa9	train	1r6/5kp1/4b2p/p2P1p2/2p2P2/4P1P1/PP1b1KBP/1R3R2 b - - 0 25	e6d7	e6d7	0.0	0.0	0.0	0.0	-621	500000
mqr-710dd7cf61c6dc82	train	4r1k1/pp5q/2n1pbp1/6P1/4RPQ1/2P3P1/PP4K1/8 w - - 0 36	g5f6	g5f6	0.0	0.0	0.0	0.0	-80	500000
mqr-76df84349ec686dc	train	r2qkb1r/pp3ppp/2p5/3n4/B2n2b1/2NP1N2/PPP2PPP/R1BQK2R w KQkq - 0 10	e1g1	e1g1	0.4755	0.4755	0.0	0.0	54	500000
mqr-006356a0a9eb8ca0	train	r3kb1r/pp1n1ppp/2pqpn2/8/3P2P1/2N1BQ1P/PPP2P2/2KR1B1R b kq - 0 10	d7b6	f6d5	0.0065	0.084	0.0775	0.0775	-106	500000
mqr-39931aa29c0e8c77	train	k1r5/1b2qp1R/p3nNp1/6P1/3p1P2/r2P4/1R1QN3/1K6 w - - 0 43	h7h3	d2b4	0.0	0.0	0.0	0.0	-259	500000
mqr-d38ce29b5badd0eb	validation	r1b2n1r/pp2k1pp/2n1p3/1q1N2b1/8/2P3P1/PP3PBP/R1BQR1K1 b - - 0 18	e7f7	e7f7	0.0	0.0	0.0	0.0	-406	500000
mqr-016398aac507f850	train	1k6/4bp2/Q3p1pp/N2n3P/3Bq1P1/1K6/PP3P2/8 b - - 8 34	e4f3	e4f3	0.0	0.0	0.0	0.0	-135	500000
mqr-cae575b3c448b79f	train	3r2k1/6pp/4Q3/2qP4/1p6/2p4P/6P1/1R5K b - - 1 49	g8h8	g8h8	1.0	1.0	0.0	0.0	287	500000
mqr-54bc5619a52321ef	train	2rq1rk1/pp6/4R1p1/2PP3p/5p1n/B1Q5/P4P1P/R6K b - - 0 25	d8d5	d8d5	1.0	1.0	0.0	0.0	777	500000
mqr-9ffd3f22fd5a24c0	train	2K3k1/8/1q1bp1p1/1p5p/7P/PP6/8/8 w - - 4 50	c8d7	c8d7	0.0	0.0	0.0	0.0	-2000	500000
mqr-b4a7879282dfa09f	validation	2rq1rk1/1b3ppp/p2bpn2/1pppN3/2P2P2/1P1PP3/PB1NQ1PP/2R2RK1 b - - 2 14	d6b8	f6d7	0.5015	0.5405	0.039000000000000035	0.039000000000000035	63	500000
mqr-0bf41400b5a7fc46	validation	1k2r3/pp1b1p2/2nP1B1p/2R1p1p1/4P3/8/6PP/5RK1 b - - 3 30	e8e6	b7b6	0.001	0.06	0.059	0.059	-77	500000
mqr-bcca3d50141dd142	train	1r3rk1/1b3ppp/p7/2b3q1/P7/3PRNP1/1P1B1P1P/R2Q2K1 b - - 2 24	g5d5	g5d5	0.5	0.5	0.0	0.0	-14	500000
mqr-45420f942bd9f0ce	validation	bqr1r1k1/n2npp1p/pp1p2p1/8/P1P1P3/1PNQ2PP/4NPB1/3RR1K1 w - - 9 24	e2d4	e2d4	0.534	0.534	0.0	0.0	46	500000
mqr-5753ebf50d03c31e	train	r2q1rk1/1b2pp1p/p1np2p1/8/Bp2P3/4BN1P/PbP1QPP1/R3R1K1 w - - 0 17	a1b1	a1b1	0.3675	0.3675	0.0	0.0	-53	500000
mqr-b9d8bc5042b712e6	train	r2q1rk1/pp2ppb1/2np3p/3Nn1p1/4P3/2P2QB1/PP2BPPP/3RK2R w K - 1 15	f3e3	f3h5	0.5	0.9795	0.47950000000000004	0.47950000000000004	43	500000
mqr-6b9bff376df1f2c6	train	rn1q1rk1/1p1bb1pp/p1pP1n2/5p2/1P6/2NP1pP1/P3PPBP/1RBQ1RK1 w - - 0 12	d1b3	d6e7	0.998	1.0	0.0020000000000000018	0.0020000000000000018	221	500000
mqr-4e7e2fd2f49d151a	train	2r1kr2/pp1n4/3P3p/4pp2/6pP/3QP3/P1P1KPqB/2RR4 w - - 0 21	d3d5	h2e5	0.0	0.5	0.5	0.5	69	500000
mqr-1a2c8cdc0210e59f	train	r2r2k1/1p2bpp1/2n1pn2/pB1p3p/3P3P/2N1PN2/PP3PPK/3R1R2 w - - 2 17	g2g3	g2g3	0.5005	0.5005	0.0	0.0	10	500000
mqr-0b557e7cd222860b	train	6B1/6p1/1p1k1p1p/5K2/P5PP/1P6/6r1/8 b - - 0 43	g2f2	g7g5	1.0	1.0	0.0	0.0	621	500000
mqr-754cf6c8da0aa9d0	train	r4rk1/3n2pp/2p1pp2/p3P3/Pp1P3q/3NQ3/1P3P1P/3R1K1R b - - 3 22	a8d8	f6e5	1.0	1.0	0.0	0.0	303	500000
mqr-3d68bf0f1f47672f	train	Q7/6p1/2b1kp2/2p5/5K2/4r1r1/8/8 b - - 0 50	e3f3	g7g5	1.0	1.0	0.0	0.0	2000	500000
mqr-cadcd86c5c8d9145	validation	2r3k1/p4pp1/1q2p2p/2r5/1Pb5/P4BP1/2Q2PP1/2RR2K1 b - - 0 27	c5c7	c5c7	0.4925	0.4925	0.0	0.0	0	500000
mqr-1fc24a579e375dcc	validation	r3k2r/p1p1npp1/qp2p3/3pP1P1/3P1n1p/5N2/PPPQ1PP1/R4RK1 w kq - 0 18	d2f4	d2f4	0.504	0.504	0.0	0.0	-166	500000
mqr-60577809e70a22b0	train	r1b1kb1r/pp3p1p/2n2pp1/q1p5/3P4/2N1P1P1/PP2NP1P/R2QKB1R b KQkq - 0 9	c8g4	c5d4	0.4925	0.5075	0.014999999999999958	0.014999999999999958	22	500000
mqr-e591930220bb23ec	train	r2r2k1/2p1nqp1/2b1p2p/ppb1P3/P2p2P1/2PQ1P1N/1PB3KP/R1B2R2 w - - 1 22	a4b5	a4b5	1.0	1.0	0.0	0.0	259	500000
mqr-0936829f883f5708	train	1k1rr3/1p2nppp/p2q4/8/2pN4/2P2P2/PP1Q2PP/R4R1K w - - 2 21	f1d1	d2g5	0.4925	0.4985	0.006000000000000005	0.006000000000000005	13	500000
mqr-25cc18d8934e35da	validation	rnbqk2r/1pp2ppp/pn2p3/4N3/1bpP4/2N3P1/PP1BPPBP/R2QK2R w KQkq - 6 9	e2e3	e2e3	0.5005	0.5005	0.0	0.0	-2	500000
mqr-ae348a5cd11b76b2	train	r4rk1/pq1n1ppp/3p1n2/1BpP4/6b1/2b5/PPQN1PPP/R1B1R1K1 w - - 0 15	b5c6	b5c6	0.742	0.742	0.0	0.0	134	500000
mqr-c4fd7785ea0e89f9	train	r3k2r/1p1bbp2/pqnNp1pp/4P3/8/1N4Q1/PPP3PP/2KR1B1R b kq - 1 16	e7d6	e7d6	0.0115	0.0115	0.0	0.0	-87	500000
mqr-66d8e7fbdf78d4f8	validation	r2q2k1/1pp2pbp/8/p2N3r/2Pp2N1/4R3/PPQ2PB1/6K1 w - - 0 26	g4f6	e3e8	1.0	1.0	0.0	0.0	186	500000
mqr-a5113d426a5b43d1	train	r1r3k1/qb3ppp/p3pn2/2np4/2P5/5NP1/Q2NPPBP/1RR3K1 w - - 0 21	f3e5	a2a5	0.301	0.4265	0.1255	0.1255	-64	500000
mqr-b439e8b9eab40186	train	4kn1Q/4b3/p3pr1P/1ppp4/3P1B2/2P1P3/Pq3P2/R4RK1 w - - 1 27	f4g3	h8g7	0.5	0.5	0.0	0.0	126	500000
mqr-b78fd6692d2255c7	train	8/2R2Bk1/1p1p2p1/3Pb3/4rn1p/7P/6P1/5R1K b - - 0 59	f4e2	e4b4	0.509	0.533	0.02400000000000002	0.02400000000000002	0	500000
mqr-8cf43459e68ad257	train	3r1r1k/1pq2ppb/5b1p/1P2p3/2P2B2/6PP/B3QP2/R3R1K1 w - - 0 28	f4e5	f4e5	0.5045	0.5045	0.0	0.0	120	500000
mqr-5bfa2d94f381b59e	train	4r1k1/p5p1/1p5p/5p2/3P1P2/4P3/qP1QK3/2R5 b - - 1 31	g7g5	a2d5	0.5005	0.9995	0.4990000000000001	0.4990000000000001	176	500000
mqr-ab167c393e6e4ee8	train	r4rk1/pppq2bp/2np2p1/5b2/4NR2/3P2P1/PPP3BP/R1BQ2K1 b - - 0 13	f5e4	d6d5	0.5	0.5945	0.09450000000000003	0.09450000000000003	-14	500000
mqr-c85a69d93e843b27	train	8/2p3KP/8/4R3/8/2pk4/4p3/7r w - - 0 57	e5e7	e5d5	0.0	0.0	0.0	0.0	-2000	500000
mqr-d013bf53e3b5ccb7	train	2rq1rk1/4ppbp/1p4p1/pP2P3/6Q1/3P2PP/1Pn2PB1/R1B1R1K1 w - - 1 22	c1e3	c1e3	0.0	0.0	0.0	0.0	-157	500000
mqr-131c9ca3d861189b	train	r1b2rk1/pp1n1ppp/1qn1p3/2bpP3/5P2/2N1BN2/PPPQ2PP/2KR1B1R w - - 2 11	e3c5	f3d4	0.525	0.541	0.016000000000000014	0.016000000000000014	-19	500000
mqr-a684e51f0584ebb4	validation	1r3r1k/1p1q2pp/p7/P2p1b2/2Bp1Q2/3P4/1PP3PP/R4R1K w - - 0 25	c4b3	c4b3	0.976	0.976	0.0	0.0	259	500000
