scale	direction	pair	plus_score	D	root_disagreement	results
0.5	0	0	0.5	-1.0	1	0-1,1/2-1/2
0.5	0	1	0.0	-2.0	1	0-1,1-0
0.5	0	2	0.0	-2.0	1	0-1,1-0
0.5	0	3	1.0	0.0	1	1-0,1-0
0.5	0	4	0.5	-1.0	1	0-1,1/2-1/2
0.5	0	5	0.0	-2.0	1	0-1,1-0
0.5	0	6	0.0	-2.0	1	0-1,1-0
0.5	0	7	1.0	0.0	1	1-0,1-0
0.5	0	8	0.5	-1.0	1	0-1,1/2-1/2
0.5	0	9	0.0	-2.0	1	0-1,1-0
0.5	0	10	0.0	-2.0	1	0-1,1-0
0.5	0	11	1.0	0.0	1	1-0,1-0
0.5	0	12	0.5	-1.0	1	0-1,1/2-1/2
0.5	0	13	0.0	-2.0	1	0-1,1-0
0.5	0	14	0.0	-2.0	1	0-1,1-0
0.5	0	15	1.0	0.0	1	1-0,1-0
0.5	0	16	0.5	-1.0	1	0-1,1/2-1/2
0.5	0	17	0.0	-2.0	1	0-1,1-0
0.5	0	18	0.0	-2.0	1	0-1,1-0
0.5	0	19	1.0	0.0	1	1-0,1-0
0.5	0	20	0.5	-1.0	1	0-1,1/2-1/2
0.5	0	21	0.0	-2.0	1	0-1,1-0
0.5	0	22	0.0	-2.0	1	0-1,1-0
0.5	0	23	1.0	0.0	1	1-0,1-0
0.5	0	24	0.5	-1.0	1	0-1,1/2-1/2
0.5	0	25	0.0	-2.0	1	0-1,1-0
0.5	0	26	0.0	-2.0	1	0-1,1-0
0.5	0	27	1.0	0.0	1	1-0,1-0
0.5	0	28	0.5	-1.0	1	0-1,1/2-1/2
0.5	0	29	0.0	-2.0	1	0-1,1-0
0.5	0	30	0.0	-2.0	1	0-1,1-0
0.5	0	31	1.0	0.0	1	1-0,1-0
0.5	0	32	0.5	-1.0	1	0-1,1/2-1/2
0.5	0	33	0.0	-2.0	1	0-1,1-0
0.5	0	34	0.0	-2.0	1	0-1,1-0
0.5	0	35	1.0	0.0	1	1-0,1-0
0.5	0	36	0.5	-1.0	1	0-1,1/2-1/2
0.5	0	37	0.0	-2.0	1	0-1,1-0
0.5	0	38	0.0	-2.0	1	0-1,1-0
0.5	0	39	1.0	0.0	1	1-0,1-0
0.5	0	40	0.5	-1.0	1	0-1,1/2-1/2
0.5	0	41	0.0	-2.0	1	0-1,1-0
0.5	0	42	0.0	-2.0	1	0-1,1-0
0.5	0	43	1.0	0.0	1	1-0,1-0
0.5	0	44	0.5	-1.0	1	0-1,1/2-1/2
0.5	0	45	0.0	-2.0	1	0-1,1-0
0.5	0	46	0.0	-2.0	1	0-1,1-0
0.5	0	47	1.0	0.0	1	1-0,1-0
0.5	0	48	0.5	-1.0	1	0-1,1/2-1/2
0.5	0	49	0.0	-2.0	1	0-1,1-0
0.5	0	50	0.0	-2.0	1	0-1,1-0
0.5	0	51	1.0	0.0	1	1-0,1-0
0.5	0	52	0.5	-1.0	1	0-1,1/2-1/2
0.5	0	53	0.0	-2.0	1	0-1,1-0
0.5	0	54	0.0	-2.0	1	0-1,1-0
0.5	0	55	1.0	0.0	1	1-0,1-0
0.5	0	56	0.5	-1.0	1	0-1,1/2-1/2
0.5	0	57	0.0	-2.0	1	0-1,1-0
0.5	0	58	0.0	-2.0	1	0-1,1-0
0.5	0	59	1.0	0.0	1	1-0,1-0
0.5	0	60	0.5	-1.0	1	0-1,1/2-1/2
0.5	0	61	0.0	-2.0	1	0-1,1-0
0.5	0	62	0.0	-2.0	1	0-1,1-0
0.5	0	63	1.0	0.0	1	1-0,1-0
0.5	1	0	0.0	-2.0	1	0-1,1-0
0.5	1	1	2.0	2.0	0	1-0,0-1
0.5	1	2	2.0	2.0	0	1-0,0-1
0.5	1	3	1.5	1.0	1	1-0,1/2-1/2
0.5	1	4	0.0	-2.0	1	0-1,1-0
0.5	1	5	2.0	2.0	0	1-0,0-1
0.5	1	6	2.0	2.0	0	1-0,0-1
0.5	1	7	1.5	1.0	1	1-0,1/2-1/2
0.5	1	8	0.0	-2.0	1	0-1,1-0
0.5	1	9	2.0	2.0	0	1-0,0-1
0.5	1	10	2.0	2.0	0	1-0,0-1
0.5	1	11	1.5	1.0	1	1-0,1/2-1/2
0.5	1	12	0.0	-2.0	1	0-1,1-0
0.5	1	13	2.0	2.0	0	1-0,0-1
0.5	1	14	2.0	2.0	0	1-0,0-1
0.5	1	15	1.5	1.0	1	1-0,1/2-1/2
0.5	1	16	0.0	-2.0	1	0-1,1-0
0.5	1	17	2.0	2.0	0	1-0,0-1
0.5	1	18	2.0	2.0	0	1-0,0-1
0.5	1	19	1.5	1.0	1	1-0,1/2-1/2
0.5	1	20	0.0	-2.0	1	0-1,1-0
0.5	1	21	2.0	2.0	0	1-0,0-1
0.5	1	22	2.0	2.0	0	1-0,0-1
0.5	1	23	1.5	1.0	1	1-0,1/2-1/2
0.5	1	24	0.0	-2.0	1	0-1,1-0
0.5	1	25	2.0	2.0	0	1-0,0-1
0.5	1	26	2.0	2.0	0	1-0,0-1
0.5	1	27	1.5	1.0	1	1-0,1/2-1/2
0.5	1	28	0.0	-2.0	1	0-1,1-0
0.5	1	29	2.0	2.0	0	1-0,0-1
0.5	1	30	2.0	2.0	0	1-0,0-1
0.5	1	31	1.5	1.0	1	1-0,1/2-1/2
0.5	1	32	0.0	-2.0	1	0-1,1-0
0.5	1	33	2.0	2.0	0	1-0,0-1
0.5	1	34	2.0	2.0	0	1-0,0-1
0.5	1	35	1.5	1.0	1	1-0,1/2-1/2
0.5	1	36	0.0	-2.0	1	0-1,1-0
0.5	1	37	2.0	2.0	0	1-0,0-1
0.5	1	38	2.0	2.0	0	1-0,0-1
0.5	1	39	1.5	1.0	1	1-0,1/2-1/2
0.5	1	40	0.0	-2.0	1	0-1,1-0
0.5	1	41	2.0	2.0	0	1-0,0-1
0.5	1	42	2.0	2.0	0	1-0,0-1
0.5	1	43	1.5	1.0	1	1-0,1/2-1/2
0.5	1	44	0.0	-2.0	1	0-1,1-0
0.5	1	45	2.0	2.0	0	1-0,0-1
0.5	1	46	2.0	2.0	0	1-0,0-1
0.5	1	47	1.5	1.0	1	1-0,1/2-1/2
0.5	1	48	0.0	-2.0	1	0-1,1-0
0.5	1	49	2.0	2.0	0	1-0,0-1
0.5	1	50	2.0	2.0	0	1-0,0-1
0.5	1	51	1.5	1.0	1	1-0,1/2-1/2
0.5	1	52	0.0	-2.0	1	0-1,1-0
0.5	1	53	2.0	2.0	0	1-0,0-1
0.5	1	54	2.0	2.0	0	1-0,0-1
0.5	1	55	1.5	1.0	1	1-0,1/2-1/2
0.5	1	56	0.0	-2.0	1	0-1,1-0
0.5	1	57	2.0	2.0	0	1-0,0-1
0.5	1	58	2.0	2.0	0	1-0,0-1
0.5	1	59	1.5	1.0	1	1-0,1/2-1/2
0.5	1	60	0.0	-2.0	1	0-1,1-0
0.5	1	61	2.0	2.0	0	1-0,0-1
0.5	1	62	2.0	2.0	0	1-0,0-1
0.5	1	63	1.5	1.0	1	1-0,1/2-1/2
0.5	2	0	2.0	2.0	1	1-0,0-1
0.5	2	1	2.0	2.0	1	1-0,0-1
0.5	2	2	1.0	0.0	1	1-0,1-0
0.5	2	3	1.0	0.0	1	1-0,1-0
0.5	2	4	2.0	2.0	1	1-0,0-1
0.5	2	5	2.0	2.0	1	1-0,0-1
0.5	2	6	1.0	0.0	1	1-0,1-0
0.5	2	7	1.0	0.0	1	1-0,1-0
0.5	2	8	2.0	2.0	1	1-0,0-1
0.5	2	9	2.0	2.0	1	1-0,0-1
0.5	2	10	1.0	0.0	1	1-0,1-0
0.5	2	11	1.0	0.0	1	1-0,1-0
0.5	2	12	2.0	2.0	1	1-0,0-1
0.5	2	13	2.0	2.0	1	1-0,0-1
0.5	2	14	1.0	0.0	1	1-0,1-0
0.5	2	15	1.0	0.0	1	1-0,1-0
0.5	2	16	2.0	2.0	1	1-0,0-1
0.5	2	17	2.0	2.0	1	1-0,0-1
0.5	2	18	1.0	0.0	1	1-0,1-0
0.5	2	19	1.0	0.0	1	1-0,1-0
0.5	2	20	2.0	2.0	1	1-0,0-1
0.5	2	21	2.0	2.0	1	1-0,0-1
0.5	2	22	1.0	0.0	1	1-0,1-0
0.5	2	23	1.0	0.0	1	1-0,1-0
0.5	2	24	2.0	2.0	1	1-0,0-1
0.5	2	25	2.0	2.0	1	1-0,0-1
0.5	2	26	1.0	0.0	1	1-0,1-0
0.5	2	27	1.0	0.0	1	1-0,1-0
0.5	2	28	2.0	2.0	1	1-0,0-1
0.5	2	29	2.0	2.0	1	1-0,0-1
0.5	2	30	1.0	0.0	1	1-0,1-0
0.5	2	31	1.0	0.0	1	1-0,1-0
0.5	2	32	2.0	2.0	1	1-0,0-1
0.5	2	33	2.0	2.0	1	1-0,0-1
0.5	2	34	1.0	0.0	1	1-0,1-0
0.5	2	35	1.0	0.0	1	1-0,1-0
0.5	2	36	2.0	2.0	1	1-0,0-1
0.5	2	37	2.0	2.0	1	1-0,0-1
0.5	2	38	1.0	0.0	1	1-0,1-0
0.5	2	39	1.0	0.0	1	1-0,1-0
0.5	2	40	2.0	2.0	1	1-0,0-1
0.5	2	41	2.0	2.0	1	1-0,0-1
0.5	2	42	1.0	0.0	1	1-0,1-0
0.5	2	43	1.0	0.0	1	1-0,1-0
0.5	2	44	2.0	2.0	1	1-0,0-1
0.5	2	45	2.0	2.0	1	1-0,0-1
0.5	2	46	1.0	0.0	1	1-0,1-0
0.5	2	47	1.0	0.0	1	1-0,1-0
0.5	2	48	2.0	2.0	1	1-0,0-1
0.5	2	49	2.0	2.0	1	1-0,0-1
0.5	2	50	1.0	0.0	1	1-0,1-0
0.5	2	51	1.0	0.0	1	1-0,1-0
0.5	2	52	2.0	2.0	1	1-0,0-1
0.5	2	53	2.0	2.0	1	1-0,0-1
0.5	2	54	1.0	0.0	1	1-0,1-0
0.5	2	55	1.0	0.0	1	1-0,1-0
0.5	2	56	2.0	2.0	1	1-0,0-1
0.5	2	57	2.0	2.0	1	1-0,0-1
0.5	2	58	1.0	0.0	1	1-0,1-0
0.5	2	59	1.0	0.0	1	1-0,1-0
0.5	2	60	2.0	2.0	1	1-0,0-1
0.5	2	61	2.0	2.0	1	1-0,0-1
0.5	2	62	1.0	0.0	1	1-0,1-0
0.5	2	63	1.0	0.0	1	1-0,1-0
0.5	3	0	1.0	0.0	1	0-1,0-1
0.5	3	1	2.0	2.0	0	1-0,0-1
0.5	3	2	2.0	2.0	1	1-0,0-1
0.5	3	3	0.5	-1.0	1	0-1,1/2-1/2
0.5	3	4	1.0	0.0	1	0-1,0-1
0.5	3	5	2.0	2.0	0	1-0,0-1
0.5	3	6	2.0	2.0	1	1-0,0-1
0.5	3	7	0.5	-1.0	1	0-1,1/2-1/2
0.5	3	8	1.0	0.0	1	0-1,0-1
0.5	3	9	2.0	2.0	0	1-0,0-1
0.5	3	10	2.0	2.0	1	1-0,0-1
0.5	3	11	0.5	-1.0	1	0-1,1/2-1/2
0.5	3	12	1.0	0.0	1	0-1,0-1
0.5	3	13	2.0	2.0	0	1-0,0-1
0.5	3	14	2.0	2.0	1	1-0,0-1
0.5	3	15	0.5	-1.0	1	0-1,1/2-1/2
0.5	3	16	1.0	0.0	1	0-1,0-1
0.5	3	17	2.0	2.0	0	1-0,0-1
0.5	3	18	2.0	2.0	1	1-0,0-1
0.5	3	19	0.5	-1.0	1	0-1,1/2-1/2
0.5	3	20	1.0	0.0	1	0-1,0-1
0.5	3	21	2.0	2.0	0	1-0,0-1
0.5	3	22	2.0	2.0	1	1-0,0-1
0.5	3	23	0.5	-1.0	1	0-1,1/2-1/2
0.5	3	24	1.0	0.0	1	0-1,0-1
0.5	3	25	2.0	2.0	0	1-0,0-1
0.5	3	26	2.0	2.0	1	1-0,0-1
0.5	3	27	0.5	-1.0	1	0-1,1/2-1/2
0.5	3	28	1.0	0.0	1	0-1,0-1
0.5	3	29	2.0	2.0	0	1-0,0-1
0.5	3	30	2.0	2.0	1	1-0,0-1
0.5	3	31	0.5	-1.0	1	0-1,1/2-1/2
0.5	3	32	1.0	0.0	1	0-1,0-1
0.5	3	33	2.0	2.0	0	1-0,0-1
0.5	3	34	2.0	2.0	1	1-0,0-1
0.5	3	35	0.5	-1.0	1	0-1,1/2-1/2
0.5	3	36	1.0	0.0	1	0-1,0-1
0.5	3	37	2.0	2.0	0	1-0,0-1
0.5	3	38	2.0	2.0	1	1-0,0-1
0.5	3	39	0.5	-1.0	1	0-1,1/2-1/2
0.5	3	40	1.0	0.0	1	0-1,0-1
0.5	3	41	2.0	2.0	0	1-0,0-1
0.5	3	42	2.0	2.0	1	1-0,0-1
0.5	3	43	0.5	-1.0	1	0-1,1/2-1/2
0.5	3	44	1.0	0.0	1	0-1,0-1
0.5	3	45	2.0	2.0	0	1-0,0-1
0.5	3	46	2.0	2.0	1	1-0,0-1
0.5	3	47	0.5	-1.0	1	0-1,1/2-1/2
0.5	3	48	1.0	0.0	1	0-1,0-1
0.5	3	49	2.0	2.0	0	1-0,0-1
0.5	3	50	2.0	2.0	1	1-0,0-1
0.5	3	51	0.5	-1.0	1	0-1,1/2-1/2
0.5	3	52	1.0	0.0	1	0-1,0-1
0.5	3	53	2.0	2.0	0	1-0,0-1
0.5	3	54	2.0	2.0	1	1-0,0-1
0.5	3	55	0.5	-1.0	1	0-1,1/2-1/2
0.5	3	56	1.0	0.0	1	0-1,0-1
0.5	3	57	2.0	2.0	0	1-0,0-1
0.5	3	58	2.0	2.0	1	1-0,0-1
0.5	3	59	0.5	-1.0	1	0-1,1/2-1/2
0.5	3	60	1.0	0.0	1	0-1,0-1
0.5	3	61	2.0	2.0	0	1-0,0-1
0.5	3	62	2.0	2.0	1	1-0,0-1
0.5	3	63	0.5	-1.0	1	0-1,1/2-1/2
0.5	4	0	1.0	0.0	1	1-0,1-0
0.5	4	1	2.0	2.0	1	1-0,0-1
0.5	4	2	2.0	2.0	0	1-0,0-1
0.5	4	3	2.0	2.0	1	1-0,0-1
0.5	4	4	1.0	0.0	1	1-0,1-0
0.5	4	5	2.0	2.0	1	1-0,0-1
0.5	4	6	2.0	2.0	0	1-0,0-1
0.5	4	7	2.0	2.0	1	1-0,0-1
0.5	4	8	1.0	0.0	1	1-0,1-0
0.5	4	9	2.0	2.0	1	1-0,0-1
0.5	4	10	2.0	2.0	0	1-0,0-1
0.5	4	11	2.0	2.0	1	1-0,0-1
0.5	4	12	1.0	0.0	1	1-0,1-0
0.5	4	13	2.0	2.0	1	1-0,0-1
0.5	4	14	2.0	2.0	0	1-0,0-1
0.5	4	15	2.0	2.0	1	1-0,0-1
0.5	4	16	1.0	0.0	1	1-0,1-0
0.5	4	17	2.0	2.0	1	1-0,0-1
0.5	4	18	2.0	2.0	0	1-0,0-1
0.5	4	19	2.0	2.0	1	1-0,0-1
0.5	4	20	1.0	0.0	1	1-0,1-0
0.5	4	21	2.0	2.0	1	1-0,0-1
0.5	4	22	2.0	2.0	0	1-0,0-1
0.5	4	23	2.0	2.0	1	1-0,0-1
0.5	4	24	1.0	0.0	1	1-0,1-0
0.5	4	25	2.0	2.0	1	1-0,0-1
0.5	4	26	2.0	2.0	0	1-0,0-1
0.5	4	27	2.0	2.0	1	1-0,0-1
0.5	4	28	1.0	0.0	1	1-0,1-0
0.5	4	29	2.0	2.0	1	1-0,0-1
0.5	4	30	2.0	2.0	0	1-0,0-1
0.5	4	31	2.0	2.0	1	1-0,0-1
0.5	4	32	1.0	0.0	1	1-0,1-0
0.5	4	33	2.0	2.0	1	1-0,0-1
0.5	4	34	2.0	2.0	0	1-0,0-1
0.5	4	35	2.0	2.0	1	1-0,0-1
0.5	4	36	1.0	0.0	1	1-0,1-0
0.5	4	37	2.0	2.0	1	1-0,0-1
0.5	4	38	2.0	2.0	0	1-0,0-1
0.5	4	39	2.0	2.0	1	1-0,0-1
0.5	4	40	1.0	0.0	1	1-0,1-0
0.5	4	41	2.0	2.0	1	1-0,0-1
0.5	4	42	2.0	2.0	0	1-0,0-1
0.5	4	43	2.0	2.0	1	1-0,0-1
0.5	4	44	1.0	0.0	1	1-0,1-0
0.5	4	45	2.0	2.0	1	1-0,0-1
0.5	4	46	2.0	2.0	0	1-0,0-1
0.5	4	47	2.0	2.0	1	1-0,0-1
0.5	4	48	1.0	0.0	1	1-0,1-0
0.5	4	49	2.0	2.0	1	1-0,0-1
0.5	4	50	2.0	2.0	0	1-0,0-1
0.5	4	51	2.0	2.0	1	1-0,0-1
0.5	4	52	1.0	0.0	1	1-0,1-0
0.5	4	53	2.0	2.0	1	1-0,0-1
0.5	4	54	2.0	2.0	0	1-0,0-1
0.5	4	55	2.0	2.0	1	1-0,0-1
0.5	4	56	1.0	0.0	1	1-0,1-0
0.5	4	57	2.0	2.0	1	1-0,0-1
0.5	4	58	2.0	2.0	0	1-0,0-1
0.5	4	59	2.0	2.0	1	1-0,0-1
0.5	4	60	1.0	0.0	1	1-0,1-0
0.5	4	61	2.0	2.0	1	1-0,0-1
0.5	4	62	2.0	2.0	0	1-0,0-1
0.5	4	63	2.0	2.0	1	1-0,0-1
0.5	5	0	0.0	-2.0	1	0-1,1-0
0.5	5	1	1.0	0.0	1	1-0,1-0
0.5	5	2	2.0	2.0	1	1-0,0-1
0.5	5	3	1.0	0.0	0	0-1,0-1
0.5	5	4	0.0	-2.0	1	0-1,1-0
0.5	5	5	1.0	0.0	1	1-0,1-0
0.5	5	6	2.0	2.0	1	1-0,0-1
0.5	5	7	1.0	0.0	0	0-1,0-1
0.5	5	8	0.0	-2.0	1	0-1,1-0
0.5	5	9	1.0	0.0	1	1-0,1-0
0.5	5	10	2.0	2.0	1	1-0,0-1
0.5	5	11	1.0	0.0	0	0-1,0-1
0.5	5	12	0.0	-2.0	1	0-1,1-0
0.5	5	13	1.0	0.0	1	1-0,1-0
0.5	5	14	2.0	2.0	1	1-0,0-1
0.5	5	15	1.0	0.0	0	0-1,0-1
0.5	5	16	0.0	-2.0	1	0-1,1-0
0.5	5	17	1.0	0.0	1	1-0,1-0
0.5	5	18	2.0	2.0	1	1-0,0-1
0.5	5	19	1.0	0.0	0	0-1,0-1
0.5	5	20	0.0	-2.0	1	0-1,1-0
0.5	5	21	1.0	0.0	1	1-0,1-0
0.5	5	22	2.0	2.0	1	1-0,0-1
0.5	5	23	1.0	0.0	0	0-1,0-1
0.5	5	24	0.0	-2.0	1	0-1,1-0
0.5	5	25	1.0	0.0	1	1-0,1-0
0.5	5	26	2.0	2.0	1	1-0,0-1
0.5	5	27	1.0	0.0	0	0-1,0-1
0.5	5	28	0.0	-2.0	1	0-1,1-0
0.5	5	29	1.0	0.0	1	1-0,1-0
0.5	5	30	2.0	2.0	1	1-0,0-1
0.5	5	31	1.0	0.0	0	0-1,0-1
0.5	5	32	0.0	-2.0	1	0-1,1-0
0.5	5	33	1.0	0.0	1	1-0,1-0
0.5	5	34	2.0	2.0	1	1-0,0-1
0.5	5	35	1.0	0.0	0	0-1,0-1
0.5	5	36	0.0	-2.0	1	0-1,1-0
0.5	5	37	1.0	0.0	1	1-0,1-0
0.5	5	38	2.0	2.0	1	1-0,0-1
0.5	5	39	1.0	0.0	0	0-1,0-1
0.5	5	40	0.0	-2.0	1	0-1,1-0
0.5	5	41	1.0	0.0	1	1-0,1-0
0.5	5	42	2.0	2.0	1	1-0,0-1
0.5	5	43	1.0	0.0	0	0-1,0-1
0.5	5	44	0.0	-2.0	1	0-1,1-0
0.5	5	45	1.0	0.0	1	1-0,1-0
0.5	5	46	2.0	2.0	1	1-0,0-1
0.5	5	47	1.0	0.0	0	0-1,0-1
0.5	5	48	0.0	-2.0	1	0-1,1-0
0.5	5	49	1.0	0.0	1	1-0,1-0
0.5	5	50	2.0	2.0	1	1-0,0-1
0.5	5	51	1.0	0.0	0	0-1,0-1
0.5	5	52	0.0	-2.0	1	0-1,1-0
0.5	5	53	1.0	0.0	1	1-0,1-0
0.5	5	54	2.0	2.0	1	1-0,0-1
0.5	5	55	1.0	0.0	0	0-1,0-1
0.5	5	56	0.0	-2.0	1	0-1,1-0
0.5	5	57	1.0	0.0	1	1-0,1-0
0.5	5	58	2.0	2.0	1	1-0,0-1
0.5	5	59	1.0	0.0	0	0-1,0-1
0.5	5	60	0.0	-2.0	1	0-1,1-0
0.5	5	61	1.0	0.0	1	1-0,1-0
0.5	5	62	2.0	2.0	1	1-0,0-1
0.5	5	63	1.0	0.0	0	0-1,0-1
0.5	6	0	2.0	2.0	1	1-0,0-1
0.5	6	1	1.0	0.0	1	0-1,0-1
0.5	6	2	2.0	2.0	1	1-0,0-1
0.5	6	3	1.5	1.0	1	1-0,1/2-1/2
0.5	6	4	2.0	2.0	1	1-0,0-1
0.5	6	5	1.0	0.0	1	0-1,0-1
0.5	6	6	2.0	2.0	1	1-0,0-1
0.5	6	7	1.5	1.0	1	1-0,1/2-1/2
0.5	6	8	2.0	2.0	1	1-0,0-1
0.5	6	9	1.0	0.0	1	0-1,0-1
0.5	6	10	2.0	2.0	1	1-0,0-1
0.5	6	11	1.5	1.0	1	1-0,1/2-1/2
0.5	6	12	2.0	2.0	1	1-0,0-1
0.5	6	13	1.0	0.0	1	0-1,0-1
0.5	6	14	2.0	2.0	1	1-0,0-1
0.5	6	15	1.5	1.0	1	1-0,1/2-1/2
0.5	6	16	2.0	2.0	1	1-0,0-1
0.5	6	17	1.0	0.0	1	0-1,0-1
0.5	6	18	2.0	2.0	1	1-0,0-1
0.5	6	19	1.5	1.0	1	1-0,1/2-1/2
0.5	6	20	2.0	2.0	1	1-0,0-1
0.5	6	21	1.0	0.0	1	0-1,0-1
0.5	6	22	2.0	2.0	1	1-0,0-1
0.5	6	23	1.5	1.0	1	1-0,1/2-1/2
0.5	6	24	2.0	2.0	1	1-0,0-1
0.5	6	25	1.0	0.0	1	0-1,0-1
0.5	6	26	2.0	2.0	1	1-0,0-1
0.5	6	27	1.5	1.0	1	1-0,1/2-1/2
0.5	6	28	2.0	2.0	1	1-0,0-1
0.5	6	29	1.0	0.0	1	0-1,0-1
0.5	6	30	2.0	2.0	1	1-0,0-1
0.5	6	31	1.5	1.0	1	1-0,1/2-1/2
0.5	6	32	2.0	2.0	1	1-0,0-1
0.5	6	33	1.0	0.0	1	0-1,0-1
0.5	6	34	2.0	2.0	1	1-0,0-1
0.5	6	35	1.5	1.0	1	1-0,1/2-1/2
0.5	6	36	2.0	2.0	1	1-0,0-1
0.5	6	37	1.0	0.0	1	0-1,0-1
0.5	6	38	2.0	2.0	1	1-0,0-1
0.5	6	39	1.5	1.0	1	1-0,1/2-1/2
0.5	6	40	2.0	2.0	1	1-0,0-1
0.5	6	41	1.0	0.0	1	0-1,0-1
0.5	6	42	2.0	2.0	1	1-0,0-1
0.5	6	43	1.5	1.0	1	1-0,1/2-1/2
0.5	6	44	2.0	2.0	1	1-0,0-1
0.5	6	45	1.0	0.0	1	0-1,0-1
0.5	6	46	2.0	2.0	1	1-0,0-1
0.5	6	47	1.5	1.0	1	1-0,1/2-1/2
0.5	6	48	2.0	2.0	1	1-0,0-1
0.5	6	49	1.0	0.0	1	0-1,0-1
0.5	6	50	2.0	2.0	1	1-0,0-1
0.5	6	51	1.5	1.0	1	1-0,1/2-1/2
0.5	6	52	2.0	2.0	1	1-0,0-1
0.5	6	53	1.0	0.0	1	0-1,0-1
0.5	6	54	2.0	2.0	1	1-0,0-1
0.5	6	55	1.5	1.0	1	1-0,1/2-1/2
0.5	6	56	2.0	2.0	1	1-0,0-1
0.5	6	57	1.0	0.0	1	0-1,0-1
0.5	6	58	2.0	2.0	1	1-0,0-1
0.5	6	59	1.5	1.0	1	1-0,1/2-1/2
0.5	6	60	2.0	2.0	1	1-0,0-1
0.5	6	61	1.0	0.0	1	0-1,0-1
0.5	6	62	2.0	2.0	1	1-0,0-1
0.5	6	63	1.5	1.0	1	1-0,1/2-1/2
0.5	7	0	1.0	0.0	0	0-1,0-1
0.5	7	1	0.5	-1.0	1	0-1,1/2-1/2
0.5	7	2	1.0	0.0	1	0-1,0-1
0.5	7	3	1.0	0.0	1	0-1,0-1
0.5	7	4	1.0	0.0	0	0-1,0-1
0.5	7	5	0.5	-1.0	1	0-1,1/2-1/2
0.5	7	6	1.0	0.0	1	0-1,0-1
0.5	7	7	1.0	0.0	1	0-1,0-1
0.5	7	8	1.0	0.0	0	0-1,0-1
0.5	7	9	0.5	-1.0	1	0-1,1/2-1/2
0.5	7	10	1.0	0.0	1	0-1,0-1
0.5	7	11	1.0	0.0	1	0-1,0-1
0.5	7	12	1.0	0.0	0	0-1,0-1
0.5	7	13	0.5	-1.0	1	0-1,1/2-1/2
0.5	7	14	1.0	0.0	1	0-1,0-1
0.5	7	15	1.0	0.0	1	0-1,0-1
0.5	7	16	1.0	0.0	0	0-1,0-1
0.5	7	17	0.5	-1.0	1	0-1,1/2-1/2
0.5	7	18	1.0	0.0	1	0-1,0-1
0.5	7	19	1.0	0.0	1	0-1,0-1
0.5	7	20	1.0	0.0	0	0-1,0-1
0.5	7	21	0.5	-1.0	1	0-1,1/2-1/2
0.5	7	22	1.0	0.0	1	0-1,0-1
0.5	7	23	1.0	0.0	1	0-1,0-1
0.5	7	24	1.0	0.0	0	0-1,0-1
0.5	7	25	0.5	-1.0	1	0-1,1/2-1/2
0.5	7	26	1.0	0.0	1	0-1,0-1
0.5	7	27	1.0	0.0	1	0-1,0-1
0.5	7	28	1.0	0.0	0	0-1,0-1
0.5	7	29	0.5	-1.0	1	0-1,1/2-1/2
0.5	7	30	1.0	0.0	1	0-1,0-1
0.5	7	31	1.0	0.0	1	0-1,0-1
0.5	7	32	1.0	0.0	0	0-1,0-1
0.5	7	33	0.5	-1.0	1	0-1,1/2-1/2
0.5	7	34	1.0	0.0	1	0-1,0-1
0.5	7	35	1.0	0.0	1	0-1,0-1
0.5	7	36	1.0	0.0	0	0-1,0-1
0.5	7	37	0.5	-1.0	1	0-1,1/2-1/2
0.5	7	38	1.0	0.0	1	0-1,0-1
0.5	7	39	1.0	0.0	1	0-1,0-1
0.5	7	40	1.0	0.0	0	0-1,0-1
0.5	7	41	0.5	-1.0	1	0-1,1/2-1/2
0.5	7	42	1.0	0.0	1	0-1,0-1
0.5	7	43	1.0	0.0	1	0-1,0-1
0.5	7	44	1.0	0.0	0	0-1,0-1
0.5	7	45	0.5	-1.0	1	0-1,1/2-1/2
0.5	7	46	1.0	0.0	1	0-1,0-1
0.5	7	47	1.0	0.0	1	0-1,0-1
0.5	7	48	1.0	0.0	0	0-1,0-1
0.5	7	49	0.5	-1.0	1	0-1,1/2-1/2
0.5	7	50	1.0	0.0	1	0-1,0-1
0.5	7	51	1.0	0.0	1	0-1,0-1
0.5	7	52	1.0	0.0	0	0-1,0-1
0.5	7	53	0.5	-1.0	1	0-1,1/2-1/2
0.5	7	54	1.0	0.0	1	0-1,0-1
0.5	7	55	1.0	0.0	1	0-1,0-1
0.5	7	56	1.0	0.0	0	0-1,0-1
0.5	7	57	0.5	-1.0	1	0-1,1/2-1/2
0.5	7	58	1.0	0.0	1	0-1,0-1
0.5	7	59	1.0	0.0	1	0-1,0-1
0.5	7	60	1.0	0.0	0	0-1,0-1
0.5	7	61	0.5	-1.0	1	0-1,1/2-1/2
0.5	7	62	1.0	0.0	1	0-1,0-1
0.5	7	63	1.0	0.0	1	0-1,0-1
0.5	8	0	2.0	2.0	1	1-0,0-1
0.5	8	1	1.0	0.0	0	1-0,1-0
0.5	8	2	1.0	0.0	1	1-0,1-0
0.5	8	3	2.0	2.0	1	1-0,0-1
0.5	8	4	2.0	2.0	1	1-0,0-1
0.5	8	5	1.0	0.0	0	1-0,1-0
0.5	8	6	1.0	0.0	1	1-0,1-0
0.5	8	7	2.0	2.0	1	1-0,0-1
0.5	8	8	2.0	2.0	1	1-0,0-1
0.5	8	9	1.0	0.0	0	1-0,1-0
0.5	8	10	1.0	0.0	1	1-0,1-0
0.5	8	11	2.0	2.0	1	1-0,0-1
0.5	8	12	2.0	2.0	1	1-0,0-1
0.5	8	13	1.0	0.0	0	1-0,1-0
0.5	8	14	1.0	0.0	1	1-0,1-0
0.5	8	15	2.0	2.0	1	1-0,0-1
0.5	8	16	2.0	2.0	1	1-0,0-1
0.5	8	17	1.0	0.0	0	1-0,1-0
0.5	8	18	1.0	0.0	1	1-0,1-0
0.5	8	19	2.0	2.0	1	1-0,0-1
0.5	8	20	2.0	2.0	1	1-0,0-1
0.5	8	21	1.0	0.0	0	1-0,1-0
0.5	8	22	1.0	0.0	1	1-0,1-0
0.5	8	23	2.0	2.0	1	1-0,0-1
0.5	8	24	2.0	2.0	1	1-0,0-1
0.5	8	25	1.0	0.0	0	1-0,1-0
0.5	8	26	1.0	0.0	1	1-0,1-0
0.5	8	27	2.0	2.0	1	1-0,0-1
0.5	8	28	2.0	2.0	1	1-0,0-1
0.5	8	29	1.0	0.0	0	1-0,1-0
0.5	8	30	1.0	0.0	1	1-0,1-0
0.5	8	31	2.0	2.0	1	1-0,0-1
0.5	8	32	2.0	2.0	1	1-0,0-1
0.5	8	33	1.0	0.0	0	1-0,1-0
0.5	8	34	1.0	0.0	1	1-0,1-0
0.5	8	35	2.0	2.0	1	1-0,0-1
0.5	8	36	2.0	2.0	1	1-0,0-1
0.5	8	37	1.0	0.0	0	1-0,1-0
0.5	8	38	1.0	0.0	1	1-0,1-0
0.5	8	39	2.0	2.0	1	1-0,0-1
0.5	8	40	2.0	2.0	1	1-0,0-1
0.5	8	41	1.0	0.0	0	1-0,1-0
0.5	8	42	1.0	0.0	1	1-0,1-0
0.5	8	43	2.0	2.0	1	1-0,0-1
0.5	8	44	2.0	2.0	1	1-0,0-1
0.5	8	45	1.0	0.0	0	1-0,1-0
0.5	8	46	1.0	0.0	1	1-0,1-0
0.5	8	47	2.0	2.0	1	1-0,0-1
0.5	8	48	2.0	2.0	1	1-0,0-1
0.5	8	49	1.0	0.0	0	1-0,1-0
0.5	8	50	1.0	0.0	1	1-0,1-0
0.5	8	51	2.0	2.0	1	1-0,0-1
0.5	8	52	2.0	2.0	1	1-0,0-1
0.5	8	53	1.0	0.0	0	1-0,1-0
0.5	8	54	1.0	0.0	1	1-0,1-0
0.5	8	55	2.0	2.0	1	1-0,0-1
0.5	8	56	2.0	2.0	1	1-0,0-1
0.5	8	57	1.0	0.0	0	1-0,1-0
0.5	8	58	1.0	0.0	1	1-0,1-0
0.5	8	59	2.0	2.0	1	1-0,0-1
0.5	8	60	2.0	2.0	1	1-0,0-1
0.5	8	61	1.0	0.0	0	1-0,1-0
0.5	8	62	1.0	0.0	1	1-0,1-0
0.5	8	63	2.0	2.0	1	1-0,0-1
0.5	9	0	2.0	2.0	1	1-0,0-1
0.5	9	1	0.5	-1.0	1	1/2-1/2,1-0
0.5	9	2	1.0	0.0	1	0-1,0-1
0.5	9	3	2.0	2.0	0	1-0,0-1
0.5	9	4	2.0	2.0	1	1-0,0-1
0.5	9	5	0.5	-1.0	1	1/2-1/2,1-0
0.5	9	6	1.0	0.0	1	0-1,0-1
0.5	9	7	2.0	2.0	0	1-0,0-1
0.5	9	8	2.0	2.0	1	1-0,0-1
0.5	9	9	0.5	-1.0	1	1/2-1/2,1-0
0.5	9	10	1.0	0.0	1	0-1,0-1
0.5	9	11	2.0	2.0	0	1-0,0-1
0.5	9	12	2.0	2.0	1	1-0,0-1
0.5	9	13	0.5	-1.0	1	1/2-1/2,1-0
0.5	9	14	1.0	0.0	1	0-1,0-1
0.5	9	15	2.0	2.0	0	1-0,0-1
0.5	9	16	2.0	2.0	1	1-0,0-1
0.5	9	17	0.5	-1.0	1	1/2-1/2,1-0
0.5	9	18	1.0	0.0	1	0-1,0-1
0.5	9	19	2.0	2.0	0	1-0,0-1
0.5	9	20	2.0	2.0	1	1-0,0-1
0.5	9	21	0.5	-1.0	1	1/2-1/2,1-0
0.5	9	22	1.0	0.0	1	0-1,0-1
0.5	9	23	2.0	2.0	0	1-0,0-1
0.5	9	24	2.0	2.0	1	1-0,0-1
0.5	9	25	0.5	-1.0	1	1/2-1/2,1-0
0.5	9	26	1.0	0.0	1	0-1,0-1
0.5	9	27	2.0	2.0	0	1-0,0-1
0.5	9	28	2.0	2.0	1	1-0,0-1
0.5	9	29	0.5	-1.0	1	1/2-1/2,1-0
0.5	9	30	1.0	0.0	1	0-1,0-1
0.5	9	31	2.0	2.0	0	1-0,0-1
0.5	9	32	2.0	2.0	1	1-0,0-1
0.5	9	33	0.5	-1.0	1	1/2-1/2,1-0
0.5	9	34	1.0	0.0	1	0-1,0-1
0.5	9	35	2.0	2.0	0	1-0,0-1
0.5	9	36	2.0	2.0	1	1-0,0-1
0.5	9	37	0.5	-1.0	1	1/2-1/2,1-0
0.5	9	38	1.0	0.0	1	0-1,0-1
0.5	9	39	2.0	2.0	0	1-0,0-1
0.5	9	40	2.0	2.0	1	1-0,0-1
0.5	9	41	0.5	-1.0	1	1/2-1/2,1-0
0.5	9	42	1.0	0.0	1	0-1,0-1
0.5	9	43	2.0	2.0	0	1-0,0-1
0.5	9	44	2.0	2.0	1	1-0,0-1
0.5	9	45	0.5	-1.0	1	1/2-1/2,1-0
0.5	9	46	1.0	0.0	1	0-1,0-1
0.5	9	47	2.0	2.0	0	1-0,0-1
0.5	9	48	2.0	2.0	1	1-0,0-1
0.5	9	49	0.5	-1.0	1	1/2-1/2,1-0
0.5	9	50	1.0	0.0	1	0-1,0-1
0.5	9	51	2.0	2.0	0	1-0,0-1
0.5	9	52	2.0	2.0	1	1-0,0-1
0.5	9	53	0.5	-1.0	1	1/2-1/2,1-0
0.5	9	54	1.0	0.0	1	0-1,0-1
0.5	9	55	2.0	2.0	0	1-0,0-1
0.5	9	56	2.0	2.0	1	1-0,0-1
0.5	9	57	0.5	-1.0	1	1/2-1/2,1-0
0.5	9	58	1.0	0.0	1	0-1,0-1
0.5	9	59	2.0	2.0	0	1-0,0-1
0.5	9	60	2.0	2.0	1	1-0,0-1
0.5	9	61	0.5	-1.0	1	1/2-1/2,1-0
0.5	9	62	1.0	0.0	1	0-1,0-1
0.5	9	63	2.0	2.0	0	1-0,0-1
0.5	10	0	0.0	-2.0	1	0-1,1-0
0.5	10	1	0.0	-2.0	1	0-1,1-0
0.5	10	2	2.0	2.0	1	1-0,0-1
0.5	10	3	2.0	2.0	1	1-0,0-1
0.5	10	4	0.0	-2.0	1	0-1,1-0
0.5	10	5	0.0	-2.0	1	0-1,1-0
0.5	10	6	2.0	2.0	1	1-0,0-1
0.5	10	7	2.0	2.0	1	1-0,0-1
0.5	10	8	0.0	-2.0	1	0-1,1-0
0.5	10	9	0.0	-2.0	1	0-1,1-0
0.5	10	10	2.0	2.0	1	1-0,0-1
0.5	10	11	2.0	2.0	1	1-0,0-1
0.5	10	12	0.0	-2.0	1	0-1,1-0
0.5	10	13	0.0	-2.0	1	0-1,1-0
0.5	10	14	2.0	2.0	1	1-0,0-1
0.5	10	15	2.0	2.0	1	1-0,0-1
0.5	10	16	0.0	-2.0	1	0-1,1-0
0.5	10	17	0.0	-2.0	1	0-1,1-0
0.5	10	18	2.0	2.0	1	1-0,0-1
0.5	10	19	2.0	2.0	1	1-0,0-1
0.5	10	20	0.0	-2.0	1	0-1,1-0
0.5	10	21	0.0	-2.0	1	0-1,1-0
0.5	10	22	2.0	2.0	1	1-0,0-1
0.5	10	23	2.0	2.0	1	1-0,0-1
0.5	10	24	0.0	-2.0	1	0-1,1-0
0.5	10	25	0.0	-2.0	1	0-1,1-0
0.5	10	26	2.0	2.0	1	1-0,0-1
0.5	10	27	2.0	2.0	1	1-0,0-1
0.5	10	28	0.0	-2.0	1	0-1,1-0
0.5	10	29	0.0	-2.0	1	0-1,1-0
0.5	10	30	2.0	2.0	1	1-0,0-1
0.5	10	31	2.0	2.0	1	1-0,0-1
0.5	10	32	0.0	-2.0	1	0-1,1-0
0.5	10	33	0.0	-2.0	1	0-1,1-0
0.5	10	34	2.0	2.0	1	1-0,0-1
0.5	10	35	2.0	2.0	1	1-0,0-1
0.5	10	36	0.0	-2.0	1	0-1,1-0
0.5	10	37	0.0	-2.0	1	0-1,1-0
0.5	10	38	2.0	2.0	1	1-0,0-1
0.5	10	39	2.0	2.0	1	1-0,0-1
0.5	10	40	0.0	-2.0	1	0-1,1-0
0.5	10	41	0.0	-2.0	1	0-1,1-0
0.5	10	42	2.0	2.0	1	1-0,0-1
0.5	10	43	2.0	2.0	1	1-0,0-1
0.5	10	44	0.0	-2.0	1	0-1,1-0
0.5	10	45	0.0	-2.0	1	0-1,1-0
0.5	10	46	2.0	2.0	1	1-0,0-1
0.5	10	47	2.0	2.0	1	1-0,0-1
0.5	10	48	0.0	-2.0	1	0-1,1-0
0.5	10	49	0.0	-2.0	1	0-1,1-0
0.5	10	50	2.0	2.0	1	1-0,0-1
0.5	10	51	2.0	2.0	1	1-0,0-1
0.5	10	52	0.0	-2.0	1	0-1,1-0
0.5	10	53	0.0	-2.0	1	0-1,1-0
0.5	10	54	2.0	2.0	1	1-0,0-1
0.5	10	55	2.0	2.0	1	1-0,0-1
0.5	10	56	0.0	-2.0	1	0-1,1-0
0.5	10	57	0.0	-2.0	1	0-1,1-0
0.5	10	58	2.0	2.0	1	1-0,0-1
0.5	10	59	2.0	2.0	1	1-0,0-1
0.5	10	60	0.0	-2.0	1	0-1,1-0
0.5	10	61	0.0	-2.0	1	0-1,1-0
0.5	10	62	2.0	2.0	1	1-0,0-1
0.5	10	63	2.0	2.0	1	1-0,0-1
0.5	11	0	1.5	1.0	1	1/2-1/2,0-1
0.5	11	1	0.0	-2.0	0	0-1,1-0
0.5	11	2	0.0	-2.0	1	0-1,1-0
0.5	11	3	2.0	2.0	1	1-0,0-1
0.5	11	4	1.5	1.0	1	1/2-1/2,0-1
0.5	11	5	0.0	-2.0	0	0-1,1-0
0.5	11	6	0.0	-2.0	1	0-1,1-0
0.5	11	7	2.0	2.0	1	1-0,0-1
0.5	11	8	1.5	1.0	1	1/2-1/2,0-1
0.5	11	9	0.0	-2.0	0	0-1,1-0
0.5	11	10	0.0	-2.0	1	0-1,1-0
0.5	11	11	2.0	2.0	1	1-0,0-1
0.5	11	12	1.5	1.0	1	1/2-1/2,0-1
0.5	11	13	0.0	-2.0	0	0-1,1-0
0.5	11	14	0.0	-2.0	1	0-1,1-0
0.5	11	15	2.0	2.0	1	1-0,0-1
0.5	11	16	1.5	1.0	1	1/2-1/2,0-1
0.5	11	17	0.0	-2.0	0	0-1,1-0
0.5	11	18	0.0	-2.0	1	0-1,1-0
0.5	11	19	2.0	2.0	1	1-0,0-1
0.5	11	20	1.5	1.0	1	1/2-1/2,0-1
0.5	11	21	0.0	-2.0	0	0-1,1-0
0.5	11	22	0.0	-2.0	1	0-1,1-0
0.5	11	23	2.0	2.0	1	1-0,0-1
0.5	11	24	1.5	1.0	1	1/2-1/2,0-1
0.5	11	25	0.0	-2.0	0	0-1,1-0
0.5	11	26	0.0	-2.0	1	0-1,1-0
0.5	11	27	2.0	2.0	1	1-0,0-1
0.5	11	28	1.5	1.0	1	1/2-1/2,0-1
0.5	11	29	0.0	-2.0	0	0-1,1-0
0.5	11	30	0.0	-2.0	1	0-1,1-0
0.5	11	31	2.0	2.0	1	1-0,0-1
0.5	11	32	1.5	1.0	1	1/2-1/2,0-1
0.5	11	33	0.0	-2.0	0	0-1,1-0
0.5	11	34	0.0	-2.0	1	0-1,1-0
0.5	11	35	2.0	2.0	1	1-0,0-1
0.5	11	36	1.5	1.0	1	1/2-1/2,0-1
0.5	11	37	0.0	-2.0	0	0-1,1-0
0.5	11	38	0.0	-2.0	1	0-1,1-0
0.5	11	39	2.0	2.0	1	1-0,0-1
0.5	11	40	1.5	1.0	1	1/2-1/2,0-1
0.5	11	41	0.0	-2.0	0	0-1,1-0
0.5	11	42	0.0	-2.0	1	0-1,1-0
0.5	11	43	2.0	2.0	1	1-0,0-1
0.5	11	44	1.5	1.0	1	1/2-1/2,0-1
0.5	11	45	0.0	-2.0	0	0-1,1-0
0.5	11	46	0.0	-2.0	1	0-1,1-0
0.5	11	47	2.0	2.0	1	1-0,0-1
0.5	11	48	1.5	1.0	1	1/2-1/2,0-1
0.5	11	49	0.0	-2.0	0	0-1,1-0
0.5	11	50	0.0	-2.0	1	0-1,1-0
0.5	11	51	2.0	2.0	1	1-0,0-1
0.5	11	52	1.5	1.0	1	1/2-1/2,0-1
0.5	11	53	0.0	-2.0	0	0-1,1-0
0.5	11	54	0.0	-2.0	1	0-1,1-0
0.5	11	55	2.0	2.0	1	1-0,0-1
0.5	11	56	1.5	1.0	1	1/2-1/2,0-1
0.5	11	57	0.0	-2.0	0	0-1,1-0
0.5	11	58	0.0	-2.0	1	0-1,1-0
0.5	11	59	2.0	2.0	1	1-0,0-1
0.5	11	60	1.5	1.0	1	1/2-1/2,0-1
0.5	11	61	0.0	-2.0	0	0-1,1-0
0.5	11	62	0.0	-2.0	1	0-1,1-0
0.5	11	63	2.0	2.0	1	1-0,0-1
0.5	12	0	1.0	0.0	1	0-1,0-1
0.5	12	1	0.0	-2.0	0	0-1,1-0
0.5	12	2	0.0	-2.0	1	0-1,1-0
0.5	12	3	0.5	-1.0	1	1/2-1/2,1-0
0.5	12	4	1.0	0.0	1	0-1,0-1
0.5	12	5	0.0	-2.0	0	0-1,1-0
0.5	12	6	0.0	-2.0	1	0-1,1-0
0.5	12	7	0.5	-1.0	1	1/2-1/2,1-0
0.5	12	8	1.0	0.0	1	0-1,0-1
0.5	12	9	0.0	-2.0	0	0-1,1-0
0.5	12	10	0.0	-2.0	1	0-1,1-0
0.5	12	11	0.5	-1.0	1	1/2-1/2,1-0
0.5	12	12	1.0	0.0	1	0-1,0-1
0.5	12	13	0.0	-2.0	0	0-1,1-0
0.5	12	14	0.0	-2.0	1	0-1,1-0
0.5	12	15	0.5	-1.0	1	1/2-1/2,1-0
0.5	12	16	1.0	0.0	1	0-1,0-1
0.5	12	17	0.0	-2.0	0	0-1,1-0
0.5	12	18	0.0	-2.0	1	0-1,1-0
0.5	12	19	0.5	-1.0	1	1/2-1/2,1-0
0.5	12	20	1.0	0.0	1	0-1,0-1
0.5	12	21	0.0	-2.0	0	0-1,1-0
0.5	12	22	0.0	-2.0	1	0-1,1-0
0.5	12	23	0.5	-1.0	1	1/2-1/2,1-0
0.5	12	24	1.0	0.0	1	0-1,0-1
0.5	12	25	0.0	-2.0	0	0-1,1-0
0.5	12	26	0.0	-2.0	1	0-1,1-0
0.5	12	27	0.5	-1.0	1	1/2-1/2,1-0
0.5	12	28	1.0	0.0	1	0-1,0-1
0.5	12	29	0.0	-2.0	0	0-1,1-0
0.5	12	30	0.0	-2.0	1	0-1,1-0
0.5	12	31	0.5	-1.0	1	1/2-1/2,1-0
0.5	12	32	1.0	0.0	1	0-1,0-1
0.5	12	33	0.0	-2.0	0	0-1,1-0
0.5	12	34	0.0	-2.0	1	0-1,1-0
0.5	12	35	0.5	-1.0	1	1/2-1/2,1-0
0.5	12	36	1.0	0.0	1	0-1,0-1
0.5	12	37	0.0	-2.0	0	0-1,1-0
0.5	12	38	0.0	-2.0	1	0-1,1-0
0.5	12	39	0.5	-1.0	1	1/2-1/2,1-0
0.5	12	40	1.0	0.0	1	0-1,0-1
0.5	12	41	0.0	-2.0	0	0-1,1-0
0.5	12	42	0.0	-2.0	1	0-1,1-0
0.5	12	43	0.5	-1.0	1	1/2-1/2,1-0
0.5	12	44	1.0	0.0	1	0-1,0-1
0.5	12	45	0.0	-2.0	0	0-1,1-0
0.5	12	46	0.0	-2.0	1	0-1,1-0
0.5	12	47	0.5	-1.0	1	1/2-1/2,1-0
0.5	12	48	1.0	0.0	1	0-1,0-1
0.5	12	49	0.0	-2.0	0	0-1,1-0
0.5	12	50	0.0	-2.0	1	0-1,1-0
0.5	12	51	0.5	-1.0	1	1/2-1/2,1-0
0.5	12	52	1.0	0.0	1	0-1,0-1
0.5	12	53	0.0	-2.0	0	0-1,1-0
0.5	12	54	0.0	-2.0	1	0-1,1-0
0.5	12	55	0.5	-1.0	1	1/2-1/2,1-0
0.5	12	56	1.0	0.0	1	0-1,0-1
0.5	12	57	0.0	-2.0	0	0-1,1-0
0.5	12	58	0.0	-2.0	1	0-1,1-0
0.5	12	59	0.5	-1.0	1	1/2-1/2,1-0
0.5	12	60	1.0	0.0	1	0-1,0-1
0.5	12	61	0.0	-2.0	0	0-1,1-0
0.5	12	62	0.0	-2.0	1	0-1,1-0
0.5	12	63	0.5	-1.0	1	1/2-1/2,1-0
0.5	13	0	1.0	0.0	1	0-1,0-1
0.5	13	1	1.0	0.0	1	1-0,1-0
0.5	13	2	1.5	1.0	1	1/2-1/2,0-1
0.5	13	3	2.0	2.0	1	1-0,0-1
0.5	13	4	1.0	0.0	1	0-1,0-1
0.5	13	5	1.0	0.0	1	1-0,1-0
0.5	13	6	1.5	1.0	1	1/2-1/2,0-1
0.5	13	7	2.0	2.0	1	1-0,0-1
0.5	13	8	1.0	0.0	1	0-1,0-1
0.5	13	9	1.0	0.0	1	1-0,1-0
0.5	13	10	1.5	1.0	1	1/2-1/2,0-1
0.5	13	11	2.0	2.0	1	1-0,0-1
0.5	13	12	1.0	0.0	1	0-1,0-1
0.5	13	13	1.0	0.0	1	1-0,1-0
0.5	13	14	1.5	1.0	1	1/2-1/2,0-1
0.5	13	15	2.0	2.0	1	1-0,0-1
0.5	13	16	1.0	0.0	1	0-1,0-1
0.5	13	17	1.0	0.0	1	1-0,1-0
0.5	13	18	1.5	1.0	1	1/2-1/2,0-1
0.5	13	19	2.0	2.0	1	1-0,0-1
0.5	13	20	1.0	0.0	1	0-1,0-1
0.5	13	21	1.0	0.0	1	1-0,1-0
0.5	13	22	1.5	1.0	1	1/2-1/2,0-1
0.5	13	23	2.0	2.0	1	1-0,0-1
0.5	13	24	1.0	0.0	1	0-1,0-1
0.5	13	25	1.0	0.0	1	1-0,1-0
0.5	13	26	1.5	1.0	1	1/2-1/2,0-1
0.5	13	27	2.0	2.0	1	1-0,0-1
0.5	13	28	1.0	0.0	1	0-1,0-1
0.5	13	29	1.0	0.0	1	1-0,1-0
0.5	13	30	1.5	1.0	1	1/2-1/2,0-1
0.5	13	31	2.0	2.0	1	1-0,0-1
0.5	13	32	1.0	0.0	1	0-1,0-1
0.5	13	33	1.0	0.0	1	1-0,1-0
0.5	13	34	1.5	1.0	1	1/2-1/2,0-1
0.5	13	35	2.0	2.0	1	1-0,0-1
0.5	13	36	1.0	0.0	1	0-1,0-1
0.5	13	37	1.0	0.0	1	1-0,1-0
0.5	13	38	1.5	1.0	1	1/2-1/2,0-1
0.5	13	39	2.0	2.0	1	1-0,0-1
0.5	13	40	1.0	0.0	1	0-1,0-1
0.5	13	41	1.0	0.0	1	1-0,1-0
0.5	13	42	1.5	1.0	1	1/2-1/2,0-1
0.5	13	43	2.0	2.0	1	1-0,0-1
0.5	13	44	1.0	0.0	1	0-1,0-1
0.5	13	45	1.0	0.0	1	1-0,1-0
0.5	13	46	1.5	1.0	1	1/2-1/2,0-1
0.5	13	47	2.0	2.0	1	1-0,0-1
0.5	13	48	1.0	0.0	1	0-1,0-1
0.5	13	49	1.0	0.0	1	1-0,1-0
0.5	13	50	1.5	1.0	1	1/2-1/2,0-1
0.5	13	51	2.0	2.0	1	1-0,0-1
0.5	13	52	1.0	0.0	1	0-1,0-1
0.5	13	53	1.0	0.0	1	1-0,1-0
0.5	13	54	1.5	1.0	1	1/2-1/2,0-1
0.5	13	55	2.0	2.0	1	1-0,0-1
0.5	13	56	1.0	0.0	1	0-1,0-1
0.5	13	57	1.0	0.0	1	1-0,1-0
0.5	13	58	1.5	1.0	1	1/2-1/2,0-1
0.5	13	59	2.0	2.0	1	1-0,0-1
0.5	13	60	1.0	0.0	1	0-1,0-1
0.5	13	61	1.0	0.0	1	1-0,1-0
0.5	13	62	1.5	1.0	1	1/2-1/2,0-1
0.5	13	63	2.0	2.0	1	1-0,0-1
0.5	14	0	0.0	-2.0	1	0-1,1-0
0.5	14	1	1.0	0.0	1	0-1,0-1
0.5	14	2	1.0	0.0	1	1-0,1-0
0.5	14	3	0.0	-2.0	1	0-1,1-0
0.5	14	4	0.0	-2.0	1	0-1,1-0
0.5	14	5	1.0	0.0	1	0-1,0-1
0.5	14	6	1.0	0.0	1	1-0,1-0
0.5	14	7	0.0	-2.0	1	0-1,1-0
0.5	14	8	0.0	-2.0	1	0-1,1-0
0.5	14	9	1.0	0.0	1	0-1,0-1
0.5	14	10	1.0	0.0	1	1-0,1-0
0.5	14	11	0.0	-2.0	1	0-1,1-0
0.5	14	12	0.0	-2.0	1	0-1,1-0
0.5	14	13	1.0	0.0	1	0-1,0-1
0.5	14	14	1.0	0.0	1	1-0,1-0
0.5	14	15	0.0	-2.0	1	0-1,1-0
0.5	14	16	0.0	-2.0	1	0-1,1-0
0.5	14	17	1.0	0.0	1	0-1,0-1
0.5	14	18	1.0	0.0	1	1-0,1-0
0.5	14	19	0.0	-2.0	1	0-1,1-0
0.5	14	20	0.0	-2.0	1	0-1,1-0
0.5	14	21	1.0	0.0	1	0-1,0-1
0.5	14	22	1.0	0.0	1	1-0,1-0
0.5	14	23	0.0	-2.0	1	0-1,1-0
0.5	14	24	0.0	-2.0	1	0-1,1-0
0.5	14	25	1.0	0.0	1	0-1,0-1
0.5	14	26	1.0	0.0	1	1-0,1-0
0.5	14	27	0.0	-2.0	1	0-1,1-0
0.5	14	28	0.0	-2.0	1	0-1,1-0
0.5	14	29	1.0	0.0	1	0-1,0-1
0.5	14	30	1.0	0.0	1	1-0,1-0
0.5	14	31	0.0	-2.0	1	0-1,1-0
0.5	14	32	0.0	-2.0	1	0-1,1-0
0.5	14	33	1.0	0.0	1	0-1,0-1
0.5	14	34	1.0	0.0	1	1-0,1-0
0.5	14	35	0.0	-2.0	1	0-1,1-0
0.5	14	36	0.0	-2.0	1	0-1,1-0
0.5	14	37	1.0	0.0	1	0-1,0-1
0.5	14	38	1.0	0.0	1	1-0,1-0
0.5	14	39	0.0	-2.0	1	0-1,1-0
0.5	14	40	0.0	-2.0	1	0-1,1-0
0.5	14	41	1.0	0.0	1	0-1,0-1
0.5	14	42	1.0	0.0	1	1-0,1-0
0.5	14	43	0.0	-2.0	1	0-1,1-0
0.5	14	44	0.0	-2.0	1	0-1,1-0
0.5	14	45	1.0	0.0	1	0-1,0-1
0.5	14	46	1.0	0.0	1	1-0,1-0
0.5	14	47	0.0	-2.0	1	0-1,1-0
0.5	14	48	0.0	-2.0	1	0-1,1-0
0.5	14	49	1.0	0.0	1	0-1,0-1
0.5	14	50	1.0	0.0	1	1-0,1-0
0.5	14	51	0.0	-2.0	1	0-1,1-0
0.5	14	52	0.0	-2.0	1	0-1,1-0
0.5	14	53	1.0	0.0	1	0-1,0-1
0.5	14	54	1.0	0.0	1	1-0,1-0
0.5	14	55	0.0	-2.0	1	0-1,1-0
0.5	14	56	0.0	-2.0	1	0-1,1-0
0.5	14	57	1.0	0.0	1	0-1,0-1
0.5	14	58	1.0	0.0	1	1-0,1-0
0.5	14	59	0.0	-2.0	1	0-1,1-0
0.5	14	60	0.0	-2.0	1	0-1,1-0
0.5	14	61	1.0	0.0	1	0-1,0-1
0.5	14	62	1.0	0.0	1	1-0,1-0
0.5	14	63	0.0	-2.0	1	0-1,1-0
0.5	15	0	1.0	0.0	0	1-0,1-0
0.5	15	1	2.0	2.0	1	1-0,0-1
0.5	15	2	1.0	0.0	1	1-0,1-0
0.5	15	3	2.0	2.0	1	1-0,0-1
0.5	15	4	1.0	0.0	0	1-0,1-0
0.5	15	5	2.0	2.0	1	1-0,0-1
0.5	15	6	1.0	0.0	1	1-0,1-0
0.5	15	7	2.0	2.0	1	1-0,0-1
0.5	15	8	1.0	0.0	0	1-0,1-0
0.5	15	9	2.0	2.0	1	1-0,0-1
0.5	15	10	1.0	0.0	1	1-0,1-0
0.5	15	11	2.0	2.0	1	1-0,0-1
0.5	15	12	1.0	0.0	0	1-0,1-0
0.5	15	13	2.0	2.0	1	1-0,0-1
0.5	15	14	1.0	0.0	1	1-0,1-0
0.5	15	15	2.0	2.0	1	1-0,0-1
0.5	15	16	1.0	0.0	0	1-0,1-0
0.5	15	17	2.0	2.0	1	1-0,0-1
0.5	15	18	1.0	0.0	1	1-0,1-0
0.5	15	19	2.0	2.0	1	1-0,0-1
0.5	15	20	1.0	0.0	0	1-0,1-0
0.5	15	21	2.0	2.0	1	1-0,0-1
0.5	15	22	1.0	0.0	1	1-0,1-0
0.5	15	23	2.0	2.0	1	1-0,0-1
0.5	15	24	1.0	0.0	0	1-0,1-0
0.5	15	25	2.0	2.0	1	1-0,0-1
0.5	15	26	1.0	0.0	1	1-0,1-0
0.5	15	27	2.0	2.0	1	1-0,0-1
0.5	15	28	1.0	0.0	0	1-0,1-0
0.5	15	29	2.0	2.0	1	1-0,0-1
0.5	15	30	1.0	0.0	1	1-0,1-0
0.5	15	31	2.0	2.0	1	1-0,0-1
0.5	15	32	1.0	0.0	0	1-0,1-0
0.5	15	33	2.0	2.0	1	1-0,0-1
0.5	15	34	1.0	0.0	1	1-0,1-0
0.5	15	35	2.0	2.0	1	1-0,0-1
0.5	15	36	1.0	0.0	0	1-0,1-0
0.5	15	37	2.0	2.0	1	1-0,0-1
0.5	15	38	1.0	0.0	1	1-0,1-0
0.5	15	39	2.0	2.0	1	1-0,0-1
0.5	15	40	1.0	0.0	0	1-0,1-0
0.5	15	41	2.0	2.0	1	1-0,0-1
0.5	15	42	1.0	0.0	1	1-0,1-0
0.5	15	43	2.0	2.0	1	1-0,0-1
0.5	15	44	1.0	0.0	0	1-0,1-0
0.5	15	45	2.0	2.0	1	1-0,0-1
0.5	15	46	1.0	0.0	1	1-0,1-0
0.5	15	47	2.0	2.0	1	1-0,0-1
0.5	15	48	1.0	0.0	0	1-0,1-0
0.5	15	49	2.0	2.0	1	1-0,0-1
0.5	15	50	1.0	0.0	1	1-0,1-0
0.5	15	51	2.0	2.0	1	1-0,0-1
0.5	15	52	1.0	0.0	0	1-0,1-0
0.5	15	53	2.0	2.0	1	1-0,0-1
0.5	15	54	1.0	0.0	1	1-0,1-0
0.5	15	55	2.0	2.0	1	1-0,0-1
0.5	15	56	1.0	0.0	0	1-0,1-0
0.5	15	57	2.0	2.0	1	1-0,0-1
0.5	15	58	1.0	0.0	1	1-0,1-0
0.5	15	59	2.0	2.0	1	1-0,0-1
0.5	15	60	1.0	0.0	0	1-0,1-0
0.5	15	61	2.0	2.0	1	1-0,0-1
0.5	15	62	1.0	0.0	1	1-0,1-0
0.5	15	63	2.0	2.0	1	1-0,0-1
0.5	16	0	1.0	0.0	1	0-1,0-1
0.5	16	1	1.0	0.0	0	1-0,1-0
0.5	16	2	0.0	-2.0	1	0-1,1-0
0.5	16	3	1.0	0.0	1	0-1,0-1
0.5	16	4	1.0	0.0	1	0-1,0-1
0.5	16	5	1.0	0.0	0	1-0,1-0
0.5	16	6	0.0	-2.0	1	0-1,1-0
0.5	16	7	1.0	0.0	1	0-1,0-1
0.5	16	8	1.0	0.0	1	0-1,0-1
0.5	16	9	1.0	0.0	0	1-0,1-0
0.5	16	10	0.0	-2.0	1	0-1,1-0
0.5	16	11	1.0	0.0	1	0-1,0-1
0.5	16	12	1.0	0.0	1	0-1,0-1
0.5	16	13	1.0	0.0	0	1-0,1-0
0.5	16	14	0.0	-2.0	1	0-1,1-0
0.5	16	15	1.0	0.0	1	0-1,0-1
0.5	16	16	1.0	0.0	1	0-1,0-1
0.5	16	17	1.0	0.0	0	1-0,1-0
0.5	16	18	0.0	-2.0	1	0-1,1-0
0.5	16	19	1.0	0.0	1	0-1,0-1
0.5	16	20	1.0	0.0	1	0-1,0-1
0.5	16	21	1.0	0.0	0	1-0,1-0
0.5	16	22	0.0	-2.0	1	0-1,1-0
0.5	16	23	1.0	0.0	1	0-1,0-1
0.5	16	24	1.0	0.0	1	0-1,0-1
0.5	16	25	1.0	0.0	0	1-0,1-0
0.5	16	26	0.0	-2.0	1	0-1,1-0
0.5	16	27	1.0	0.0	1	0-1,0-1
0.5	16	28	1.0	0.0	1	0-1,0-1
0.5	16	29	1.0	0.0	0	1-0,1-0
0.5	16	30	0.0	-2.0	1	0-1,1-0
0.5	16	31	1.0	0.0	1	0-1,0-1
0.5	16	32	1.0	0.0	1	0-1,0-1
0.5	16	33	1.0	0.0	0	1-0,1-0
0.5	16	34	0.0	-2.0	1	0-1,1-0
0.5	16	35	1.0	0.0	1	0-1,0-1
0.5	16	36	1.0	0.0	1	0-1,0-1
0.5	16	37	1.0	0.0	0	1-0,1-0
0.5	16	38	0.0	-2.0	1	0-1,1-0
0.5	16	39	1.0	0.0	1	0-1,0-1
0.5	16	40	1.0	0.0	1	0-1,0-1
0.5	16	41	1.0	0.0	0	1-0,1-0
0.5	16	42	0.0	-2.0	1	0-1,1-0
0.5	16	43	1.0	0.0	1	0-1,0-1
0.5	16	44	1.0	0.0	1	0-1,0-1
0.5	16	45	1.0	0.0	0	1-0,1-0
0.5	16	46	0.0	-2.0	1	0-1,1-0
0.5	16	47	1.0	0.0	1	0-1,0-1
0.5	16	48	1.0	0.0	1	0-1,0-1
0.5	16	49	1.0	0.0	0	1-0,1-0
0.5	16	50	0.0	-2.0	1	0-1,1-0
0.5	16	51	1.0	0.0	1	0-1,0-1
0.5	16	52	1.0	0.0	1	0-1,0-1
0.5	16	53	1.0	0.0	0	1-0,1-0
0.5	16	54	0.0	-2.0	1	0-1,1-0
0.5	16	55	1.0	0.0	1	0-1,0-1
0.5	16	56	1.0	0.0	1	0-1,0-1
0.5	16	57	1.0	0.0	0	1-0,1-0
0.5	16	58	0.0	-2.0	1	0-1,1-0
0.5	16	59	1.0	0.0	1	0-1,0-1
0.5	16	60	1.0	0.0	1	0-1,0-1
0.5	16	61	1.0	0.0	0	1-0,1-0
0.5	16	62	0.0	-2.0	1	0-1,1-0
0.5	16	63	1.0	0.0	1	0-1,0-1
0.5	17	0	0.0	-2.0	1	0-1,1-0
0.5	17	1	0.0	-2.0	1	0-1,1-0
0.5	17	2	0.0	-2.0	1	0-1,1-0
0.5	17	3	0.0	-2.0	1	0-1,1-0
0.5	17	4	0.0	-2.0	1	0-1,1-0
0.5	17	5	0.0	-2.0	1	0-1,1-0
0.5	17	6	0.0	-2.0	1	0-1,1-0
0.5	17	7	0.0	-2.0	1	0-1,1-0
0.5	17	8	0.0	-2.0	1	0-1,1-0
0.5	17	9	0.0	-2.0	1	0-1,1-0
0.5	17	10	0.0	-2.0	1	0-1,1-0
0.5	17	11	0.0	-2.0	1	0-1,1-0
0.5	17	12	0.0	-2.0	1	0-1,1-0
0.5	17	13	0.0	-2.0	1	0-1,1-0
0.5	17	14	0.0	-2.0	1	0-1,1-0
0.5	17	15	0.0	-2.0	1	0-1,1-0
0.5	17	16	0.0	-2.0	1	0-1,1-0
0.5	17	17	0.0	-2.0	1	0-1,1-0
0.5	17	18	0.0	-2.0	1	0-1,1-0
0.5	17	19	0.0	-2.0	1	0-1,1-0
0.5	17	20	0.0	-2.0	1	0-1,1-0
0.5	17	21	0.0	-2.0	1	0-1,1-0
0.5	17	22	0.0	-2.0	1	0-1,1-0
0.5	17	23	0.0	-2.0	1	0-1,1-0
0.5	17	24	0.0	-2.0	1	0-1,1-0
0.5	17	25	0.0	-2.0	1	0-1,1-0
0.5	17	26	0.0	-2.0	1	0-1,1-0
0.5	17	27	0.0	-2.0	1	0-1,1-0
0.5	17	28	0.0	-2.0	1	0-1,1-0
0.5	17	29	0.0	-2.0	1	0-1,1-0
0.5	17	30	0.0	-2.0	1	0-1,1-0
0.5	17	31	0.0	-2.0	1	0-1,1-0
0.5	17	32	0.0	-2.0	1	0-1,1-0
0.5	17	33	0.0	-2.0	1	0-1,1-0
0.5	17	34	0.0	-2.0	1	0-1,1-0
0.5	17	35	0.0	-2.0	1	0-1,1-0
0.5	17	36	0.0	-2.0	1	0-1,1-0
0.5	17	37	0.0	-2.0	1	0-1,1-0
0.5	17	38	0.0	-2.0	1	0-1,1-0
0.5	17	39	0.0	-2.0	1	0-1,1-0
0.5	17	40	0.0	-2.0	1	0-1,1-0
0.5	17	41	0.0	-2.0	1	0-1,1-0
0.5	17	42	0.0	-2.0	1	0-1,1-0
0.5	17	43	0.0	-2.0	1	0-1,1-0
0.5	17	44	0.0	-2.0	1	0-1,1-0
0.5	17	45	0.0	-2.0	1	0-1,1-0
0.5	17	46	0.0	-2.0	1	0-1,1-0
0.5	17	47	0.0	-2.0	1	0-1,1-0
0.5	17	48	0.0	-2.0	1	0-1,1-0
0.5	17	49	0.0	-2.0	1	0-1,1-0
0.5	17	50	0.0	-2.0	1	0-1,1-0
0.5	17	51	0.0	-2.0	1	0-1,1-0
0.5	17	52	0.0	-2.0	1	0-1,1-0
0.5	17	53	0.0	-2.0	1	0-1,1-0
0.5	17	54	0.0	-2.0	1	0-1,1-0
0.5	17	55	0.0	-2.0	1	0-1,1-0
0.5	17	56	0.0	-2.0	1	0-1,1-0
0.5	17	57	0.0	-2.0	1	0-1,1-0
0.5	17	58	0.0	-2.0	1	0-1,1-0
0.5	17	59	0.0	-2.0	1	0-1,1-0
0.5	17	60	0.0	-2.0	1	0-1,1-0
0.5	17	61	0.0	-2.0	1	0-1,1-0
0.5	17	62	0.0	-2.0	1	0-1,1-0
0.5	17	63	0.0	-2.0	1	0-1,1-0
0.5	18	0	2.0	2.0	1	1-0,0-1
0.5	18	1	1.0	0.0	1	0-1,0-1
0.5	18	2	1.5	1.0	1	1-0,1/2-1/2
0.5	18	3	0.0	-2.0	1	0-1,1-0
0.5	18	4	2.0	2.0	1	1-0,0-1
0.5	18	5	1.0	0.0	1	0-1,0-1
0.5	18	6	1.5	1.0	1	1-0,1/2-1/2
0.5	18	7	0.0	-2.0	1	0-1,1-0
0.5	18	8	2.0	2.0	1	1-0,0-1
0.5	18	9	1.0	0.0	1	0-1,0-1
0.5	18	10	1.5	1.0	1	1-0,1/2-1/2
0.5	18	11	0.0	-2.0	1	0-1,1-0
0.5	18	12	2.0	2.0	1	1-0,0-1
0.5	18	13	1.0	0.0	1	0-1,0-1
0.5	18	14	1.5	1.0	1	1-0,1/2-1/2
0.5	18	15	0.0	-2.0	1	0-1,1-0
0.5	18	16	2.0	2.0	1	1-0,0-1
0.5	18	17	1.0	0.0	1	0-1,0-1
0.5	18	18	1.5	1.0	1	1-0,1/2-1/2
0.5	18	19	0.0	-2.0	1	0-1,1-0
0.5	18	20	2.0	2.0	1	1-0,0-1
0.5	18	21	1.0	0.0	1	0-1,0-1
0.5	18	22	1.5	1.0	1	1-0,1/2-1/2
0.5	18	23	0.0	-2.0	1	0-1,1-0
0.5	18	24	2.0	2.0	1	1-0,0-1
0.5	18	25	1.0	0.0	1	0-1,0-1
0.5	18	26	1.5	1.0	1	1-0,1/2-1/2
0.5	18	27	0.0	-2.0	1	0-1,1-0
0.5	18	28	2.0	2.0	1	1-0,0-1
0.5	18	29	1.0	0.0	1	0-1,0-1
0.5	18	30	1.5	1.0	1	1-0,1/2-1/2
0.5	18	31	0.0	-2.0	1	0-1,1-0
0.5	18	32	2.0	2.0	1	1-0,0-1
0.5	18	33	1.0	0.0	1	0-1,0-1
0.5	18	34	1.5	1.0	1	1-0,1/2-1/2
0.5	18	35	0.0	-2.0	1	0-1,1-0
0.5	18	36	2.0	2.0	1	1-0,0-1
0.5	18	37	1.0	0.0	1	0-1,0-1
0.5	18	38	1.5	1.0	1	1-0,1/2-1/2
0.5	18	39	0.0	-2.0	1	0-1,1-0
0.5	18	40	2.0	2.0	1	1-0,0-1
0.5	18	41	1.0	0.0	1	0-1,0-1
0.5	18	42	1.5	1.0	1	1-0,1/2-1/2
0.5	18	43	0.0	-2.0	1	0-1,1-0
0.5	18	44	2.0	2.0	1	1-0,0-1
0.5	18	45	1.0	0.0	1	0-1,0-1
0.5	18	46	1.5	1.0	1	1-0,1/2-1/2
0.5	18	47	0.0	-2.0	1	0-1,1-0
0.5	18	48	2.0	2.0	1	1-0,0-1
0.5	18	49	1.0	0.0	1	0-1,0-1
0.5	18	50	1.5	1.0	1	1-0,1/2-1/2
0.5	18	51	0.0	-2.0	1	0-1,1-0
0.5	18	52	2.0	2.0	1	1-0,0-1
0.5	18	53	1.0	0.0	1	0-1,0-1
0.5	18	54	1.5	1.0	1	1-0,1/2-1/2
0.5	18	55	0.0	-2.0	1	0-1,1-0
0.5	18	56	2.0	2.0	1	1-0,0-1
0.5	18	57	1.0	0.0	1	0-1,0-1
0.5	18	58	1.5	1.0	1	1-0,1/2-1/2
0.5	18	59	0.0	-2.0	1	0-1,1-0
0.5	18	60	2.0	2.0	1	1-0,0-1
0.5	18	61	1.0	0.0	1	0-1,0-1
0.5	18	62	1.5	1.0	1	1-0,1/2-1/2
0.5	18	63	0.0	-2.0	1	0-1,1-0
0.5	19	0	1.0	0.0	1	0-1,0-1
0.5	19	1	0.0	-2.0	0	0-1,1-0
0.5	19	2	1.0	0.0	1	1-0,1-0
0.5	19	3	0.0	-2.0	0	0-1,1-0
0.5	19	4	1.0	0.0	1	0-1,0-1
0.5	19	5	0.0	-2.0	0	0-1,1-0
0.5	19	6	1.0	0.0	1	1-0,1-0
0.5	19	7	0.0	-2.0	0	0-1,1-0
0.5	19	8	1.0	0.0	1	0-1,0-1
0.5	19	9	0.0	-2.0	0	0-1,1-0
0.5	19	10	1.0	0.0	1	1-0,1-0
0.5	19	11	0.0	-2.0	0	0-1,1-0
0.5	19	12	1.0	0.0	1	0-1,0-1
0.5	19	13	0.0	-2.0	0	0-1,1-0
0.5	19	14	1.0	0.0	1	1-0,1-0
0.5	19	15	0.0	-2.0	0	0-1,1-0
0.5	19	16	1.0	0.0	1	0-1,0-1
0.5	19	17	0.0	-2.0	0	0-1,1-0
0.5	19	18	1.0	0.0	1	1-0,1-0
0.5	19	19	0.0	-2.0	0	0-1,1-0
0.5	19	20	1.0	0.0	1	0-1,0-1
0.5	19	21	0.0	-2.0	0	0-1,1-0
0.5	19	22	1.0	0.0	1	1-0,1-0
0.5	19	23	0.0	-2.0	0	0-1,1-0
0.5	19	24	1.0	0.0	1	0-1,0-1
0.5	19	25	0.0	-2.0	0	0-1,1-0
0.5	19	26	1.0	0.0	1	1-0,1-0
0.5	19	27	0.0	-2.0	0	0-1,1-0
0.5	19	28	1.0	0.0	1	0-1,0-1
0.5	19	29	0.0	-2.0	0	0-1,1-0
0.5	19	30	1.0	0.0	1	1-0,1-0
0.5	19	31	0.0	-2.0	0	0-1,1-0
0.5	19	32	1.0	0.0	1	0-1,0-1
0.5	19	33	0.0	-2.0	0	0-1,1-0
0.5	19	34	1.0	0.0	1	1-0,1-0
0.5	19	35	0.0	-2.0	0	0-1,1-0
0.5	19	36	1.0	0.0	1	0-1,0-1
0.5	19	37	0.0	-2.0	0	0-1,1-0
0.5	19	38	1.0	0.0	1	1-0,1-0
0.5	19	39	0.0	-2.0	0	0-1,1-0
0.5	19	40	1.0	0.0	1	0-1,0-1
0.5	19	41	0.0	-2.0	0	0-1,1-0
0.5	19	42	1.0	0.0	1	1-0,1-0
0.5	19	43	0.0	-2.0	0	0-1,1-0
0.5	19	44	1.0	0.0	1	0-1,0-1
0.5	19	45	0.0	-2.0	0	0-1,1-0
0.5	19	46	1.0	0.0	1	1-0,1-0
0.5	19	47	0.0	-2.0	0	0-1,1-0
0.5	19	48	1.0	0.0	1	0-1,0-1
0.5	19	49	0.0	-2.0	0	0-1,1-0
0.5	19	50	1.0	0.0	1	1-0,1-0
0.5	19	51	0.0	-2.0	0	0-1,1-0
0.5	19	52	1.0	0.0	1	0-1,0-1
0.5	19	53	0.0	-2.0	0	0-1,1-0
0.5	19	54	1.0	0.0	1	1-0,1-0
0.5	19	55	0.0	-2.0	0	0-1,1-0
0.5	19	56	1.0	0.0	1	0-1,0-1
0.5	19	57	0.0	-2.0	0	0-1,1-0
0.5	19	58	1.0	0.0	1	1-0,1-0
0.5	19	59	0.0	-2.0	0	0-1,1-0
0.5	19	60	1.0	0.0	1	0-1,0-1
0.5	19	61	0.0	-2.0	0	0-1,1-0
0.5	19	62	1.0	0.0	1	1-0,1-0
0.5	19	63	0.0	-2.0	0	0-1,1-0
1.0	0	0	1.0	0.0	1	1-0,1-0
1.0	0	1	0.0	-2.0	1	0-1,1-0
1.0	0	2	0.0	-2.0	1	0-1,1-0
1.0	0	3	2.0	2.0	1	1-0,0-1
1.0	0	4	1.0	0.0	1	1-0,1-0
1.0	0	5	0.0	-2.0	1	0-1,1-0
1.0	0	6	0.0	-2.0	1	0-1,1-0
1.0	0	7	2.0	2.0	1	1-0,0-1
1.0	0	8	1.0	0.0	1	1-0,1-0
1.0	0	9	0.0	-2.0	1	0-1,1-0
1.0	0	10	0.0	-2.0	1	0-1,1-0
1.0	0	11	2.0	2.0	1	1-0,0-1
1.0	0	12	1.0	0.0	1	1-0,1-0
1.0	0	13	0.0	-2.0	1	0-1,1-0
1.0	0	14	0.0	-2.0	1	0-1,1-0
1.0	0	15	2.0	2.0	1	1-0,0-1
1.0	0	16	1.0	0.0	1	1-0,1-0
1.0	0	17	0.0	-2.0	1	0-1,1-0
1.0	0	18	0.0	-2.0	1	0-1,1-0
1.0	0	19	2.0	2.0	1	1-0,0-1
1.0	0	20	1.0	0.0	1	1-0,1-0
1.0	0	21	0.0	-2.0	1	0-1,1-0
1.0	0	22	0.0	-2.0	1	0-1,1-0
1.0	0	23	2.0	2.0	1	1-0,0-1
1.0	0	24	1.0	0.0	1	1-0,1-0
1.0	0	25	0.0	-2.0	1	0-1,1-0
1.0	0	26	0.0	-2.0	1	0-1,1-0
1.0	0	27	2.0	2.0	1	1-0,0-1
1.0	0	28	1.0	0.0	1	1-0,1-0
1.0	0	29	0.0	-2.0	1	0-1,1-0
1.0	0	30	0.0	-2.0	1	0-1,1-0
1.0	0	31	2.0	2.0	1	1-0,0-1
1.0	0	32	1.0	0.0	1	1-0,1-0
1.0	0	33	0.0	-2.0	1	0-1,1-0
1.0	0	34	0.0	-2.0	1	0-1,1-0
1.0	0	35	2.0	2.0	1	1-0,0-1
1.0	0	36	1.0	0.0	1	1-0,1-0
1.0	0	37	0.0	-2.0	1	0-1,1-0
1.0	0	38	0.0	-2.0	1	0-1,1-0
1.0	0	39	2.0	2.0	1	1-0,0-1
1.0	0	40	1.0	0.0	1	1-0,1-0
1.0	0	41	0.0	-2.0	1	0-1,1-0
1.0	0	42	0.0	-2.0	1	0-1,1-0
1.0	0	43	2.0	2.0	1	1-0,0-1
1.0	0	44	1.0	0.0	1	1-0,1-0
1.0	0	45	0.0	-2.0	1	0-1,1-0
1.0	0	46	0.0	-2.0	1	0-1,1-0
1.0	0	47	2.0	2.0	1	1-0,0-1
1.0	0	48	1.0	0.0	1	1-0,1-0
1.0	0	49	0.0	-2.0	1	0-1,1-0
1.0	0	50	0.0	-2.0	1	0-1,1-0
1.0	0	51	2.0	2.0	1	1-0,0-1
1.0	0	52	1.0	0.0	1	1-0,1-0
1.0	0	53	0.0	-2.0	1	0-1,1-0
1.0	0	54	0.0	-2.0	1	0-1,1-0
1.0	0	55	2.0	2.0	1	1-0,0-1
1.0	0	56	1.0	0.0	1	1-0,1-0
1.0	0	57	0.0	-2.0	1	0-1,1-0
1.0	0	58	0.0	-2.0	1	0-1,1-0
1.0	0	59	2.0	2.0	1	1-0,0-1
1.0	0	60	1.0	0.0	1	1-0,1-0
1.0	0	61	0.0	-2.0	1	0-1,1-0
1.0	0	62	0.0	-2.0	1	0-1,1-0
1.0	0	63	2.0	2.0	1	1-0,0-1
1.0	1	0	1.5	1.0	1	1/2-1/2,0-1
1.0	1	1	1.0	0.0	1	1-0,1-0
1.0	1	2	1.0	0.0	1	1-0,1-0
1.0	1	3	2.0	2.0	1	1-0,0-1
1.0	1	4	1.5	1.0	1	1/2-1/2,0-1
1.0	1	5	1.0	0.0	1	1-0,1-0
1.0	1	6	1.0	0.0	1	1-0,1-0
1.0	1	7	2.0	2.0	1	1-0,0-1
1.0	1	8	1.5	1.0	1	1/2-1/2,0-1
1.0	1	9	1.0	0.0	1	1-0,1-0
1.0	1	10	1.0	0.0	1	1-0,1-0
1.0	1	11	2.0	2.0	1	1-0,0-1
1.0	1	12	1.5	1.0	1	1/2-1/2,0-1
1.0	1	13	1.0	0.0	1	1-0,1-0
1.0	1	14	1.0	0.0	1	1-0,1-0
1.0	1	15	2.0	2.0	1	1-0,0-1
1.0	1	16	1.5	1.0	1	1/2-1/2,0-1
1.0	1	17	1.0	0.0	1	1-0,1-0
1.0	1	18	1.0	0.0	1	1-0,1-0
1.0	1	19	2.0	2.0	1	1-0,0-1
1.0	1	20	1.5	1.0	1	1/2-1/2,0-1
1.0	1	21	1.0	0.0	1	1-0,1-0
1.0	1	22	1.0	0.0	1	1-0,1-0
1.0	1	23	2.0	2.0	1	1-0,0-1
1.0	1	24	1.5	1.0	1	1/2-1/2,0-1
1.0	1	25	1.0	0.0	1	1-0,1-0
1.0	1	26	1.0	0.0	1	1-0,1-0
1.0	1	27	2.0	2.0	1	1-0,0-1
1.0	1	28	1.5	1.0	1	1/2-1/2,0-1
1.0	1	29	1.0	0.0	1	1-0,1-0
1.0	1	30	1.0	0.0	1	1-0,1-0
1.0	1	31	2.0	2.0	1	1-0,0-1
1.0	1	32	1.5	1.0	1	1/2-1/2,0-1
1.0	1	33	1.0	0.0	1	1-0,1-0
1.0	1	34	1.0	0.0	1	1-0,1-0
1.0	1	35	2.0	2.0	1	1-0,0-1
1.0	1	36	1.5	1.0	1	1/2-1/2,0-1
1.0	1	37	1.0	0.0	1	1-0,1-0
1.0	1	38	1.0	0.0	1	1-0,1-0
1.0	1	39	2.0	2.0	1	1-0,0-1
1.0	1	40	1.5	1.0	1	1/2-1/2,0-1
1.0	1	41	1.0	0.0	1	1-0,1-0
1.0	1	42	1.0	0.0	1	1-0,1-0
1.0	1	43	2.0	2.0	1	1-0,0-1
1.0	1	44	1.5	1.0	1	1/2-1/2,0-1
1.0	1	45	1.0	0.0	1	1-0,1-0
1.0	1	46	1.0	0.0	1	1-0,1-0
1.0	1	47	2.0	2.0	1	1-0,0-1
1.0	1	48	1.5	1.0	1	1/2-1/2,0-1
1.0	1	49	1.0	0.0	1	1-0,1-0
1.0	1	50	1.0	0.0	1	1-0,1-0
1.0	1	51	2.0	2.0	1	1-0,0-1
1.0	1	52	1.5	1.0	1	1/2-1/2,0-1
1.0	1	53	1.0	0.0	1	1-0,1-0
1.0	1	54	1.0	0.0	1	1-0,1-0
1.0	1	55	2.0	2.0	1	1-0,0-1
1.0	1	56	1.5	1.0	1	1/2-1/2,0-1
1.0	1	57	1.0	0.0	1	1-0,1-0
1.0	1	58	1.0	0.0	1	1-0,1-0
1.0	1	59	2.0	2.0	1	1-0,0-1
1.0	1	60	1.5	1.0	1	1/2-1/2,0-1
1.0	1	61	1.0	0.0	1	1-0,1-0
1.0	1	62	1.0	0.0	1	1-0,1-0
1.0	1	63	2.0	2.0	1	1-0,0-1
1.0	2	0	2.0	2.0	1	1-0,0-1
1.0	2	1	1.0	0.0	1	0-1,0-1
1.0	2	2	1.0	0.0	1	0-1,0-1
1.0	2	3	1.0	0.0	1	0-1,0-1
1.0	2	4	2.0	2.0	1	1-0,0-1
1.0	2	5	1.0	0.0	1	0-1,0-1
1.0	2	6	1.0	0.0	1	0-1,0-1
1.0	2	7	1.0	0.0	1	0-1,0-1
1.0	2	8	2.0	2.0	1	1-0,0-1
1.0	2	9	1.0	0.0	1	0-1,0-1
1.0	2	10	1.0	0.0	1	0-1,0-1
1.0	2	11	1.0	0.0	1	0-1,0-1
1.0	2	12	2.0	2.0	1	1-0,0-1
1.0	2	13	1.0	0.0	1	0-1,0-1
1.0	2	14	1.0	0.0	1	0-1,0-1
1.0	2	15	1.0	0.0	1	0-1,0-1
1.0	2	16	2.0	2.0	1	1-0,0-1
1.0	2	17	1.0	0.0	1	0-1,0-1
1.0	2	18	1.0	0.0	1	0-1,0-1
1.0	2	19	1.0	0.0	1	0-1,0-1
1.0	2	20	2.0	2.0	1	1-0,0-1
1.0	2	21	1.0	0.0	1	0-1,0-1
1.0	2	22	1.0	0.0	1	0-1,0-1
1.0	2	23	1.0	0.0	1	0-1,0-1
1.0	2	24	2.0	2.0	1	1-0,0-1
1.0	2	25	1.0	0.0	1	0-1,0-1
1.0	2	26	1.0	0.0	1	0-1,0-1
1.0	2	27	1.0	0.0	1	0-1,0-1
1.0	2	28	2.0	2.0	1	1-0,0-1
1.0	2	29	1.0	0.0	1	0-1,0-1
1.0	2	30	1.0	0.0	1	0-1,0-1
1.0	2	31	1.0	0.0	1	0-1,0-1
1.0	2	32	2.0	2.0	1	1-0,0-1
1.0	2	33	1.0	0.0	1	0-1,0-1
1.0	2	34	1.0	0.0	1	0-1,0-1
1.0	2	35	1.0	0.0	1	0-1,0-1
1.0	2	36	2.0	2.0	1	1-0,0-1
1.0	2	37	1.0	0.0	1	0-1,0-1
1.0	2	38	1.0	0.0	1	0-1,0-1
1.0	2	39	1.0	0.0	1	0-1,0-1
1.0	2	40	2.0	2.0	1	1-0,0-1
1.0	2	41	1.0	0.0	1	0-1,0-1
1.0	2	42	1.0	0.0	1	0-1,0-1
1.0	2	43	1.0	0.0	1	0-1,0-1
1.0	2	44	2.0	2.0	1	1-0,0-1
1.0	2	45	1.0	0.0	1	0-1,0-1
1.0	2	46	1.0	0.0	1	0-1,0-1
1.0	2	47	1.0	0.0	1	0-1,0-1
1.0	2	48	2.0	2.0	1	1-0,0-1
1.0	2	49	1.0	0.0	1	0-1,0-1
1.0	2	50	1.0	0.0	1	0-1,0-1
1.0	2	51	1.0	0.0	1	0-1,0-1
1.0	2	52	2.0	2.0	1	1-0,0-1
1.0	2	53	1.0	0.0	1	0-1,0-1
1.0	2	54	1.0	0.0	1	0-1,0-1
1.0	2	55	1.0	0.0	1	0-1,0-1
1.0	2	56	2.0	2.0	1	1-0,0-1
1.0	2	57	1.0	0.0	1	0-1,0-1
1.0	2	58	1.0	0.0	1	0-1,0-1
1.0	2	59	1.0	0.0	1	0-1,0-1
1.0	2	60	2.0	2.0	1	1-0,0-1
1.0	2	61	1.0	0.0	1	0-1,0-1
1.0	2	62	1.0	0.0	1	0-1,0-1
1.0	2	63	1.0	0.0	1	0-1,0-1
1.0	3	0	2.0	2.0	1	1-0,0-1
1.0	3	1	1.0	0.0	1	1-0,1-0
1.0	3	2	2.0	2.0	1	1-0,0-1
1.0	3	3	2.0	2.0	1	1-0,0-1
1.0	3	4	2.0	2.0	1	1-0,0-1
1.0	3	5	1.0	0.0	1	1-0,1-0
1.0	3	6	2.0	2.0	1	1-0,0-1
1.0	3	7	2.0	2.0	1	1-0,0-1
1.0	3	8	2.0	2.0	1	1-0,0-1
1.0	3	9	1.0	0.0	1	1-0,1-0
1.0	3	10	2.0	2.0	1	1-0,0-1
1.0	3	11	2.0	2.0	1	1-0,0-1
1.0	3	12	2.0	2.0	1	1-0,0-1
1.0	3	13	1.0	0.0	1	1-0,1-0
1.0	3	14	2.0	2.0	1	1-0,0-1
1.0	3	15	2.0	2.0	1	1-0,0-1
1.0	3	16	2.0	2.0	1	1-0,0-1
1.0	3	17	1.0	0.0	1	1-0,1-0
1.0	3	18	2.0	2.0	1	1-0,0-1
1.0	3	19	2.0	2.0	1	1-0,0-1
1.0	3	20	2.0	2.0	1	1-0,0-1
1.0	3	21	1.0	0.0	1	1-0,1-0
1.0	3	22	2.0	2.0	1	1-0,0-1
1.0	3	23	2.0	2.0	1	1-0,0-1
1.0	3	24	2.0	2.0	1	1-0,0-1
1.0	3	25	1.0	0.0	1	1-0,1-0
1.0	3	26	2.0	2.0	1	1-0,0-1
1.0	3	27	2.0	2.0	1	1-0,0-1
1.0	3	28	2.0	2.0	1	1-0,0-1
1.0	3	29	1.0	0.0	1	1-0,1-0
1.0	3	30	2.0	2.0	1	1-0,0-1
1.0	3	31	2.0	2.0	1	1-0,0-1
1.0	3	32	2.0	2.0	1	1-0,0-1
1.0	3	33	1.0	0.0	1	1-0,1-0
1.0	3	34	2.0	2.0	1	1-0,0-1
1.0	3	35	2.0	2.0	1	1-0,0-1
1.0	3	36	2.0	2.0	1	1-0,0-1
1.0	3	37	1.0	0.0	1	1-0,1-0
1.0	3	38	2.0	2.0	1	1-0,0-1
1.0	3	39	2.0	2.0	1	1-0,0-1
1.0	3	40	2.0	2.0	1	1-0,0-1
1.0	3	41	1.0	0.0	1	1-0,1-0
1.0	3	42	2.0	2.0	1	1-0,0-1
1.0	3	43	2.0	2.0	1	1-0,0-1
1.0	3	44	2.0	2.0	1	1-0,0-1
1.0	3	45	1.0	0.0	1	1-0,1-0
1.0	3	46	2.0	2.0	1	1-0,0-1
1.0	3	47	2.0	2.0	1	1-0,0-1
1.0	3	48	2.0	2.0	1	1-0,0-1
1.0	3	49	1.0	0.0	1	1-0,1-0
1.0	3	50	2.0	2.0	1	1-0,0-1
1.0	3	51	2.0	2.0	1	1-0,0-1
1.0	3	52	2.0	2.0	1	1-0,0-1
1.0	3	53	1.0	0.0	1	1-0,1-0
1.0	3	54	2.0	2.0	1	1-0,0-1
1.0	3	55	2.0	2.0	1	1-0,0-1
1.0	3	56	2.0	2.0	1	1-0,0-1
1.0	3	57	1.0	0.0	1	1-0,1-0
1.0	3	58	2.0	2.0	1	1-0,0-1
1.0	3	59	2.0	2.0	1	1-0,0-1
1.0	3	60	2.0	2.0	1	1-0,0-1
1.0	3	61	1.0	0.0	1	1-0,1-0
1.0	3	62	2.0	2.0	1	1-0,0-1
1.0	3	63	2.0	2.0	1	1-0,0-1
1.0	4	0	0.0	-2.0	1	0-1,1-0
1.0	4	1	1.0	0.0	1	0-1,0-1
1.0	4	2	2.0	2.0	1	1-0,0-1
1.0	4	3	2.0	2.0	1	1-0,0-1
1.0	4	4	0.0	-2.0	1	0-1,1-0
1.0	4	5	1.0	0.0	1	0-1,0-1
1.0	4	6	2.0	2.0	1	1-0,0-1
1.0	4	7	2.0	2.0	1	1-0,0-1
1.0	4	8	0.0	-2.0	1	0-1,1-0
1.0	4	9	1.0	0.0	1	0-1,0-1
1.0	4	10	2.0	2.0	1	1-0,0-1
1.0	4	11	2.0	2.0	1	1-0,0-1
1.0	4	12	0.0	-2.0	1	0-1,1-0
1.0	4	13	1.0	0.0	1	0-1,0-1
1.0	4	14	2.0	2.0	1	1-0,0-1
1.0	4	15	2.0	2.0	1	1-0,0-1
1.0	4	16	0.0	-2.0	1	0-1,1-0
1.0	4	17	1.0	0.0	1	0-1,0-1
1.0	4	18	2.0	2.0	1	1-0,0-1
1.0	4	19	2.0	2.0	1	1-0,0-1
1.0	4	20	0.0	-2.0	1	0-1,1-0
1.0	4	21	1.0	0.0	1	0-1,0-1
1.0	4	22	2.0	2.0	1	1-0,0-1
1.0	4	23	2.0	2.0	1	1-0,0-1
1.0	4	24	0.0	-2.0	1	0-1,1-0
1.0	4	25	1.0	0.0	1	0-1,0-1
1.0	4	26	2.0	2.0	1	1-0,0-1
1.0	4	27	2.0	2.0	1	1-0,0-1
1.0	4	28	0.0	-2.0	1	0-1,1-0
1.0	4	29	1.0	0.0	1	0-1,0-1
1.0	4	30	2.0	2.0	1	1-0,0-1
1.0	4	31	2.0	2.0	1	1-0,0-1
1.0	4	32	0.0	-2.0	1	0-1,1-0
1.0	4	33	1.0	0.0	1	0-1,0-1
1.0	4	34	2.0	2.0	1	1-0,0-1
1.0	4	35	2.0	2.0	1	1-0,0-1
1.0	4	36	0.0	-2.0	1	0-1,1-0
1.0	4	37	1.0	0.0	1	0-1,0-1
1.0	4	38	2.0	2.0	1	1-0,0-1
1.0	4	39	2.0	2.0	1	1-0,0-1
1.0	4	40	0.0	-2.0	1	0-1,1-0
1.0	4	41	1.0	0.0	1	0-1,0-1
1.0	4	42	2.0	2.0	1	1-0,0-1
1.0	4	43	2.0	2.0	1	1-0,0-1
1.0	4	44	0.0	-2.0	1	0-1,1-0
1.0	4	45	1.0	0.0	1	0-1,0-1
1.0	4	46	2.0	2.0	1	1-0,0-1
1.0	4	47	2.0	2.0	1	1-0,0-1
1.0	4	48	0.0	-2.0	1	0-1,1-0
1.0	4	49	1.0	0.0	1	0-1,0-1
1.0	4	50	2.0	2.0	1	1-0,0-1
1.0	4	51	2.0	2.0	1	1-0,0-1
1.0	4	52	0.0	-2.0	1	0-1,1-0
1.0	4	53	1.0	0.0	1	0-1,0-1
1.0	4	54	2.0	2.0	1	1-0,0-1
1.0	4	55	2.0	2.0	1	1-0,0-1
1.0	4	56	0.0	-2.0	1	0-1,1-0
1.0	4	57	1.0	0.0	1	0-1,0-1
1.0	4	58	2.0	2.0	1	1-0,0-1
1.0	4	59	2.0	2.0	1	1-0,0-1
1.0	4	60	0.0	-2.0	1	0-1,1-0
1.0	4	61	1.0	0.0	1	0-1,0-1
1.0	4	62	2.0	2.0	1	1-0,0-1
1.0	4	63	2.0	2.0	1	1-0,0-1
1.0	5	0	2.0	2.0	1	1-0,0-1
1.0	5	1	1.0	0.0	0	0-1,0-1
1.0	5	2	2.0	2.0	1	1-0,0-1
1.0	5	3	2.0	2.0	1	1-0,0-1
1.0	5	4	2.0	2.0	1	1-0,0-1
1.0	5	5	1.0	0.0	0	0-1,0-1
1.0	5	6	2.0	2.0	1	1-0,0-1
1.0	5	7	2.0	2.0	1	1-0,0-1
1.0	5	8	2.0	2.0	1	1-0,0-1
1.0	5	9	1.0	0.0	0	0-1,0-1
1.0	5	10	2.0	2.0	1	1-0,0-1
1.0	5	11	2.0	2.0	1	1-0,0-1
1.0	5	12	2.0	2.0	1	1-0,0-1
1.0	5	13	1.0	0.0	0	0-1,0-1
1.0	5	14	2.0	2.0	1	1-0,0-1
1.0	5	15	2.0	2.0	1	1-0,0-1
1.0	5	16	2.0	2.0	1	1-0,0-1
1.0	5	17	1.0	0.0	0	0-1,0-1
1.0	5	18	2.0	2.0	1	1-0,0-1
1.0	5	19	2.0	2.0	1	1-0,0-1
1.0	5	20	2.0	2.0	1	1-0,0-1
1.0	5	21	1.0	0.0	0	0-1,0-1
1.0	5	22	2.0	2.0	1	1-0,0-1
1.0	5	23	2.0	2.0	1	1-0,0-1
1.0	5	24	2.0	2.0	1	1-0,0-1
1.0	5	25	1.0	0.0	0	0-1,0-1
1.0	5	26	2.0	2.0	1	1-0,0-1
1.0	5	27	2.0	2.0	1	1-0,0-1
1.0	5	28	2.0	2.0	1	1-0,0-1
1.0	5	29	1.0	0.0	0	0-1,0-1
1.0	5	30	2.0	2.0	1	1-0,0-1
1.0	5	31	2.0	2.0	1	1-0,0-1
1.0	5	32	2.0	2.0	1	1-0,0-1
1.0	5	33	1.0	0.0	0	0-1,0-1
1.0	5	34	2.0	2.0	1	1-0,0-1
1.0	5	35	2.0	2.0	1	1-0,0-1
1.0	5	36	2.0	2.0	1	1-0,0-1
1.0	5	37	1.0	0.0	0	0-1,0-1
1.0	5	38	2.0	2.0	1	1-0,0-1
1.0	5	39	2.0	2.0	1	1-0,0-1
1.0	5	40	2.0	2.0	1	1-0,0-1
1.0	5	41	1.0	0.0	0	0-1,0-1
1.0	5	42	2.0	2.0	1	1-0,0-1
1.0	5	43	2.0	2.0	1	1-0,0-1
1.0	5	44	2.0	2.0	1	1-0,0-1
1.0	5	45	1.0	0.0	0	0-1,0-1
1.0	5	46	2.0	2.0	1	1-0,0-1
1.0	5	47	2.0	2.0	1	1-0,0-1
1.0	5	48	2.0	2.0	1	1-0,0-1
1.0	5	49	1.0	0.0	0	0-1,0-1
1.0	5	50	2.0	2.0	1	1-0,0-1
1.0	5	51	2.0	2.0	1	1-0,0-1
1.0	5	52	2.0	2.0	1	1-0,0-1
1.0	5	53	1.0	0.0	0	0-1,0-1
1.0	5	54	2.0	2.0	1	1-0,0-1
1.0	5	55	2.0	2.0	1	1-0,0-1
1.0	5	56	2.0	2.0	1	1-0,0-1
1.0	5	57	1.0	0.0	0	0-1,0-1
1.0	5	58	2.0	2.0	1	1-0,0-1
1.0	5	59	2.0	2.0	1	1-0,0-1
1.0	5	60	2.0	2.0	1	1-0,0-1
1.0	5	61	1.0	0.0	0	0-1,0-1
1.0	5	62	2.0	2.0	1	1-0,0-1
1.0	5	63	2.0	2.0	1	1-0,0-1
1.0	6	0	1.0	0.0	1	1-0,1-0
1.0	6	1	2.0	2.0	1	1-0,0-1
1.0	6	2	0.0	-2.0	1	0-1,1-0
1.0	6	3	1.0	0.0	1	1-0,1-0
1.0	6	4	1.0	0.0	1	1-0,1-0
1.0	6	5	2.0	2.0	1	1-0,0-1
1.0	6	6	0.0	-2.0	1	0-1,1-0
1.0	6	7	1.0	0.0	1	1-0,1-0
1.0	6	8	1.0	0.0	1	1-0,1-0
1.0	6	9	2.0	2.0	1	1-0,0-1
1.0	6	10	0.0	-2.0	1	0-1,1-0
1.0	6	11	1.0	0.0	1	1-0,1-0
1.0	6	12	1.0	0.0	1	1-0,1-0
1.0	6	13	2.0	2.0	1	1-0,0-1
1.0	6	14	0.0	-2.0	1	0-1,1-0
1.0	6	15	1.0	0.0	1	1-0,1-0
1.0	6	16	1.0	0.0	1	1-0,1-0
1.0	6	17	2.0	2.0	1	1-0,0-1
1.0	6	18	0.0	-2.0	1	0-1,1-0
1.0	6	19	1.0	0.0	1	1-0,1-0
1.0	6	20	1.0	0.0	1	1-0,1-0
1.0	6	21	2.0	2.0	1	1-0,0-1
1.0	6	22	0.0	-2.0	1	0-1,1-0
1.0	6	23	1.0	0.0	1	1-0,1-0
1.0	6	24	1.0	0.0	1	1-0,1-0
1.0	6	25	2.0	2.0	1	1-0,0-1
1.0	6	26	0.0	-2.0	1	0-1,1-0
1.0	6	27	1.0	0.0	1	1-0,1-0
1.0	6	28	1.0	0.0	1	1-0,1-0
1.0	6	29	2.0	2.0	1	1-0,0-1
1.0	6	30	0.0	-2.0	1	0-1,1-0
1.0	6	31	1.0	0.0	1	1-0,1-0
1.0	6	32	1.0	0.0	1	1-0,1-0
1.0	6	33	2.0	2.0	1	1-0,0-1
1.0	6	34	0.0	-2.0	1	0-1,1-0
1.0	6	35	1.0	0.0	1	1-0,1-0
1.0	6	36	1.0	0.0	1	1-0,1-0
1.0	6	37	2.0	2.0	1	1-0,0-1
1.0	6	38	0.0	-2.0	1	0-1,1-0
1.0	6	39	1.0	0.0	1	1-0,1-0
1.0	6	40	1.0	0.0	1	1-0,1-0
1.0	6	41	2.0	2.0	1	1-0,0-1
1.0	6	42	0.0	-2.0	1	0-1,1-0
1.0	6	43	1.0	0.0	1	1-0,1-0
1.0	6	44	1.0	0.0	1	1-0,1-0
1.0	6	45	2.0	2.0	1	1-0,0-1
1.0	6	46	0.0	-2.0	1	0-1,1-0
1.0	6	47	1.0	0.0	1	1-0,1-0
1.0	6	48	1.0	0.0	1	1-0,1-0
1.0	6	49	2.0	2.0	1	1-0,0-1
1.0	6	50	0.0	-2.0	1	0-1,1-0
1.0	6	51	1.0	0.0	1	1-0,1-0
1.0	6	52	1.0	0.0	1	1-0,1-0
1.0	6	53	2.0	2.0	1	1-0,0-1
1.0	6	54	0.0	-2.0	1	0-1,1-0
1.0	6	55	1.0	0.0	1	1-0,1-0
1.0	6	56	1.0	0.0	1	1-0,1-0
1.0	6	57	2.0	2.0	1	1-0,0-1
1.0	6	58	0.0	-2.0	1	0-1,1-0
1.0	6	59	1.0	0.0	1	1-0,1-0
1.0	6	60	1.0	0.0	1	1-0,1-0
1.0	6	61	2.0	2.0	1	1-0,0-1
1.0	6	62	0.0	-2.0	1	0-1,1-0
1.0	6	63	1.0	0.0	1	1-0,1-0
1.0	7	0	2.0	2.0	1	1-0,0-1
1.0	7	1	0.0	-2.0	1	0-1,1-0
1.0	7	2	1.0	0.0	1	1-0,1-0
1.0	7	3	0.0	-2.0	1	0-1,1-0
1.0	7	4	2.0	2.0	1	1-0,0-1
1.0	7	5	0.0	-2.0	1	0-1,1-0
1.0	7	6	1.0	0.0	1	1-0,1-0
1.0	7	7	0.0	-2.0	1	0-1,1-0
1.0	7	8	2.0	2.0	1	1-0,0-1
1.0	7	9	0.0	-2.0	1	0-1,1-0
1.0	7	10	1.0	0.0	1	1-0,1-0
1.0	7	11	0.0	-2.0	1	0-1,1-0
1.0	7	12	2.0	2.0	1	1-0,0-1
1.0	7	13	0.0	-2.0	1	0-1,1-0
1.0	7	14	1.0	0.0	1	1-0,1-0
1.0	7	15	0.0	-2.0	1	0-1,1-0
1.0	7	16	2.0	2.0	1	1-0,0-1
1.0	7	17	0.0	-2.0	1	0-1,1-0
1.0	7	18	1.0	0.0	1	1-0,1-0
1.0	7	19	0.0	-2.0	1	0-1,1-0
1.0	7	20	2.0	2.0	1	1-0,0-1
1.0	7	21	0.0	-2.0	1	0-1,1-0
1.0	7	22	1.0	0.0	1	1-0,1-0
1.0	7	23	0.0	-2.0	1	0-1,1-0
1.0	7	24	2.0	2.0	1	1-0,0-1
1.0	7	25	0.0	-2.0	1	0-1,1-0
1.0	7	26	1.0	0.0	1	1-0,1-0
1.0	7	27	0.0	-2.0	1	0-1,1-0
1.0	7	28	2.0	2.0	1	1-0,0-1
1.0	7	29	0.0	-2.0	1	0-1,1-0
1.0	7	30	1.0	0.0	1	1-0,1-0
1.0	7	31	0.0	-2.0	1	0-1,1-0
1.0	7	32	2.0	2.0	1	1-0,0-1
1.0	7	33	0.0	-2.0	1	0-1,1-0
1.0	7	34	1.0	0.0	1	1-0,1-0
1.0	7	35	0.0	-2.0	1	0-1,1-0
1.0	7	36	2.0	2.0	1	1-0,0-1
1.0	7	37	0.0	-2.0	1	0-1,1-0
1.0	7	38	1.0	0.0	1	1-0,1-0
1.0	7	39	0.0	-2.0	1	0-1,1-0
1.0	7	40	2.0	2.0	1	1-0,0-1
1.0	7	41	0.0	-2.0	1	0-1,1-0
1.0	7	42	1.0	0.0	1	1-0,1-0
1.0	7	43	0.0	-2.0	1	0-1,1-0
1.0	7	44	2.0	2.0	1	1-0,0-1
1.0	7	45	0.0	-2.0	1	0-1,1-0
1.0	7	46	1.0	0.0	1	1-0,1-0
1.0	7	47	0.0	-2.0	1	0-1,1-0
1.0	7	48	2.0	2.0	1	1-0,0-1
1.0	7	49	0.0	-2.0	1	0-1,1-0
1.0	7	50	1.0	0.0	1	1-0,1-0
1.0	7	51	0.0	-2.0	1	0-1,1-0
1.0	7	52	2.0	2.0	1	1-0,0-1
1.0	7	53	0.0	-2.0	1	0-1,1-0
1.0	7	54	1.0	0.0	1	1-0,1-0
1.0	7	55	0.0	-2.0	1	0-1,1-0
1.0	7	56	2.0	2.0	1	1-0,0-1
1.0	7	57	0.0	-2.0	1	0-1,1-0
1.0	7	58	1.0	0.0	1	1-0,1-0
1.0	7	59	0.0	-2.0	1	0-1,1-0
1.0	7	60	2.0	2.0	1	1-0,0-1
1.0	7	61	0.0	-2.0	1	0-1,1-0
1.0	7	62	1.0	0.0	1	1-0,1-0
1.0	7	63	0.0	-2.0	1	0-1,1-0
1.0	8	0	0.0	-2.0	1	0-1,1-0
1.0	8	1	2.0	2.0	0	1-0,0-1
1.0	8	2	0.5	-1.0	1	0-1,1/2-1/2
1.0	8	3	0.0	-2.0	1	0-1,1-0
1.0	8	4	0.0	-2.0	1	0-1,1-0
1.0	8	5	2.0	2.0	0	1-0,0-1
1.0	8	6	0.5	-1.0	1	0-1,1/2-1/2
1.0	8	7	0.0	-2.0	1	0-1,1-0
1.0	8	8	0.0	-2.0	1	0-1,1-0
1.0	8	9	2.0	2.0	0	1-0,0-1
1.0	8	10	0.5	-1.0	1	0-1,1/2-1/2
1.0	8	11	0.0	-2.0	1	0-1,1-0
1.0	8	12	0.0	-2.0	1	0-1,1-0
1.0	8	13	2.0	2.0	0	1-0,0-1
1.0	8	14	0.5	-1.0	1	0-1,1/2-1/2
1.0	8	15	0.0	-2.0	1	0-1,1-0
1.0	8	16	0.0	-2.0	1	0-1,1-0
1.0	8	17	2.0	2.0	0	1-0,0-1
1.0	8	18	0.5	-1.0	1	0-1,1/2-1/2
1.0	8	19	0.0	-2.0	1	0-1,1-0
1.0	8	20	0.0	-2.0	1	0-1,1-0
1.0	8	21	2.0	2.0	0	1-0,0-1
1.0	8	22	0.5	-1.0	1	0-1,1/2-1/2
1.0	8	23	0.0	-2.0	1	0-1,1-0
1.0	8	24	0.0	-2.0	1	0-1,1-0
1.0	8	25	2.0	2.0	0	1-0,0-1
1.0	8	26	0.5	-1.0	1	0-1,1/2-1/2
1.0	8	27	0.0	-2.0	1	0-1,1-0
1.0	8	28	0.0	-2.0	1	0-1,1-0
1.0	8	29	2.0	2.0	0	1-0,0-1
1.0	8	30	0.5	-1.0	1	0-1,1/2-1/2
1.0	8	31	0.0	-2.0	1	0-1,1-0
1.0	8	32	0.0	-2.0	1	0-1,1-0
1.0	8	33	2.0	2.0	0	1-0,0-1
1.0	8	34	0.5	-1.0	1	0-1,1/2-1/2
1.0	8	35	0.0	-2.0	1	0-1,1-0
1.0	8	36	0.0	-2.0	1	0-1,1-0
1.0	8	37	2.0	2.0	0	1-0,0-1
1.0	8	38	0.5	-1.0	1	0-1,1/2-1/2
1.0	8	39	0.0	-2.0	1	0-1,1-0
1.0	8	40	0.0	-2.0	1	0-1,1-0
1.0	8	41	2.0	2.0	0	1-0,0-1
1.0	8	42	0.5	-1.0	1	0-1,1/2-1/2
1.0	8	43	0.0	-2.0	1	0-1,1-0
1.0	8	44	0.0	-2.0	1	0-1,1-0
1.0	8	45	2.0	2.0	0	1-0,0-1
1.0	8	46	0.5	-1.0	1	0-1,1/2-1/2
1.0	8	47	0.0	-2.0	1	0-1,1-0
1.0	8	48	0.0	-2.0	1	0-1,1-0
1.0	8	49	2.0	2.0	0	1-0,0-1
1.0	8	50	0.5	-1.0	1	0-1,1/2-1/2
1.0	8	51	0.0	-2.0	1	0-1,1-0
1.0	8	52	0.0	-2.0	1	0-1,1-0
1.0	8	53	2.0	2.0	0	1-0,0-1
1.0	8	54	0.5	-1.0	1	0-1,1/2-1/2
1.0	8	55	0.0	-2.0	1	0-1,1-0
1.0	8	56	0.0	-2.0	1	0-1,1-0
1.0	8	57	2.0	2.0	0	1-0,0-1
1.0	8	58	0.5	-1.0	1	0-1,1/2-1/2
1.0	8	59	0.0	-2.0	1	0-1,1-0
1.0	8	60	0.0	-2.0	1	0-1,1-0
1.0	8	61	2.0	2.0	0	1-0,0-1
1.0	8	62	0.5	-1.0	1	0-1,1/2-1/2
1.0	8	63	0.0	-2.0	1	0-1,1-0
1.0	9	0	0.0	-2.0	1	0-1,1-0
1.0	9	1	1.0	0.0	1	0-1,0-1
1.0	9	2	1.0	0.0	1	1-0,1-0
1.0	9	3	0.0	-2.0	1	0-1,1-0
1.0	9	4	0.0	-2.0	1	0-1,1-0
1.0	9	5	1.0	0.0	1	0-1,0-1
1.0	9	6	1.0	0.0	1	1-0,1-0
1.0	9	7	0.0	-2.0	1	0-1,1-0
1.0	9	8	0.0	-2.0	1	0-1,1-0
1.0	9	9	1.0	0.0	1	0-1,0-1
1.0	9	10	1.0	0.0	1	1-0,1-0
1.0	9	11	0.0	-2.0	1	0-1,1-0
1.0	9	12	0.0	-2.0	1	0-1,1-0
1.0	9	13	1.0	0.0	1	0-1,0-1
1.0	9	14	1.0	0.0	1	1-0,1-0
1.0	9	15	0.0	-2.0	1	0-1,1-0
1.0	9	16	0.0	-2.0	1	0-1,1-0
1.0	9	17	1.0	0.0	1	0-1,0-1
1.0	9	18	1.0	0.0	1	1-0,1-0
1.0	9	19	0.0	-2.0	1	0-1,1-0
1.0	9	20	0.0	-2.0	1	0-1,1-0
1.0	9	21	1.0	0.0	1	0-1,0-1
1.0	9	22	1.0	0.0	1	1-0,1-0
1.0	9	23	0.0	-2.0	1	0-1,1-0
1.0	9	24	0.0	-2.0	1	0-1,1-0
1.0	9	25	1.0	0.0	1	0-1,0-1
1.0	9	26	1.0	0.0	1	1-0,1-0
1.0	9	27	0.0	-2.0	1	0-1,1-0
1.0	9	28	0.0	-2.0	1	0-1,1-0
1.0	9	29	1.0	0.0	1	0-1,0-1
1.0	9	30	1.0	0.0	1	1-0,1-0
1.0	9	31	0.0	-2.0	1	0-1,1-0
1.0	9	32	0.0	-2.0	1	0-1,1-0
1.0	9	33	1.0	0.0	1	0-1,0-1
1.0	9	34	1.0	0.0	1	1-0,1-0
1.0	9	35	0.0	-2.0	1	0-1,1-0
1.0	9	36	0.0	-2.0	1	0-1,1-0
1.0	9	37	1.0	0.0	1	0-1,0-1
1.0	9	38	1.0	0.0	1	1-0,1-0
1.0	9	39	0.0	-2.0	1	0-1,1-0
1.0	9	40	0.0	-2.0	1	0-1,1-0
1.0	9	41	1.0	0.0	1	0-1,0-1
1.0	9	42	1.0	0.0	1	1-0,1-0
1.0	9	43	0.0	-2.0	1	0-1,1-0
1.0	9	44	0.0	-2.0	1	0-1,1-0
1.0	9	45	1.0	0.0	1	0-1,0-1
1.0	9	46	1.0	0.0	1	1-0,1-0
1.0	9	47	0.0	-2.0	1	0-1,1-0
1.0	9	48	0.0	-2.0	1	0-1,1-0
1.0	9	49	1.0	0.0	1	0-1,0-1
1.0	9	50	1.0	0.0	1	1-0,1-0
1.0	9	51	0.0	-2.0	1	0-1,1-0
1.0	9	52	0.0	-2.0	1	0-1,1-0
1.0	9	53	1.0	0.0	1	0-1,0-1
1.0	9	54	1.0	0.0	1	1-0,1-0
1.0	9	55	0.0	-2.0	1	0-1,1-0
1.0	9	56	0.0	-2.0	1	0-1,1-0
1.0	9	57	1.0	0.0	1	0-1,0-1
1.0	9	58	1.0	0.0	1	1-0,1-0
1.0	9	59	0.0	-2.0	1	0-1,1-0
1.0	9	60	0.0	-2.0	1	0-1,1-0
1.0	9	61	1.0	0.0	1	0-1,0-1
1.0	9	62	1.0	0.0	1	1-0,1-0
1.0	9	63	0.0	-2.0	1	0-1,1-0
1.0	10	0	1.0	0.0	1	0-1,0-1
1.0	10	1	2.0	2.0	1	1-0,0-1
1.0	10	2	1.5	1.0	1	1/2-1/2,0-1
1.0	10	3	0.0	-2.0	1	0-1,1-0
1.0	10	4	1.0	0.0	1	0-1,0-1
1.0	10	5	2.0	2.0	1	1-0,0-1
1.0	10	6	1.5	1.0	1	1/2-1/2,0-1
1.0	10	7	0.0	-2.0	1	0-1,1-0
1.0	10	8	1.0	0.0	1	0-1,0-1
1.0	10	9	2.0	2.0	1	1-0,0-1
1.0	10	10	1.5	1.0	1	1/2-1/2,0-1
1.0	10	11	0.0	-2.0	1	0-1,1-0
1.0	10	12	1.0	0.0	1	0-1,0-1
1.0	10	13	2.0	2.0	1	1-0,0-1
1.0	10	14	1.5	1.0	1	1/2-1/2,0-1
1.0	10	15	0.0	-2.0	1	0-1,1-0
1.0	10	16	1.0	0.0	1	0-1,0-1
1.0	10	17	2.0	2.0	1	1-0,0-1
1.0	10	18	1.5	1.0	1	1/2-1/2,0-1
1.0	10	19	0.0	-2.0	1	0-1,1-0
1.0	10	20	1.0	0.0	1	0-1,0-1
1.0	10	21	2.0	2.0	1	1-0,0-1
1.0	10	22	1.5	1.0	1	1/2-1/2,0-1
1.0	10	23	0.0	-2.0	1	0-1,1-0
1.0	10	24	1.0	0.0	1	0-1,0-1
1.0	10	25	2.0	2.0	1	1-0,0-1
1.0	10	26	1.5	1.0	1	1/2-1/2,0-1
1.0	10	27	0.0	-2.0	1	0-1,1-0
1.0	10	28	1.0	0.0	1	0-1,0-1
1.0	10	29	2.0	2.0	1	1-0,0-1
1.0	10	30	1.5	1.0	1	1/2-1/2,0-1
1.0	10	31	0.0	-2.0	1	0-1,1-0
1.0	10	32	1.0	0.0	1	0-1,0-1
1.0	10	33	2.0	2.0	1	1-0,0-1
1.0	10	34	1.5	1.0	1	1/2-1/2,0-1
1.0	10	35	0.0	-2.0	1	0-1,1-0
1.0	10	36	1.0	0.0	1	0-1,0-1
1.0	10	37	2.0	2.0	1	1-0,0-1
1.0	10	38	1.5	1.0	1	1/2-1/2,0-1
1.0	10	39	0.0	-2.0	1	0-1,1-0
1.0	10	40	1.0	0.0	1	0-1,0-1
1.0	10	41	2.0	2.0	1	1-0,0-1
1.0	10	42	1.5	1.0	1	1/2-1/2,0-1
1.0	10	43	0.0	-2.0	1	0-1,1-0
1.0	10	44	1.0	0.0	1	0-1,0-1
1.0	10	45	2.0	2.0	1	1-0,0-1
1.0	10	46	1.5	1.0	1	1/2-1/2,0-1
1.0	10	47	0.0	-2.0	1	0-1,1-0
1.0	10	48	1.0	0.0	1	0-1,0-1
1.0	10	49	2.0	2.0	1	1-0,0-1
1.0	10	50	1.5	1.0	1	1/2-1/2,0-1
1.0	10	51	0.0	-2.0	1	0-1,1-0
1.0	10	52	1.0	0.0	1	0-1,0-1
1.0	10	53	2.0	2.0	1	1-0,0-1
1.0	10	54	1.5	1.0	1	1/2-1/2,0-1
1.0	10	55	0.0	-2.0	1	0-1,1-0
1.0	10	56	1.0	0.0	1	0-1,0-1
1.0	10	57	2.0	2.0	1	1-0,0-1
1.0	10	58	1.5	1.0	1	1/2-1/2,0-1
1.0	10	59	0.0	-2.0	1	0-1,1-0
1.0	10	60	1.0	0.0	1	0-1,0-1
1.0	10	61	2.0	2.0	1	1-0,0-1
1.0	10	62	1.5	1.0	1	1/2-1/2,0-1
1.0	10	63	0.0	-2.0	1	0-1,1-0
1.0	11	0	0.0	-2.0	1	0-1,1-0
1.0	11	1	0.0	-2.0	1	0-1,1-0
1.0	11	2	0.0	-2.0	0	0-1,1-0
1.0	11	3	0.0	-2.0	1	0-1,1-0
1.0	11	4	0.0	-2.0	1	0-1,1-0
1.0	11	5	0.0	-2.0	1	0-1,1-0
1.0	11	6	0.0	-2.0	0	0-1,1-0
1.0	11	7	0.0	-2.0	1	0-1,1-0
1.0	11	8	0.0	-2.0	1	0-1,1-0
1.0	11	9	0.0	-2.0	1	0-1,1-0
1.0	11	10	0.0	-2.0	0	0-1,1-0
1.0	11	11	0.0	-2.0	1	0-1,1-0
1.0	11	12	0.0	-2.0	1	0-1,1-0
1.0	11	13	0.0	-2.0	1	0-1,1-0
1.0	11	14	0.0	-2.0	0	0-1,1-0
1.0	11	15	0.0	-2.0	1	0-1,1-0
1.0	11	16	0.0	-2.0	1	0-1,1-0
1.0	11	17	0.0	-2.0	1	0-1,1-0
1.0	11	18	0.0	-2.0	0	0-1,1-0
1.0	11	19	0.0	-2.0	1	0-1,1-0
1.0	11	20	0.0	-2.0	1	0-1,1-0
1.0	11	21	0.0	-2.0	1	0-1,1-0
1.0	11	22	0.0	-2.0	0	0-1,1-0
1.0	11	23	0.0	-2.0	1	0-1,1-0
1.0	11	24	0.0	-2.0	1	0-1,1-0
1.0	11	25	0.0	-2.0	1	0-1,1-0
1.0	11	26	0.0	-2.0	0	0-1,1-0
1.0	11	27	0.0	-2.0	1	0-1,1-0
1.0	11	28	0.0	-2.0	1	0-1,1-0
1.0	11	29	0.0	-2.0	1	0-1,1-0
1.0	11	30	0.0	-2.0	0	0-1,1-0
1.0	11	31	0.0	-2.0	1	0-1,1-0
1.0	11	32	0.0	-2.0	1	0-1,1-0
1.0	11	33	0.0	-2.0	1	0-1,1-0
1.0	11	34	0.0	-2.0	0	0-1,1-0
1.0	11	35	0.0	-2.0	1	0-1,1-0
1.0	11	36	0.0	-2.0	1	0-1,1-0
1.0	11	37	0.0	-2.0	1	0-1,1-0
1.0	11	38	0.0	-2.0	0	0-1,1-0
1.0	11	39	0.0	-2.0	1	0-1,1-0
1.0	11	40	0.0	-2.0	1	0-1,1-0
1.0	11	41	0.0	-2.0	1	0-1,1-0
1.0	11	42	0.0	-2.0	0	0-1,1-0
1.0	11	43	0.0	-2.0	1	0-1,1-0
1.0	11	44	0.0	-2.0	1	0-1,1-0
1.0	11	45	0.0	-2.0	1	0-1,1-0
1.0	11	46	0.0	-2.0	0	0-1,1-0
1.0	11	47	0.0	-2.0	1	0-1,1-0
1.0	11	48	0.0	-2.0	1	0-1,1-0
1.0	11	49	0.0	-2.0	1	0-1,1-0
1.0	11	50	0.0	-2.0	0	0-1,1-0
1.0	11	51	0.0	-2.0	1	0-1,1-0
1.0	11	52	0.0	-2.0	1	0-1,1-0
1.0	11	53	0.0	-2.0	1	0-1,1-0
1.0	11	54	0.0	-2.0	0	0-1,1-0
1.0	11	55	0.0	-2.0	1	0-1,1-0
1.0	11	56	0.0	-2.0	1	0-1,1-0
1.0	11	57	0.0	-2.0	1	0-1,1-0
1.0	11	58	0.0	-2.0	0	0-1,1-0
1.0	11	59	0.0	-2.0	1	0-1,1-0
1.0	11	60	0.0	-2.0	1	0-1,1-0
1.0	11	61	0.0	-2.0	1	0-1,1-0
1.0	11	62	0.0	-2.0	0	0-1,1-0
1.0	11	63	0.0	-2.0	1	0-1,1-0
1.0	12	0	2.0	2.0	1	1-0,0-1
1.0	12	1	1.0	0.0	1	0-1,0-1
1.0	12	2	2.0	2.0	1	1-0,0-1
1.0	12	3	1.0	0.0	1	1-0,1-0
1.0	12	4	2.0	2.0	1	1-0,0-1
1.0	12	5	1.0	0.0	1	0-1,0-1
1.0	12	6	2.0	2.0	1	1-0,0-1
1.0	12	7	1.0	0.0	1	1-0,1-0
1.0	12	8	2.0	2.0	1	1-0,0-1
1.0	12	9	1.0	0.0	1	0-1,0-1
1.0	12	10	2.0	2.0	1	1-0,0-1
1.0	12	11	1.0	0.0	1	1-0,1-0
1.0	12	12	2.0	2.0	1	1-0,0-1
1.0	12	13	1.0	0.0	1	0-1,0-1
1.0	12	14	2.0	2.0	1	1-0,0-1
1.0	12	15	1.0	0.0	1	1-0,1-0
1.0	12	16	2.0	2.0	1	1-0,0-1
1.0	12	17	1.0	0.0	1	0-1,0-1
1.0	12	18	2.0	2.0	1	1-0,0-1
1.0	12	19	1.0	0.0	1	1-0,1-0
1.0	12	20	2.0	2.0	1	1-0,0-1
1.0	12	21	1.0	0.0	1	0-1,0-1
1.0	12	22	2.0	2.0	1	1-0,0-1
1.0	12	23	1.0	0.0	1	1-0,1-0
1.0	12	24	2.0	2.0	1	1-0,0-1
1.0	12	25	1.0	0.0	1	0-1,0-1
1.0	12	26	2.0	2.0	1	1-0,0-1
1.0	12	27	1.0	0.0	1	1-0,1-0
1.0	12	28	2.0	2.0	1	1-0,0-1
1.0	12	29	1.0	0.0	1	0-1,0-1
1.0	12	30	2.0	2.0	1	1-0,0-1
1.0	12	31	1.0	0.0	1	1-0,1-0
1.0	12	32	2.0	2.0	1	1-0,0-1
1.0	12	33	1.0	0.0	1	0-1,0-1
1.0	12	34	2.0	2.0	1	1-0,0-1
1.0	12	35	1.0	0.0	1	1-0,1-0
1.0	12	36	2.0	2.0	1	1-0,0-1
1.0	12	37	1.0	0.0	1	0-1,0-1
1.0	12	38	2.0	2.0	1	1-0,0-1
1.0	12	39	1.0	0.0	1	1-0,1-0
1.0	12	40	2.0	2.0	1	1-0,0-1
1.0	12	41	1.0	0.0	1	0-1,0-1
1.0	12	42	2.0	2.0	1	1-0,0-1
1.0	12	43	1.0	0.0	1	1-0,1-0
1.0	12	44	2.0	2.0	1	1-0,0-1
1.0	12	45	1.0	0.0	1	0-1,0-1
1.0	12	46	2.0	2.0	1	1-0,0-1
1.0	12	47	1.0	0.0	1	1-0,1-0
1.0	12	48	2.0	2.0	1	1-0,0-1
1.0	12	49	1.0	0.0	1	0-1,0-1
1.0	12	50	2.0	2.0	1	1-0,0-1
1.0	12	51	1.0	0.0	1	1-0,1-0
1.0	12	52	2.0	2.0	1	1-0,0-1
1.0	12	53	1.0	0.0	1	0-1,0-1
1.0	12	54	2.0	2.0	1	1-0,0-1
1.0	12	55	1.0	0.0	1	1-0,1-0
1.0	12	56	2.0	2.0	1	1-0,0-1
1.0	12	57	1.0	0.0	1	0-1,0-1
1.0	12	58	2.0	2.0	1	1-0,0-1
1.0	12	59	1.0	0.0	1	1-0,1-0
1.0	12	60	2.0	2.0	1	1-0,0-1
1.0	12	61	1.0	0.0	1	0-1,0-1
1.0	12	62	2.0	2.0	1	1-0,0-1
1.0	12	63	1.0	0.0	1	1-0,1-0
1.0	13	0	2.0	2.0	1	1-0,0-1
1.0	13	1	0.0	-2.0	1	0-1,1-0
1.0	13	2	0.0	-2.0	1	0-1,1-0
1.0	13	3	1.0	0.0	0	1-0,1-0
1.0	13	4	2.0	2.0	1	1-0,0-1
1.0	13	5	0.0	-2.0	1	0-1,1-0
1.0	13	6	0.0	-2.0	1	0-1,1-0
1.0	13	7	1.0	0.0	0	1-0,1-0
1.0	13	8	2.0	2.0	1	1-0,0-1
1.0	13	9	0.0	-2.0	1	0-1,1-0
1.0	13	10	0.0	-2.0	1	0-1,1-0
1.0	13	11	1.0	0.0	0	1-0,1-0
1.0	13	12	2.0	2.0	1	1-0,0-1
1.0	13	13	0.0	-2.0	1	0-1,1-0
1.0	13	14	0.0	-2.0	1	0-1,1-0
1.0	13	15	1.0	0.0	0	1-0,1-0
1.0	13	16	2.0	2.0	1	1-0,0-1
1.0	13	17	0.0	-2.0	1	0-1,1-0
1.0	13	18	0.0	-2.0	1	0-1,1-0
1.0	13	19	1.0	0.0	0	1-0,1-0
1.0	13	20	2.0	2.0	1	1-0,0-1
1.0	13	21	0.0	-2.0	1	0-1,1-0
1.0	13	22	0.0	-2.0	1	0-1,1-0
1.0	13	23	1.0	0.0	0	1-0,1-0
1.0	13	24	2.0	2.0	1	1-0,0-1
1.0	13	25	0.0	-2.0	1	0-1,1-0
1.0	13	26	0.0	-2.0	1	0-1,1-0
1.0	13	27	1.0	0.0	0	1-0,1-0
1.0	13	28	2.0	2.0	1	1-0,0-1
1.0	13	29	0.0	-2.0	1	0-1,1-0
1.0	13	30	0.0	-2.0	1	0-1,1-0
1.0	13	31	1.0	0.0	0	1-0,1-0
1.0	13	32	2.0	2.0	1	1-0,0-1
1.0	13	33	0.0	-2.0	1	0-1,1-0
1.0	13	34	0.0	-2.0	1	0-1,1-0
1.0	13	35	1.0	0.0	0	1-0,1-0
1.0	13	36	2.0	2.0	1	1-0,0-1
1.0	13	37	0.0	-2.0	1	0-1,1-0
1.0	13	38	0.0	-2.0	1	0-1,1-0
1.0	13	39	1.0	0.0	0	1-0,1-0
1.0	13	40	2.0	2.0	1	1-0,0-1
1.0	13	41	0.0	-2.0	1	0-1,1-0
1.0	13	42	0.0	-2.0	1	0-1,1-0
1.0	13	43	1.0	0.0	0	1-0,1-0
1.0	13	44	2.0	2.0	1	1-0,0-1
1.0	13	45	0.0	-2.0	1	0-1,1-0
1.0	13	46	0.0	-2.0	1	0-1,1-0
1.0	13	47	1.0	0.0	0	1-0,1-0
1.0	13	48	2.0	2.0	1	1-0,0-1
1.0	13	49	0.0	-2.0	1	0-1,1-0
1.0	13	50	0.0	-2.0	1	0-1,1-0
1.0	13	51	1.0	0.0	0	1-0,1-0
1.0	13	52	2.0	2.0	1	1-0,0-1
1.0	13	53	0.0	-2.0	1	0-1,1-0
1.0	13	54	0.0	-2.0	1	0-1,1-0
1.0	13	55	1.0	0.0	0	1-0,1-0
1.0	13	56	2.0	2.0	1	1-0,0-1
1.0	13	57	0.0	-2.0	1	0-1,1-0
1.0	13	58	0.0	-2.0	1	0-1,1-0
1.0	13	59	1.0	0.0	0	1-0,1-0
1.0	13	60	2.0	2.0	1	1-0,0-1
1.0	13	61	0.0	-2.0	1	0-1,1-0
1.0	13	62	0.0	-2.0	1	0-1,1-0
1.0	13	63	1.0	0.0	0	1-0,1-0
1.0	14	0	1.0	0.0	1	0-1,0-1
1.0	14	1	2.0	2.0	1	1-0,0-1
1.0	14	2	0.0	-2.0	1	0-1,1-0
1.0	14	3	0.0	-2.0	1	0-1,1-0
1.0	14	4	1.0	0.0	1	0-1,0-1
1.0	14	5	2.0	2.0	1	1-0,0-1
1.0	14	6	0.0	-2.0	1	0-1,1-0
1.0	14	7	0.0	-2.0	1	0-1,1-0
1.0	14	8	1.0	0.0	1	0-1,0-1
1.0	14	9	2.0	2.0	1	1-0,0-1
1.0	14	10	0.0	-2.0	1	0-1,1-0
1.0	14	11	0.0	-2.0	1	0-1,1-0
1.0	14	12	1.0	0.0	1	0-1,0-1
1.0	14	13	2.0	2.0	1	1-0,0-1
1.0	14	14	0.0	-2.0	1	0-1,1-0
1.0	14	15	0.0	-2.0	1	0-1,1-0
1.0	14	16	1.0	0.0	1	0-1,0-1
1.0	14	17	2.0	2.0	1	1-0,0-1
1.0	14	18	0.0	-2.0	1	0-1,1-0
1.0	14	19	0.0	-2.0	1	0-1,1-0
1.0	14	20	1.0	0.0	1	0-1,0-1
1.0	14	21	2.0	2.0	1	1-0,0-1
1.0	14	22	0.0	-2.0	1	0-1,1-0
1.0	14	23	0.0	-2.0	1	0-1,1-0
1.0	14	24	1.0	0.0	1	0-1,0-1
1.0	14	25	2.0	2.0	1	1-0,0-1
1.0	14	26	0.0	-2.0	1	0-1,1-0
1.0	14	27	0.0	-2.0	1	0-1,1-0
1.0	14	28	1.0	0.0	1	0-1,0-1
1.0	14	29	2.0	2.0	1	1-0,0-1
1.0	14	30	0.0	-2.0	1	0-1,1-0
1.0	14	31	0.0	-2.0	1	0-1,1-0
1.0	14	32	1.0	0.0	1	0-1,0-1
1.0	14	33	2.0	2.0	1	1-0,0-1
1.0	14	34	0.0	-2.0	1	0-1,1-0
1.0	14	35	0.0	-2.0	1	0-1,1-0
1.0	14	36	1.0	0.0	1	0-1,0-1
1.0	14	37	2.0	2.0	1	1-0,0-1
1.0	14	38	0.0	-2.0	1	0-1,1-0
1.0	14	39	0.0	-2.0	1	0-1,1-0
1.0	14	40	1.0	0.0	1	0-1,0-1
1.0	14	41	2.0	2.0	1	1-0,0-1
1.0	14	42	0.0	-2.0	1	0-1,1-0
1.0	14	43	0.0	-2.0	1	0-1,1-0
1.0	14	44	1.0	0.0	1	0-1,0-1
1.0	14	45	2.0	2.0	1	1-0,0-1
1.0	14	46	0.0	-2.0	1	0-1,1-0
1.0	14	47	0.0	-2.0	1	0-1,1-0
1.0	14	48	1.0	0.0	1	0-1,0-1
1.0	14	49	2.0	2.0	1	1-0,0-1
1.0	14	50	0.0	-2.0	1	0-1,1-0
1.0	14	51	0.0	-2.0	1	0-1,1-0
1.0	14	52	1.0	0.0	1	0-1,0-1
1.0	14	53	2.0	2.0	1	1-0,0-1
1.0	14	54	0.0	-2.0	1	0-1,1-0
1.0	14	55	0.0	-2.0	1	0-1,1-0
1.0	14	56	1.0	0.0	1	0-1,0-1
1.0	14	57	2.0	2.0	1	1-0,0-1
1.0	14	58	0.0	-2.0	1	0-1,1-0
1.0	14	59	0.0	-2.0	1	0-1,1-0
1.0	14	60	1.0	0.0	1	0-1,0-1
1.0	14	61	2.0	2.0	1	1-0,0-1
1.0	14	62	0.0	-2.0	1	0-1,1-0
1.0	14	63	0.0	-2.0	1	0-1,1-0
1.0	15	0	2.0	2.0	1	1-0,0-1
1.0	15	1	1.5	1.0	1	1-0,1/2-1/2
1.0	15	2	2.0	2.0	1	1-0,0-1
1.0	15	3	1.0	0.0	1	1-0,1-0
1.0	15	4	2.0	2.0	1	1-0,0-1
1.0	15	5	1.5	1.0	1	1-0,1/2-1/2
1.0	15	6	2.0	2.0	1	1-0,0-1
1.0	15	7	1.0	0.0	1	1-0,1-0
1.0	15	8	2.0	2.0	1	1-0,0-1
1.0	15	9	1.5	1.0	1	1-0,1/2-1/2
1.0	15	10	2.0	2.0	1	1-0,0-1
1.0	15	11	1.0	0.0	1	1-0,1-0
1.0	15	12	2.0	2.0	1	1-0,0-1
1.0	15	13	1.5	1.0	1	1-0,1/2-1/2
1.0	15	14	2.0	2.0	1	1-0,0-1
1.0	15	15	1.0	0.0	1	1-0,1-0
1.0	15	16	2.0	2.0	1	1-0,0-1
1.0	15	17	1.5	1.0	1	1-0,1/2-1/2
1.0	15	18	2.0	2.0	1	1-0,0-1
1.0	15	19	1.0	0.0	1	1-0,1-0
1.0	15	20	2.0	2.0	1	1-0,0-1
1.0	15	21	1.5	1.0	1	1-0,1/2-1/2
1.0	15	22	2.0	2.0	1	1-0,0-1
1.0	15	23	1.0	0.0	1	1-0,1-0
1.0	15	24	2.0	2.0	1	1-0,0-1
1.0	15	25	1.5	1.0	1	1-0,1/2-1/2
1.0	15	26	2.0	2.0	1	1-0,0-1
1.0	15	27	1.0	0.0	1	1-0,1-0
1.0	15	28	2.0	2.0	1	1-0,0-1
1.0	15	29	1.5	1.0	1	1-0,1/2-1/2
1.0	15	30	2.0	2.0	1	1-0,0-1
1.0	15	31	1.0	0.0	1	1-0,1-0
1.0	15	32	2.0	2.0	1	1-0,0-1
1.0	15	33	1.5	1.0	1	1-0,1/2-1/2
1.0	15	34	2.0	2.0	1	1-0,0-1
1.0	15	35	1.0	0.0	1	1-0,1-0
1.0	15	36	2.0	2.0	1	1-0,0-1
1.0	15	37	1.5	1.0	1	1-0,1/2-1/2
1.0	15	38	2.0	2.0	1	1-0,0-1
1.0	15	39	1.0	0.0	1	1-0,1-0
1.0	15	40	2.0	2.0	1	1-0,0-1
1.0	15	41	1.5	1.0	1	1-0,1/2-1/2
1.0	15	42	2.0	2.0	1	1-0,0-1
1.0	15	43	1.0	0.0	1	1-0,1-0
1.0	15	44	2.0	2.0	1	1-0,0-1
1.0	15	45	1.5	1.0	1	1-0,1/2-1/2
1.0	15	46	2.0	2.0	1	1-0,0-1
1.0	15	47	1.0	0.0	1	1-0,1-0
1.0	15	48	2.0	2.0	1	1-0,0-1
1.0	15	49	1.5	1.0	1	1-0,1/2-1/2
1.0	15	50	2.0	2.0	1	1-0,0-1
1.0	15	51	1.0	0.0	1	1-0,1-0
1.0	15	52	2.0	2.0	1	1-0,0-1
1.0	15	53	1.5	1.0	1	1-0,1/2-1/2
1.0	15	54	2.0	2.0	1	1-0,0-1
1.0	15	55	1.0	0.0	1	1-0,1-0
1.0	15	56	2.0	2.0	1	1-0,0-1
1.0	15	57	1.5	1.0	1	1-0,1/2-1/2
1.0	15	58	2.0	2.0	1	1-0,0-1
1.0	15	59	1.0	0.0	1	1-0,1-0
1.0	15	60	2.0	2.0	1	1-0,0-1
1.0	15	61	1.5	1.0	1	1-0,1/2-1/2
1.0	15	62	2.0	2.0	1	1-0,0-1
1.0	15	63	1.0	0.0	1	1-0,1-0
1.0	16	0	1.0	0.0	1	0-1,0-1
1.0	16	1	2.0	2.0	1	1-0,0-1
1.0	16	2	0.0	-2.0	1	0-1,1-0
1.0	16	3	1.0	0.0	1	1-0,1-0
1.0	16	4	1.0	0.0	1	0-1,0-1
1.0	16	5	2.0	2.0	1	1-0,0-1
1.0	16	6	0.0	-2.0	1	0-1,1-0
1.0	16	7	1.0	0.0	1	1-0,1-0
1.0	16	8	1.0	0.0	1	0-1,0-1
1.0	16	9	2.0	2.0	1	1-0,0-1
1.0	16	10	0.0	-2.0	1	0-1,1-0
1.0	16	11	1.0	0.0	1	1-0,1-0
1.0	16	12	1.0	0.0	1	0-1,0-1
1.0	16	13	2.0	2.0	1	1-0,0-1
1.0	16	14	0.0	-2.0	1	0-1,1-0
1.0	16	15	1.0	0.0	1	1-0,1-0
1.0	16	16	1.0	0.0	1	0-1,0-1
1.0	16	17	2.0	2.0	1	1-0,0-1
1.0	16	18	0.0	-2.0	1	0-1,1-0
1.0	16	19	1.0	0.0	1	1-0,1-0
1.0	16	20	1.0	0.0	1	0-1,0-1
1.0	16	21	2.0	2.0	1	1-0,0-1
1.0	16	22	0.0	-2.0	1	0-1,1-0
1.0	16	23	1.0	0.0	1	1-0,1-0
1.0	16	24	1.0	0.0	1	0-1,0-1
1.0	16	25	2.0	2.0	1	1-0,0-1
1.0	16	26	0.0	-2.0	1	0-1,1-0
1.0	16	27	1.0	0.0	1	1-0,1-0
1.0	16	28	1.0	0.0	1	0-1,0-1
1.0	16	29	2.0	2.0	1	1-0,0-1
1.0	16	30	0.0	-2.0	1	0-1,1-0
1.0	16	31	1.0	0.0	1	1-0,1-0
1.0	16	32	1.0	0.0	1	0-1,0-1
1.0	16	33	2.0	2.0	1	1-0,0-1
1.0	16	34	0.0	-2.0	1	0-1,1-0
1.0	16	35	1.0	0.0	1	1-0,1-0
1.0	16	36	1.0	0.0	1	0-1,0-1
1.0	16	37	2.0	2.0	1	1-0,0-1
1.0	16	38	0.0	-2.0	1	0-1,1-0
1.0	16	39	1.0	0.0	1	1-0,1-0
1.0	16	40	1.0	0.0	1	0-1,0-1
1.0	16	41	2.0	2.0	1	1-0,0-1
1.0	16	42	0.0	-2.0	1	0-1,1-0
1.0	16	43	1.0	0.0	1	1-0,1-0
1.0	16	44	1.0	0.0	1	0-1,0-1
1.0	16	45	2.0	2.0	1	1-0,0-1
1.0	16	46	0.0	-2.0	1	0-1,1-0
1.0	16	47	1.0	0.0	1	1-0,1-0
1.0	16	48	1.0	0.0	1	0-1,0-1
1.0	16	49	2.0	2.0	1	1-0,0-1
1.0	16	50	0.0	-2.0	1	0-1,1-0
1.0	16	51	1.0	0.0	1	1-0,1-0
1.0	16	52	1.0	0.0	1	0-1,0-1
1.0	16	53	2.0	2.0	1	1-0,0-1
1.0	16	54	0.0	-2.0	1	0-1,1-0
1.0	16	55	1.0	0.0	1	1-0,1-0
1.0	16	56	1.0	0.0	1	0-1,0-1
1.0	16	57	2.0	2.0	1	1-0,0-1
1.0	16	58	0.0	-2.0	1	0-1,1-0
1.0	16	59	1.0	0.0	1	1-0,1-0
1.0	16	60	1.0	0.0	1	0-1,0-1
1.0	16	61	2.0	2.0	1	1-0,0-1
1.0	16	62	0.0	-2.0	1	0-1,1-0
1.0	16	63	1.0	0.0	1	1-0,1-0
1.0	17	0	1.0	0.0	1	0-1,0-1
1.0	17	1	0.0	-2.0	1	0-1,1-0
1.0	17	2	1.0	0.0	1	0-1,0-1
1.0	17	3	2.0	2.0	1	1-0,0-1
1.0	17	4	1.0	0.0	1	0-1,0-1
1.0	17	5	0.0	-2.0	1	0-1,1-0
1.0	17	6	1.0	0.0	1	0-1,0-1
1.0	17	7	2.0	2.0	1	1-0,0-1
1.0	17	8	1.0	0.0	1	0-1,0-1
1.0	17	9	0.0	-2.0	1	0-1,1-0
1.0	17	10	1.0	0.0	1	0-1,0-1
1.0	17	11	2.0	2.0	1	1-0,0-1
1.0	17	12	1.0	0.0	1	0-1,0-1
1.0	17	13	0.0	-2.0	1	0-1,1-0
1.0	17	14	1.0	0.0	1	0-1,0-1
1.0	17	15	2.0	2.0	1	1-0,0-1
1.0	17	16	1.0	0.0	1	0-1,0-1
1.0	17	17	0.0	-2.0	1	0-1,1-0
1.0	17	18	1.0	0.0	1	0-1,0-1
1.0	17	19	2.0	2.0	1	1-0,0-1
1.0	17	20	1.0	0.0	1	0-1,0-1
1.0	17	21	0.0	-2.0	1	0-1,1-0
1.0	17	22	1.0	0.0	1	0-1,0-1
1.0	17	23	2.0	2.0	1	1-0,0-1
1.0	17	24	1.0	0.0	1	0-1,0-1
1.0	17	25	0.0	-2.0	1	0-1,1-0
1.0	17	26	1.0	0.0	1	0-1,0-1
1.0	17	27	2.0	2.0	1	1-0,0-1
1.0	17	28	1.0	0.0	1	0-1,0-1
1.0	17	29	0.0	-2.0	1	0-1,1-0
1.0	17	30	1.0	0.0	1	0-1,0-1
1.0	17	31	2.0	2.0	1	1-0,0-1
1.0	17	32	1.0	0.0	1	0-1,0-1
1.0	17	33	0.0	-2.0	1	0-1,1-0
1.0	17	34	1.0	0.0	1	0-1,0-1
1.0	17	35	2.0	2.0	1	1-0,0-1
1.0	17	36	1.0	0.0	1	0-1,0-1
1.0	17	37	0.0	-2.0	1	0-1,1-0
1.0	17	38	1.0	0.0	1	0-1,0-1
1.0	17	39	2.0	2.0	1	1-0,0-1
1.0	17	40	1.0	0.0	1	0-1,0-1
1.0	17	41	0.0	-2.0	1	0-1,1-0
1.0	17	42	1.0	0.0	1	0-1,0-1
1.0	17	43	2.0	2.0	1	1-0,0-1
1.0	17	44	1.0	0.0	1	0-1,0-1
1.0	17	45	0.0	-2.0	1	0-1,1-0
1.0	17	46	1.0	0.0	1	0-1,0-1
1.0	17	47	2.0	2.0	1	1-0,0-1
1.0	17	48	1.0	0.0	1	0-1,0-1
1.0	17	49	0.0	-2.0	1	0-1,1-0
1.0	17	50	1.0	0.0	1	0-1,0-1
1.0	17	51	2.0	2.0	1	1-0,0-1
1.0	17	52	1.0	0.0	1	0-1,0-1
1.0	17	53	0.0	-2.0	1	0-1,1-0
1.0	17	54	1.0	0.0	1	0-1,0-1
1.0	17	55	2.0	2.0	1	1-0,0-1
1.0	17	56	1.0	0.0	1	0-1,0-1
1.0	17	57	0.0	-2.0	1	0-1,1-0
1.0	17	58	1.0	0.0	1	0-1,0-1
1.0	17	59	2.0	2.0	1	1-0,0-1
1.0	17	60	1.0	0.0	1	0-1,0-1
1.0	17	61	0.0	-2.0	1	0-1,1-0
1.0	17	62	1.0	0.0	1	0-1,0-1
1.0	17	63	2.0	2.0	1	1-0,0-1
1.0	18	0	1.0	0.0	1	1-0,1-0
1.0	18	1	1.0	0.0	1	1-0,1-0
1.0	18	2	1.0	0.0	1	0-1,0-1
1.0	18	3	1.5	1.0	1	1/2-1/2,0-1
1.0	18	4	1.0	0.0	1	1-0,1-0
1.0	18	5	1.0	0.0	1	1-0,1-0
1.0	18	6	1.0	0.0	1	0-1,0-1
1.0	18	7	1.5	1.0	1	1/2-1/2,0-1
1.0	18	8	1.0	0.0	1	1-0,1-0
1.0	18	9	1.0	0.0	1	1-0,1-0
1.0	18	10	1.0	0.0	1	0-1,0-1
1.0	18	11	1.5	1.0	1	1/2-1/2,0-1
1.0	18	12	1.0	0.0	1	1-0,1-0
1.0	18	13	1.0	0.0	1	1-0,1-0
1.0	18	14	1.0	0.0	1	0-1,0-1
1.0	18	15	1.5	1.0	1	1/2-1/2,0-1
1.0	18	16	1.0	0.0	1	1-0,1-0
1.0	18	17	1.0	0.0	1	1-0,1-0
1.0	18	18	1.0	0.0	1	0-1,0-1
1.0	18	19	1.5	1.0	1	1/2-1/2,0-1
1.0	18	20	1.0	0.0	1	1-0,1-0
1.0	18	21	1.0	0.0	1	1-0,1-0
1.0	18	22	1.0	0.0	1	0-1,0-1
1.0	18	23	1.5	1.0	1	1/2-1/2,0-1
1.0	18	24	1.0	0.0	1	1-0,1-0
1.0	18	25	1.0	0.0	1	1-0,1-0
1.0	18	26	1.0	0.0	1	0-1,0-1
1.0	18	27	1.5	1.0	1	1/2-1/2,0-1
1.0	18	28	1.0	0.0	1	1-0,1-0
1.0	18	29	1.0	0.0	1	1-0,1-0
1.0	18	30	1.0	0.0	1	0-1,0-1
1.0	18	31	1.5	1.0	1	1/2-1/2,0-1
1.0	18	32	1.0	0.0	1	1-0,1-0
1.0	18	33	1.0	0.0	1	1-0,1-0
1.0	18	34	1.0	0.0	1	0-1,0-1
1.0	18	35	1.5	1.0	1	1/2-1/2,0-1
1.0	18	36	1.0	0.0	1	1-0,1-0
1.0	18	37	1.0	0.0	1	1-0,1-0
1.0	18	38	1.0	0.0	1	0-1,0-1
1.0	18	39	1.5	1.0	1	1/2-1/2,0-1
1.0	18	40	1.0	0.0	1	1-0,1-0
1.0	18	41	1.0	0.0	1	1-0,1-0
1.0	18	42	1.0	0.0	1	0-1,0-1
1.0	18	43	1.5	1.0	1	1/2-1/2,0-1
1.0	18	44	1.0	0.0	1	1-0,1-0
1.0	18	45	1.0	0.0	1	1-0,1-0
1.0	18	46	1.0	0.0	1	0-1,0-1
1.0	18	47	1.5	1.0	1	1/2-1/2,0-1
1.0	18	48	1.0	0.0	1	1-0,1-0
1.0	18	49	1.0	0.0	1	1-0,1-0
1.0	18	50	1.0	0.0	1	0-1,0-1
1.0	18	51	1.5	1.0	1	1/2-1/2,0-1
1.0	18	52	1.0	0.0	1	1-0,1-0
1.0	18	53	1.0	0.0	1	1-0,1-0
1.0	18	54	1.0	0.0	1	0-1,0-1
1.0	18	55	1.5	1.0	1	1/2-1/2,0-1
1.0	18	56	1.0	0.0	1	1-0,1-0
1.0	18	57	1.0	0.0	1	1-0,1-0
1.0	18	58	1.0	0.0	1	0-1,0-1
1.0	18	59	1.5	1.0	1	1/2-1/2,0-1
1.0	18	60	1.0	0.0	1	1-0,1-0
1.0	18	61	1.0	0.0	1	1-0,1-0
1.0	18	62	1.0	0.0	1	0-1,0-1
1.0	18	63	1.5	1.0	1	1/2-1/2,0-1
1.0	19	0	2.0	2.0	1	1-0,0-1
1.0	19	1	1.0	0.0	1	1-0,1-0
1.0	19	2	1.0	0.0	1	1-0,1-0
1.0	19	3	2.0	2.0	1	1-0,0-1
1.0	19	4	2.0	2.0	1	1-0,0-1
1.0	19	5	1.0	0.0	1	1-0,1-0
1.0	19	6	1.0	0.0	1	1-0,1-0
1.0	19	7	2.0	2.0	1	1-0,0-1
1.0	19	8	2.0	2.0	1	1-0,0-1
1.0	19	9	1.0	0.0	1	1-0,1-0
1.0	19	10	1.0	0.0	1	1-0,1-0
1.0	19	11	2.0	2.0	1	1-0,0-1
1.0	19	12	2.0	2.0	1	1-0,0-1
1.0	19	13	1.0	0.0	1	1-0,1-0
1.0	19	14	1.0	0.0	1	1-0,1-0
1.0	19	15	2.0	2.0	1	1-0,0-1
1.0	19	16	2.0	2.0	1	1-0,0-1
1.0	19	17	1.0	0.0	1	1-0,1-0
1.0	19	18	1.0	0.0	1	1-0,1-0
1.0	19	19	2.0	2.0	1	1-0,0-1
1.0	19	20	2.0	2.0	1	1-0,0-1
1.0	19	21	1.0	0.0	1	1-0,1-0
1.0	19	22	1.0	0.0	1	1-0,1-0
1.0	19	23	2.0	2.0	1	1-0,0-1
1.0	19	24	2.0	2.0	1	1-0,0-1
1.0	19	25	1.0	0.0	1	1-0,1-0
1.0	19	26	1.0	0.0	1	1-0,1-0
1.0	19	27	2.0	2.0	1	1-0,0-1
1.0	19	28	2.0	2.0	1	1-0,0-1
1.0	19	29	1.0	0.0	1	1-0,1-0
1.0	19	30	1.0	0.0	1	1-0,1-0
1.0	19	31	2.0	2.0	1	1-0,0-1
1.0	19	32	2.0	2.0	1	1-0,0-1
1.0	19	33	1.0	0.0	1	1-0,1-0
1.0	19	34	1.0	0.0	1	1-0,1-0
1.0	19	35	2.0	2.0	1	1-0,0-1
1.0	19	36	2.0	2.0	1	1-0,0-1
1.0	19	37	1.0	0.0	1	1-0,1-0
1.0	19	38	1.0	0.0	1	1-0,1-0
1.0	19	39	2.0	2.0	1	1-0,0-1
1.0	19	40	2.0	2.0	1	1-0,0-1
1.0	19	41	1.0	0.0	1	1-0,1-0
1.0	19	42	1.0	0.0	1	1-0,1-0
1.0	19	43	2.0	2.0	1	1-0,0-1
1.0	19	44	2.0	2.0	1	1-0,0-1
1.0	19	45	1.0	0.0	1	1-0,1-0
1.0	19	46	1.0	0.0	1	1-0,1-0
1.0	19	47	2.0	2.0	1	1-0,0-1
1.0	19	48	2.0	2.0	1	1-0,0-1
1.0	19	49	1.0	0.0	1	1-0,1-0
1.0	19	50	1.0	0.0	1	1-0,1-0
1.0	19	51	2.0	2.0	1	1-0,0-1
1.0	19	52	2.0	2.0	1	1-0,0-1
1.0	19	53	1.0	0.0	1	1-0,1-0
1.0	19	54	1.0	0.0	1	1-0,1-0
1.0	19	55	2.0	2.0	1	1-0,0-1
1.0	19	56	2.0	2.0	1	1-0,0-1
1.0	19	57	1.0	0.0	1	1-0,1-0
1.0	19	58	1.0	0.0	1	1-0,1-0
1.0	19	59	2.0	2.0	1	1-0,0-1
1.0	19	60	2.0	2.0	1	1-0,0-1
1.0	19	61	1.0	0.0	1	1-0,1-0
1.0	19	62	1.0	0.0	1	1-0,1-0
1.0	19	63	2.0	2.0	1	1-0,0-1
2.0	0	0	0.0	-2.0	1	0-1,1-0
2.0	0	1	1.0	0.0	1	0-1,0-1
2.0	0	2	0.0	-2.0	1	0-1,1-0
2.0	0	3	2.0	2.0	1	1-0,0-1
2.0	0	4	0.0	-2.0	1	0-1,1-0
2.0	0	5	1.0	0.0	1	0-1,0-1
2.0	0	6	0.0	-2.0	1	0-1,1-0
2.0	0	7	2.0	2.0	1	1-0,0-1
2.0	0	8	0.0	-2.0	1	0-1,1-0
2.0	0	9	1.0	0.0	1	0-1,0-1
2.0	0	10	0.0	-2.0	1	0-1,1-0
2.0	0	11	2.0	2.0	1	1-0,0-1
2.0	0	12	0.0	-2.0	1	0-1,1-0
2.0	0	13	1.0	0.0	1	0-1,0-1
2.0	0	14	0.0	-2.0	1	0-1,1-0
2.0	0	15	2.0	2.0	1	1-0,0-1
2.0	0	16	0.0	-2.0	1	0-1,1-0
2.0	0	17	1.0	0.0	1	0-1,0-1
2.0	0	18	0.0	-2.0	1	0-1,1-0
2.0	0	19	2.0	2.0	1	1-0,0-1
2.0	0	20	0.0	-2.0	1	0-1,1-0
2.0	0	21	1.0	0.0	1	0-1,0-1
2.0	0	22	0.0	-2.0	1	0-1,1-0
2.0	0	23	2.0	2.0	1	1-0,0-1
2.0	0	24	0.0	-2.0	1	0-1,1-0
2.0	0	25	1.0	0.0	1	0-1,0-1
2.0	0	26	0.0	-2.0	1	0-1,1-0
2.0	0	27	2.0	2.0	1	1-0,0-1
2.0	0	28	0.0	-2.0	1	0-1,1-0
2.0	0	29	1.0	0.0	1	0-1,0-1
2.0	0	30	0.0	-2.0	1	0-1,1-0
2.0	0	31	2.0	2.0	1	1-0,0-1
2.0	0	32	0.0	-2.0	1	0-1,1-0
2.0	0	33	1.0	0.0	1	0-1,0-1
2.0	0	34	0.0	-2.0	1	0-1,1-0
2.0	0	35	2.0	2.0	1	1-0,0-1
2.0	0	36	0.0	-2.0	1	0-1,1-0
2.0	0	37	1.0	0.0	1	0-1,0-1
2.0	0	38	0.0	-2.0	1	0-1,1-0
2.0	0	39	2.0	2.0	1	1-0,0-1
2.0	0	40	0.0	-2.0	1	0-1,1-0
2.0	0	41	1.0	0.0	1	0-1,0-1
2.0	0	42	0.0	-2.0	1	0-1,1-0
2.0	0	43	2.0	2.0	1	1-0,0-1
2.0	0	44	0.0	-2.0	1	0-1,1-0
2.0	0	45	1.0	0.0	1	0-1,0-1
2.0	0	46	0.0	-2.0	1	0-1,1-0
2.0	0	47	2.0	2.0	1	1-0,0-1
2.0	0	48	0.0	-2.0	1	0-1,1-0
2.0	0	49	1.0	0.0	1	0-1,0-1
2.0	0	50	0.0	-2.0	1	0-1,1-0
2.0	0	51	2.0	2.0	1	1-0,0-1
2.0	0	52	0.0	-2.0	1	0-1,1-0
2.0	0	53	1.0	0.0	1	0-1,0-1
2.0	0	54	0.0	-2.0	1	0-1,1-0
2.0	0	55	2.0	2.0	1	1-0,0-1
2.0	0	56	0.0	-2.0	1	0-1,1-0
2.0	0	57	1.0	0.0	1	0-1,0-1
2.0	0	58	0.0	-2.0	1	0-1,1-0
2.0	0	59	2.0	2.0	1	1-0,0-1
2.0	0	60	0.0	-2.0	1	0-1,1-0
2.0	0	61	1.0	0.0	1	0-1,0-1
2.0	0	62	0.0	-2.0	1	0-1,1-0
2.0	0	63	2.0	2.0	1	1-0,0-1
2.0	1	0	2.0	2.0	1	1-0,0-1
2.0	1	1	2.0	2.0	0	1-0,0-1
2.0	1	2	2.0	2.0	1	1-0,0-1
2.0	1	3	2.0	2.0	1	1-0,0-1
2.0	1	4	2.0	2.0	1	1-0,0-1
2.0	1	5	2.0	2.0	0	1-0,0-1
2.0	1	6	2.0	2.0	1	1-0,0-1
2.0	1	7	2.0	2.0	1	1-0,0-1
2.0	1	8	2.0	2.0	1	1-0,0-1
2.0	1	9	2.0	2.0	0	1-0,0-1
2.0	1	10	2.0	2.0	1	1-0,0-1
2.0	1	11	2.0	2.0	1	1-0,0-1
2.0	1	12	2.0	2.0	1	1-0,0-1
2.0	1	13	2.0	2.0	0	1-0,0-1
2.0	1	14	2.0	2.0	1	1-0,0-1
2.0	1	15	2.0	2.0	1	1-0,0-1
2.0	1	16	2.0	2.0	1	1-0,0-1
2.0	1	17	2.0	2.0	0	1-0,0-1
2.0	1	18	2.0	2.0	1	1-0,0-1
2.0	1	19	2.0	2.0	1	1-0,0-1
2.0	1	20	2.0	2.0	1	1-0,0-1
2.0	1	21	2.0	2.0	0	1-0,0-1
2.0	1	22	2.0	2.0	1	1-0,0-1
2.0	1	23	2.0	2.0	1	1-0,0-1
2.0	1	24	2.0	2.0	1	1-0,0-1
2.0	1	25	2.0	2.0	0	1-0,0-1
2.0	1	26	2.0	2.0	1	1-0,0-1
2.0	1	27	2.0	2.0	1	1-0,0-1
2.0	1	28	2.0	2.0	1	1-0,0-1
2.0	1	29	2.0	2.0	0	1-0,0-1
2.0	1	30	2.0	2.0	1	1-0,0-1
2.0	1	31	2.0	2.0	1	1-0,0-1
2.0	1	32	2.0	2.0	1	1-0,0-1
2.0	1	33	2.0	2.0	0	1-0,0-1
2.0	1	34	2.0	2.0	1	1-0,0-1
2.0	1	35	2.0	2.0	1	1-0,0-1
2.0	1	36	2.0	2.0	1	1-0,0-1
2.0	1	37	2.0	2.0	0	1-0,0-1
2.0	1	38	2.0	2.0	1	1-0,0-1
2.0	1	39	2.0	2.0	1	1-0,0-1
2.0	1	40	2.0	2.0	1	1-0,0-1
2.0	1	41	2.0	2.0	0	1-0,0-1
2.0	1	42	2.0	2.0	1	1-0,0-1
2.0	1	43	2.0	2.0	1	1-0,0-1
2.0	1	44	2.0	2.0	1	1-0,0-1
2.0	1	45	2.0	2.0	0	1-0,0-1
2.0	1	46	2.0	2.0	1	1-0,0-1
2.0	1	47	2.0	2.0	1	1-0,0-1
2.0	1	48	2.0	2.0	1	1-0,0-1
2.0	1	49	2.0	2.0	0	1-0,0-1
2.0	1	50	2.0	2.0	1	1-0,0-1
2.0	1	51	2.0	2.0	1	1-0,0-1
2.0	1	52	2.0	2.0	1	1-0,0-1
2.0	1	53	2.0	2.0	0	1-0,0-1
2.0	1	54	2.0	2.0	1	1-0,0-1
2.0	1	55	2.0	2.0	1	1-0,0-1
2.0	1	56	2.0	2.0	1	1-0,0-1
2.0	1	57	2.0	2.0	0	1-0,0-1
2.0	1	58	2.0	2.0	1	1-0,0-1
2.0	1	59	2.0	2.0	1	1-0,0-1
2.0	1	60	2.0	2.0	1	1-0,0-1
2.0	1	61	2.0	2.0	0	1-0,0-1
2.0	1	62	2.0	2.0	1	1-0,0-1
2.0	1	63	2.0	2.0	1	1-0,0-1
2.0	2	0	0.0	-2.0	1	0-1,1-0
2.0	2	1	2.0	2.0	1	1-0,0-1
2.0	2	2	2.0	2.0	1	1-0,0-1
2.0	2	3	1.0	0.0	1	1-0,1-0
2.0	2	4	0.0	-2.0	1	0-1,1-0
2.0	2	5	2.0	2.0	1	1-0,0-1
2.0	2	6	2.0	2.0	1	1-0,0-1
2.0	2	7	1.0	0.0	1	1-0,1-0
2.0	2	8	0.0	-2.0	1	0-1,1-0
2.0	2	9	2.0	2.0	1	1-0,0-1
2.0	2	10	2.0	2.0	1	1-0,0-1
2.0	2	11	1.0	0.0	1	1-0,1-0
2.0	2	12	0.0	-2.0	1	0-1,1-0
2.0	2	13	2.0	2.0	1	1-0,0-1
2.0	2	14	2.0	2.0	1	1-0,0-1
2.0	2	15	1.0	0.0	1	1-0,1-0
2.0	2	16	0.0	-2.0	1	0-1,1-0
2.0	2	17	2.0	2.0	1	1-0,0-1
2.0	2	18	2.0	2.0	1	1-0,0-1
2.0	2	19	1.0	0.0	1	1-0,1-0
2.0	2	20	0.0	-2.0	1	0-1,1-0
2.0	2	21	2.0	2.0	1	1-0,0-1
2.0	2	22	2.0	2.0	1	1-0,0-1
2.0	2	23	1.0	0.0	1	1-0,1-0
2.0	2	24	0.0	-2.0	1	0-1,1-0
2.0	2	25	2.0	2.0	1	1-0,0-1
2.0	2	26	2.0	2.0	1	1-0,0-1
2.0	2	27	1.0	0.0	1	1-0,1-0
2.0	2	28	0.0	-2.0	1	0-1,1-0
2.0	2	29	2.0	2.0	1	1-0,0-1
2.0	2	30	2.0	2.0	1	1-0,0-1
2.0	2	31	1.0	0.0	1	1-0,1-0
2.0	2	32	0.0	-2.0	1	0-1,1-0
2.0	2	33	2.0	2.0	1	1-0,0-1
2.0	2	34	2.0	2.0	1	1-0,0-1
2.0	2	35	1.0	0.0	1	1-0,1-0
2.0	2	36	0.0	-2.0	1	0-1,1-0
2.0	2	37	2.0	2.0	1	1-0,0-1
2.0	2	38	2.0	2.0	1	1-0,0-1
2.0	2	39	1.0	0.0	1	1-0,1-0
2.0	2	40	0.0	-2.0	1	0-1,1-0
2.0	2	41	2.0	2.0	1	1-0,0-1
2.0	2	42	2.0	2.0	1	1-0,0-1
2.0	2	43	1.0	0.0	1	1-0,1-0
2.0	2	44	0.0	-2.0	1	0-1,1-0
2.0	2	45	2.0	2.0	1	1-0,0-1
2.0	2	46	2.0	2.0	1	1-0,0-1
2.0	2	47	1.0	0.0	1	1-0,1-0
2.0	2	48	0.0	-2.0	1	0-1,1-0
2.0	2	49	2.0	2.0	1	1-0,0-1
2.0	2	50	2.0	2.0	1	1-0,0-1
2.0	2	51	1.0	0.0	1	1-0,1-0
2.0	2	52	0.0	-2.0	1	0-1,1-0
2.0	2	53	2.0	2.0	1	1-0,0-1
2.0	2	54	2.0	2.0	1	1-0,0-1
2.0	2	55	1.0	0.0	1	1-0,1-0
2.0	2	56	0.0	-2.0	1	0-1,1-0
2.0	2	57	2.0	2.0	1	1-0,0-1
2.0	2	58	2.0	2.0	1	1-0,0-1
2.0	2	59	1.0	0.0	1	1-0,1-0
2.0	2	60	0.0	-2.0	1	0-1,1-0
2.0	2	61	2.0	2.0	1	1-0,0-1
2.0	2	62	2.0	2.0	1	1-0,0-1
2.0	2	63	1.0	0.0	1	1-0,1-0
2.0	3	0	2.0	2.0	1	1-0,0-1
2.0	3	1	2.0	2.0	1	1-0,0-1
2.0	3	2	2.0	2.0	1	1-0,0-1
2.0	3	3	2.0	2.0	1	1-0,0-1
2.0	3	4	2.0	2.0	1	1-0,0-1
2.0	3	5	2.0	2.0	1	1-0,0-1
2.0	3	6	2.0	2.0	1	1-0,0-1
2.0	3	7	2.0	2.0	1	1-0,0-1
2.0	3	8	2.0	2.0	1	1-0,0-1
2.0	3	9	2.0	2.0	1	1-0,0-1
2.0	3	10	2.0	2.0	1	1-0,0-1
2.0	3	11	2.0	2.0	1	1-0,0-1
2.0	3	12	2.0	2.0	1	1-0,0-1
2.0	3	13	2.0	2.0	1	1-0,0-1
2.0	3	14	2.0	2.0	1	1-0,0-1
2.0	3	15	2.0	2.0	1	1-0,0-1
2.0	3	16	2.0	2.0	1	1-0,0-1
2.0	3	17	2.0	2.0	1	1-0,0-1
2.0	3	18	2.0	2.0	1	1-0,0-1
2.0	3	19	2.0	2.0	1	1-0,0-1
2.0	3	20	2.0	2.0	1	1-0,0-1
2.0	3	21	2.0	2.0	1	1-0,0-1
2.0	3	22	2.0	2.0	1	1-0,0-1
2.0	3	23	2.0	2.0	1	1-0,0-1
2.0	3	24	2.0	2.0	1	1-0,0-1
2.0	3	25	2.0	2.0	1	1-0,0-1
2.0	3	26	2.0	2.0	1	1-0,0-1
2.0	3	27	2.0	2.0	1	1-0,0-1
2.0	3	28	2.0	2.0	1	1-0,0-1
2.0	3	29	2.0	2.0	1	1-0,0-1
2.0	3	30	2.0	2.0	1	1-0,0-1
2.0	3	31	2.0	2.0	1	1-0,0-1
2.0	3	32	2.0	2.0	1	1-0,0-1
2.0	3	33	2.0	2.0	1	1-0,0-1
2.0	3	34	2.0	2.0	1	1-0,0-1
2.0	3	35	2.0	2.0	1	1-0,0-1
2.0	3	36	2.0	2.0	1	1-0,0-1
2.0	3	37	2.0	2.0	1	1-0,0-1
2.0	3	38	2.0	2.0	1	1-0,0-1
2.0	3	39	2.0	2.0	1	1-0,0-1
2.0	3	40	2.0	2.0	1	1-0,0-1
2.0	3	41	2.0	2.0	1	1-0,0-1
2.0	3	42	2.0	2.0	1	1-0,0-1
2.0	3	43	2.0	2.0	1	1-0,0-1
2.0	3	44	2.0	2.0	1	1-0,0-1
2.0	3	45	2.0	2.0	1	1-0,0-1
2.0	3	46	2.0	2.0	1	1-0,0-1
2.0	3	47	2.0	2.0	1	1-0,0-1
2.0	3	48	2.0	2.0	1	1-0,0-1
2.0	3	49	2.0	2.0	1	1-0,0-1
2.0	3	50	2.0	2.0	1	1-0,0-1
2.0	3	51	2.0	2.0	1	1-0,0-1
2.0	3	52	2.0	2.0	1	1-0,0-1
2.0	3	53	2.0	2.0	1	1-0,0-1
2.0	3	54	2.0	2.0	1	1-0,0-1
2.0	3	55	2.0	2.0	1	1-0,0-1
2.0	3	56	2.0	2.0	1	1-0,0-1
2.0	3	57	2.0	2.0	1	1-0,0-1
2.0	3	58	2.0	2.0	1	1-0,0-1
2.0	3	59	2.0	2.0	1	1-0,0-1
2.0	3	60	2.0	2.0	1	1-0,0-1
2.0	3	61	2.0	2.0	1	1-0,0-1
2.0	3	62	2.0	2.0	1	1-0,0-1
2.0	3	63	2.0	2.0	1	1-0,0-1
2.0	4	0	1.0	0.0	1	1-0,1-0
2.0	4	1	2.0	2.0	1	1-0,0-1
2.0	4	2	2.0	2.0	1	1-0,0-1
2.0	4	3	0.0	-2.0	0	0-1,1-0
2.0	4	4	1.0	0.0	1	1-0,1-0
2.0	4	5	2.0	2.0	1	1-0,0-1
2.0	4	6	2.0	2.0	1	1-0,0-1
2.0	4	7	0.0	-2.0	0	0-1,1-0
2.0	4	8	1.0	0.0	1	1-0,1-0
2.0	4	9	2.0	2.0	1	1-0,0-1
2.0	4	10	2.0	2.0	1	1-0,0-1
2.0	4	11	0.0	-2.0	0	0-1,1-0
2.0	4	12	1.0	0.0	1	1-0,1-0
2.0	4	13	2.0	2.0	1	1-0,0-1
2.0	4	14	2.0	2.0	1	1-0,0-1
2.0	4	15	0.0	-2.0	0	0-1,1-0
2.0	4	16	1.0	0.0	1	1-0,1-0
2.0	4	17	2.0	2.0	1	1-0,0-1
2.0	4	18	2.0	2.0	1	1-0,0-1
2.0	4	19	0.0	-2.0	0	0-1,1-0
2.0	4	20	1.0	0.0	1	1-0,1-0
2.0	4	21	2.0	2.0	1	1-0,0-1
2.0	4	22	2.0	2.0	1	1-0,0-1
2.0	4	23	0.0	-2.0	0	0-1,1-0
2.0	4	24	1.0	0.0	1	1-0,1-0
2.0	4	25	2.0	2.0	1	1-0,0-1
2.0	4	26	2.0	2.0	1	1-0,0-1
2.0	4	27	0.0	-2.0	0	0-1,1-0
2.0	4	28	1.0	0.0	1	1-0,1-0
2.0	4	29	2.0	2.0	1	1-0,0-1
2.0	4	30	2.0	2.0	1	1-0,0-1
2.0	4	31	0.0	-2.0	0	0-1,1-0
2.0	4	32	1.0	0.0	1	1-0,1-0
2.0	4	33	2.0	2.0	1	1-0,0-1
2.0	4	34	2.0	2.0	1	1-0,0-1
2.0	4	35	0.0	-2.0	0	0-1,1-0
2.0	4	36	1.0	0.0	1	1-0,1-0
2.0	4	37	2.0	2.0	1	1-0,0-1
2.0	4	38	2.0	2.0	1	1-0,0-1
2.0	4	39	0.0	-2.0	0	0-1,1-0
2.0	4	40	1.0	0.0	1	1-0,1-0
2.0	4	41	2.0	2.0	1	1-0,0-1
2.0	4	42	2.0	2.0	1	1-0,0-1
2.0	4	43	0.0	-2.0	0	0-1,1-0
2.0	4	44	1.0	0.0	1	1-0,1-0
2.0	4	45	2.0	2.0	1	1-0,0-1
2.0	4	46	2.0	2.0	1	1-0,0-1
2.0	4	47	0.0	-2.0	0	0-1,1-0
2.0	4	48	1.0	0.0	1	1-0,1-0
2.0	4	49	2.0	2.0	1	1-0,0-1
2.0	4	50	2.0	2.0	1	1-0,0-1
2.0	4	51	0.0	-2.0	0	0-1,1-0
2.0	4	52	1.0	0.0	1	1-0,1-0
2.0	4	53	2.0	2.0	1	1-0,0-1
2.0	4	54	2.0	2.0	1	1-0,0-1
2.0	4	55	0.0	-2.0	0	0-1,1-0
2.0	4	56	1.0	0.0	1	1-0,1-0
2.0	4	57	2.0	2.0	1	1-0,0-1
2.0	4	58	2.0	2.0	1	1-0,0-1
2.0	4	59	0.0	-2.0	0	0-1,1-0
2.0	4	60	1.0	0.0	1	1-0,1-0
2.0	4	61	2.0	2.0	1	1-0,0-1
2.0	4	62	2.0	2.0	1	1-0,0-1
2.0	4	63	0.0	-2.0	0	0-1,1-0
2.0	5	0	1.0	0.0	1	0-1,0-1
2.0	5	1	1.0	0.0	1	1-0,1-0
2.0	5	2	2.0	2.0	1	1-0,0-1
2.0	5	3	1.5	1.0	1	1/2-1/2,0-1
2.0	5	4	1.0	0.0	1	0-1,0-1
2.0	5	5	1.0	0.0	1	1-0,1-0
2.0	5	6	2.0	2.0	1	1-0,0-1
2.0	5	7	1.5	1.0	1	1/2-1/2,0-1
2.0	5	8	1.0	0.0	1	0-1,0-1
2.0	5	9	1.0	0.0	1	1-0,1-0
2.0	5	10	2.0	2.0	1	1-0,0-1
2.0	5	11	1.5	1.0	1	1/2-1/2,0-1
2.0	5	12	1.0	0.0	1	0-1,0-1
2.0	5	13	1.0	0.0	1	1-0,1-0
2.0	5	14	2.0	2.0	1	1-0,0-1
2.0	5	15	1.5	1.0	1	1/2-1/2,0-1
2.0	5	16	1.0	0.0	1	0-1,0-1
2.0	5	17	1.0	0.0	1	1-0,1-0
2.0	5	18	2.0	2.0	1	1-0,0-1
2.0	5	19	1.5	1.0	1	1/2-1/2,0-1
2.0	5	20	1.0	0.0	1	0-1,0-1
2.0	5	21	1.0	0.0	1	1-0,1-0
2.0	5	22	2.0	2.0	1	1-0,0-1
2.0	5	23	1.5	1.0	1	1/2-1/2,0-1
2.0	5	24	1.0	0.0	1	0-1,0-1
2.0	5	25	1.0	0.0	1	1-0,1-0
2.0	5	26	2.0	2.0	1	1-0,0-1
2.0	5	27	1.5	1.0	1	1/2-1/2,0-1
2.0	5	28	1.0	0.0	1	0-1,0-1
2.0	5	29	1.0	0.0	1	1-0,1-0
2.0	5	30	2.0	2.0	1	1-0,0-1
2.0	5	31	1.5	1.0	1	1/2-1/2,0-1
2.0	5	32	1.0	0.0	1	0-1,0-1
2.0	5	33	1.0	0.0	1	1-0,1-0
2.0	5	34	2.0	2.0	1	1-0,0-1
2.0	5	35	1.5	1.0	1	1/2-1/2,0-1
2.0	5	36	1.0	0.0	1	0-1,0-1
2.0	5	37	1.0	0.0	1	1-0,1-0
2.0	5	38	2.0	2.0	1	1-0,0-1
2.0	5	39	1.5	1.0	1	1/2-1/2,0-1
2.0	5	40	1.0	0.0	1	0-1,0-1
2.0	5	41	1.0	0.0	1	1-0,1-0
2.0	5	42	2.0	2.0	1	1-0,0-1
2.0	5	43	1.5	1.0	1	1/2-1/2,0-1
2.0	5	44	1.0	0.0	1	0-1,0-1
2.0	5	45	1.0	0.0	1	1-0,1-0
2.0	5	46	2.0	2.0	1	1-0,0-1
2.0	5	47	1.5	1.0	1	1/2-1/2,0-1
2.0	5	48	1.0	0.0	1	0-1,0-1
2.0	5	49	1.0	0.0	1	1-0,1-0
2.0	5	50	2.0	2.0	1	1-0,0-1
2.0	5	51	1.5	1.0	1	1/2-1/2,0-1
2.0	5	52	1.0	0.0	1	0-1,0-1
2.0	5	53	1.0	0.0	1	1-0,1-0
2.0	5	54	2.0	2.0	1	1-0,0-1
2.0	5	55	1.5	1.0	1	1/2-1/2,0-1
2.0	5	56	1.0	0.0	1	0-1,0-1
2.0	5	57	1.0	0.0	1	1-0,1-0
2.0	5	58	2.0	2.0	1	1-0,0-1
2.0	5	59	1.5	1.0	1	1/2-1/2,0-1
2.0	5	60	1.0	0.0	1	0-1,0-1
2.0	5	61	1.0	0.0	1	1-0,1-0
2.0	5	62	2.0	2.0	1	1-0,0-1
2.0	5	63	1.5	1.0	1	1/2-1/2,0-1
2.0	6	0	0.0	-2.0	1	0-1,1-0
2.0	6	1	1.0	0.0	1	1-0,1-0
2.0	6	2	0.0	-2.0	1	0-1,1-0
2.0	6	3	0.0	-2.0	1	0-1,1-0
2.0	6	4	0.0	-2.0	1	0-1,1-0
2.0	6	5	1.0	0.0	1	1-0,1-0
2.0	6	6	0.0	-2.0	1	0-1,1-0
2.0	6	7	0.0	-2.0	1	0-1,1-0
2.0	6	8	0.0	-2.0	1	0-1,1-0
2.0	6	9	1.0	0.0	1	1-0,1-0
2.0	6	10	0.0	-2.0	1	0-1,1-0
2.0	6	11	0.0	-2.0	1	0-1,1-0
2.0	6	12	0.0	-2.0	1	0-1,1-0
2.0	6	13	1.0	0.0	1	1-0,1-0
2.0	6	14	0.0	-2.0	1	0-1,1-0
2.0	6	15	0.0	-2.0	1	0-1,1-0
2.0	6	16	0.0	-2.0	1	0-1,1-0
2.0	6	17	1.0	0.0	1	1-0,1-0
2.0	6	18	0.0	-2.0	1	0-1,1-0
2.0	6	19	0.0	-2.0	1	0-1,1-0
2.0	6	20	0.0	-2.0	1	0-1,1-0
2.0	6	21	1.0	0.0	1	1-0,1-0
2.0	6	22	0.0	-2.0	1	0-1,1-0
2.0	6	23	0.0	-2.0	1	0-1,1-0
2.0	6	24	0.0	-2.0	1	0-1,1-0
2.0	6	25	1.0	0.0	1	1-0,1-0
2.0	6	26	0.0	-2.0	1	0-1,1-0
2.0	6	27	0.0	-2.0	1	0-1,1-0
2.0	6	28	0.0	-2.0	1	0-1,1-0
2.0	6	29	1.0	0.0	1	1-0,1-0
2.0	6	30	0.0	-2.0	1	0-1,1-0
2.0	6	31	0.0	-2.0	1	0-1,1-0
2.0	6	32	0.0	-2.0	1	0-1,1-0
2.0	6	33	1.0	0.0	1	1-0,1-0
2.0	6	34	0.0	-2.0	1	0-1,1-0
2.0	6	35	0.0	-2.0	1	0-1,1-0
2.0	6	36	0.0	-2.0	1	0-1,1-0
2.0	6	37	1.0	0.0	1	1-0,1-0
2.0	6	38	0.0	-2.0	1	0-1,1-0
2.0	6	39	0.0	-2.0	1	0-1,1-0
2.0	6	40	0.0	-2.0	1	0-1,1-0
2.0	6	41	1.0	0.0	1	1-0,1-0
2.0	6	42	0.0	-2.0	1	0-1,1-0
2.0	6	43	0.0	-2.0	1	0-1,1-0
2.0	6	44	0.0	-2.0	1	0-1,1-0
2.0	6	45	1.0	0.0	1	1-0,1-0
2.0	6	46	0.0	-2.0	1	0-1,1-0
2.0	6	47	0.0	-2.0	1	0-1,1-0
2.0	6	48	0.0	-2.0	1	0-1,1-0
2.0	6	49	1.0	0.0	1	1-0,1-0
2.0	6	50	0.0	-2.0	1	0-1,1-0
2.0	6	51	0.0	-2.0	1	0-1,1-0
2.0	6	52	0.0	-2.0	1	0-1,1-0
2.0	6	53	1.0	0.0	1	1-0,1-0
2.0	6	54	0.0	-2.0	1	0-1,1-0
2.0	6	55	0.0	-2.0	1	0-1,1-0
2.0	6	56	0.0	-2.0	1	0-1,1-0
2.0	6	57	1.0	0.0	1	1-0,1-0
2.0	6	58	0.0	-2.0	1	0-1,1-0
2.0	6	59	0.0	-2.0	1	0-1,1-0
2.0	6	60	0.0	-2.0	1	0-1,1-0
2.0	6	61	1.0	0.0	1	1-0,1-0
2.0	6	62	0.0	-2.0	1	0-1,1-0
2.0	6	63	0.0	-2.0	1	0-1,1-0
2.0	7	0	1.0	0.0	1	0-1,0-1
2.0	7	1	1.0	0.0	1	0-1,0-1
2.0	7	2	1.0	0.0	1	0-1,0-1
2.0	7	3	1.0	0.0	1	1-0,1-0
2.0	7	4	1.0	0.0	1	0-1,0-1
2.0	7	5	1.0	0.0	1	0-1,0-1
2.0	7	6	1.0	0.0	1	0-1,0-1
2.0	7	7	1.0	0.0	1	1-0,1-0
2.0	7	8	1.0	0.0	1	0-1,0-1
2.0	7	9	1.0	0.0	1	0-1,0-1
2.0	7	10	1.0	0.0	1	0-1,0-1
2.0	7	11	1.0	0.0	1	1-0,1-0
2.0	7	12	1.0	0.0	1	0-1,0-1
2.0	7	13	1.0	0.0	1	0-1,0-1
2.0	7	14	1.0	0.0	1	0-1,0-1
2.0	7	15	1.0	0.0	1	1-0,1-0
2.0	7	16	1.0	0.0	1	0-1,0-1
2.0	7	17	1.0	0.0	1	0-1,0-1
2.0	7	18	1.0	0.0	1	0-1,0-1
2.0	7	19	1.0	0.0	1	1-0,1-0
2.0	7	20	1.0	0.0	1	0-1,0-1
2.0	7	21	1.0	0.0	1	0-1,0-1
2.0	7	22	1.0	0.0	1	0-1,0-1
2.0	7	23	1.0	0.0	1	1-0,1-0
2.0	7	24	1.0	0.0	1	0-1,0-1
2.0	7	25	1.0	0.0	1	0-1,0-1
2.0	7	26	1.0	0.0	1	0-1,0-1
2.0	7	27	1.0	0.0	1	1-0,1-0
2.0	7	28	1.0	0.0	1	0-1,0-1
2.0	7	29	1.0	0.0	1	0-1,0-1
2.0	7	30	1.0	0.0	1	0-1,0-1
2.0	7	31	1.0	0.0	1	1-0,1-0
2.0	7	32	1.0	0.0	1	0-1,0-1
2.0	7	33	1.0	0.0	1	0-1,0-1
2.0	7	34	1.0	0.0	1	0-1,0-1
2.0	7	35	1.0	0.0	1	1-0,1-0
2.0	7	36	1.0	0.0	1	0-1,0-1
2.0	7	37	1.0	0.0	1	0-1,0-1
2.0	7	38	1.0	0.0	1	0-1,0-1
2.0	7	39	1.0	0.0	1	1-0,1-0
2.0	7	40	1.0	0.0	1	0-1,0-1
2.0	7	41	1.0	0.0	1	0-1,0-1
2.0	7	42	1.0	0.0	1	0-1,0-1
2.0	7	43	1.0	0.0	1	1-0,1-0
2.0	7	44	1.0	0.0	1	0-1,0-1
2.0	7	45	1.0	0.0	1	0-1,0-1
2.0	7	46	1.0	0.0	1	0-1,0-1
2.0	7	47	1.0	0.0	1	1-0,1-0
2.0	7	48	1.0	0.0	1	0-1,0-1
2.0	7	49	1.0	0.0	1	0-1,0-1
2.0	7	50	1.0	0.0	1	0-1,0-1
2.0	7	51	1.0	0.0	1	1-0,1-0
2.0	7	52	1.0	0.0	1	0-1,0-1
2.0	7	53	1.0	0.0	1	0-1,0-1
2.0	7	54	1.0	0.0	1	0-1,0-1
2.0	7	55	1.0	0.0	1	1-0,1-0
2.0	7	56	1.0	0.0	1	0-1,0-1
2.0	7	57	1.0	0.0	1	0-1,0-1
2.0	7	58	1.0	0.0	1	0-1,0-1
2.0	7	59	1.0	0.0	1	1-0,1-0
2.0	7	60	1.0	0.0	1	0-1,0-1
2.0	7	61	1.0	0.0	1	0-1,0-1
2.0	7	62	1.0	0.0	1	0-1,0-1
2.0	7	63	1.0	0.0	1	1-0,1-0
2.0	8	0	2.0	2.0	1	1-0,0-1
2.0	8	1	2.0	2.0	1	1-0,0-1
2.0	8	2	2.0	2.0	1	1-0,0-1
2.0	8	3	1.0	0.0	1	0-1,0-1
2.0	8	4	2.0	2.0	1	1-0,0-1
2.0	8	5	2.0	2.0	1	1-0,0-1
2.0	8	6	2.0	2.0	1	1-0,0-1
2.0	8	7	1.0	0.0	1	0-1,0-1
2.0	8	8	2.0	2.0	1	1-0,0-1
2.0	8	9	2.0	2.0	1	1-0,0-1
2.0	8	10	2.0	2.0	1	1-0,0-1
2.0	8	11	1.0	0.0	1	0-1,0-1
2.0	8	12	2.0	2.0	1	1-0,0-1
2.0	8	13	2.0	2.0	1	1-0,0-1
2.0	8	14	2.0	2.0	1	1-0,0-1
2.0	8	15	1.0	0.0	1	0-1,0-1
2.0	8	16	2.0	2.0	1	1-0,0-1
2.0	8	17	2.0	2.0	1	1-0,0-1
2.0	8	18	2.0	2.0	1	1-0,0-1
2.0	8	19	1.0	0.0	1	0-1,0-1
2.0	8	20	2.0	2.0	1	1-0,0-1
2.0	8	21	2.0	2.0	1	1-0,0-1
2.0	8	22	2.0	2.0	1	1-0,0-1
2.0	8	23	1.0	0.0	1	0-1,0-1
2.0	8	24	2.0	2.0	1	1-0,0-1
2.0	8	25	2.0	2.0	1	1-0,0-1
2.0	8	26	2.0	2.0	1	1-0,0-1
2.0	8	27	1.0	0.0	1	0-1,0-1
2.0	8	28	2.0	2.0	1	1-0,0-1
2.0	8	29	2.0	2.0	1	1-0,0-1
2.0	8	30	2.0	2.0	1	1-0,0-1
2.0	8	31	1.0	0.0	1	0-1,0-1
2.0	8	32	2.0	2.0	1	1-0,0-1
2.0	8	33	2.0	2.0	1	1-0,0-1
2.0	8	34	2.0	2.0	1	1-0,0-1
2.0	8	35	1.0	0.0	1	0-1,0-1
2.0	8	36	2.0	2.0	1	1-0,0-1
2.0	8	37	2.0	2.0	1	1-0,0-1
2.0	8	38	2.0	2.0	1	1-0,0-1
2.0	8	39	1.0	0.0	1	0-1,0-1
2.0	8	40	2.0	2.0	1	1-0,0-1
2.0	8	41	2.0	2.0	1	1-0,0-1
2.0	8	42	2.0	2.0	1	1-0,0-1
2.0	8	43	1.0	0.0	1	0-1,0-1
2.0	8	44	2.0	2.0	1	1-0,0-1
2.0	8	45	2.0	2.0	1	1-0,0-1
2.0	8	46	2.0	2.0	1	1-0,0-1
2.0	8	47	1.0	0.0	1	0-1,0-1
2.0	8	48	2.0	2.0	1	1-0,0-1
2.0	8	49	2.0	2.0	1	1-0,0-1
2.0	8	50	2.0	2.0	1	1-0,0-1
2.0	8	51	1.0	0.0	1	0-1,0-1
2.0	8	52	2.0	2.0	1	1-0,0-1
2.0	8	53	2.0	2.0	1	1-0,0-1
2.0	8	54	2.0	2.0	1	1-0,0-1
2.0	8	55	1.0	0.0	1	0-1,0-1
2.0	8	56	2.0	2.0	1	1-0,0-1
2.0	8	57	2.0	2.0	1	1-0,0-1
2.0	8	58	2.0	2.0	1	1-0,0-1
2.0	8	59	1.0	0.0	1	0-1,0-1
2.0	8	60	2.0	2.0	1	1-0,0-1
2.0	8	61	2.0	2.0	1	1-0,0-1
2.0	8	62	2.0	2.0	1	1-0,0-1
2.0	8	63	1.0	0.0	1	0-1,0-1
2.0	9	0	0.0	-2.0	1	0-1,1-0
2.0	9	1	0.0	-2.0	1	0-1,1-0
2.0	9	2	1.0	0.0	1	0-1,0-1
2.0	9	3	2.0	2.0	1	1-0,0-1
2.0	9	4	0.0	-2.0	1	0-1,1-0
2.0	9	5	0.0	-2.0	1	0-1,1-0
2.0	9	6	1.0	0.0	1	0-1,0-1
2.0	9	7	2.0	2.0	1	1-0,0-1
2.0	9	8	0.0	-2.0	1	0-1,1-0
2.0	9	9	0.0	-2.0	1	0-1,1-0
2.0	9	10	1.0	0.0	1	0-1,0-1
2.0	9	11	2.0	2.0	1	1-0,0-1
2.0	9	12	0.0	-2.0	1	0-1,1-0
2.0	9	13	0.0	-2.0	1	0-1,1-0
2.0	9	14	1.0	0.0	1	0-1,0-1
2.0	9	15	2.0	2.0	1	1-0,0-1
2.0	9	16	0.0	-2.0	1	0-1,1-0
2.0	9	17	0.0	-2.0	1	0-1,1-0
2.0	9	18	1.0	0.0	1	0-1,0-1
2.0	9	19	2.0	2.0	1	1-0,0-1
2.0	9	20	0.0	-2.0	1	0-1,1-0
2.0	9	21	0.0	-2.0	1	0-1,1-0
2.0	9	22	1.0	0.0	1	0-1,0-1
2.0	9	23	2.0	2.0	1	1-0,0-1
2.0	9	24	0.0	-2.0	1	0-1,1-0
2.0	9	25	0.0	-2.0	1	0-1,1-0
2.0	9	26	1.0	0.0	1	0-1,0-1
2.0	9	27	2.0	2.0	1	1-0,0-1
2.0	9	28	0.0	-2.0	1	0-1,1-0
2.0	9	29	0.0	-2.0	1	0-1,1-0
2.0	9	30	1.0	0.0	1	0-1,0-1
2.0	9	31	2.0	2.0	1	1-0,0-1
2.0	9	32	0.0	-2.0	1	0-1,1-0
2.0	9	33	0.0	-2.0	1	0-1,1-0
2.0	9	34	1.0	0.0	1	0-1,0-1
2.0	9	35	2.0	2.0	1	1-0,0-1
2.0	9	36	0.0	-2.0	1	0-1,1-0
2.0	9	37	0.0	-2.0	1	0-1,1-0
2.0	9	38	1.0	0.0	1	0-1,0-1
2.0	9	39	2.0	2.0	1	1-0,0-1
2.0	9	40	0.0	-2.0	1	0-1,1-0
2.0	9	41	0.0	-2.0	1	0-1,1-0
2.0	9	42	1.0	0.0	1	0-1,0-1
2.0	9	43	2.0	2.0	1	1-0,0-1
2.0	9	44	0.0	-2.0	1	0-1,1-0
2.0	9	45	0.0	-2.0	1	0-1,1-0
2.0	9	46	1.0	0.0	1	0-1,0-1
2.0	9	47	2.0	2.0	1	1-0,0-1
2.0	9	48	0.0	-2.0	1	0-1,1-0
2.0	9	49	0.0	-2.0	1	0-1,1-0
2.0	9	50	1.0	0.0	1	0-1,0-1
2.0	9	51	2.0	2.0	1	1-0,0-1
2.0	9	52	0.0	-2.0	1	0-1,1-0
2.0	9	53	0.0	-2.0	1	0-1,1-0
2.0	9	54	1.0	0.0	1	0-1,0-1
2.0	9	55	2.0	2.0	1	1-0,0-1
2.0	9	56	0.0	-2.0	1	0-1,1-0
2.0	9	57	0.0	-2.0	1	0-1,1-0
2.0	9	58	1.0	0.0	1	0-1,0-1
2.0	9	59	2.0	2.0	1	1-0,0-1
2.0	9	60	0.0	-2.0	1	0-1,1-0
2.0	9	61	0.0	-2.0	1	0-1,1-0
2.0	9	62	1.0	0.0	1	0-1,0-1
2.0	9	63	2.0	2.0	1	1-0,0-1
2.0	10	0	2.0	2.0	1	1-0,0-1
2.0	10	1	0.0	-2.0	1	0-1,1-0
2.0	10	2	2.0	2.0	1	1-0,0-1
2.0	10	3	1.0	0.0	1	1-0,1-0
2.0	10	4	2.0	2.0	1	1-0,0-1
2.0	10	5	0.0	-2.0	1	0-1,1-0
2.0	10	6	2.0	2.0	1	1-0,0-1
2.0	10	7	1.0	0.0	1	1-0,1-0
2.0	10	8	2.0	2.0	1	1-0,0-1
2.0	10	9	0.0	-2.0	1	0-1,1-0
2.0	10	10	2.0	2.0	1	1-0,0-1
2.0	10	11	1.0	0.0	1	1-0,1-0
2.0	10	12	2.0	2.0	1	1-0,0-1
2.0	10	13	0.0	-2.0	1	0-1,1-0
2.0	10	14	2.0	2.0	1	1-0,0-1
2.0	10	15	1.0	0.0	1	1-0,1-0
2.0	10	16	2.0	2.0	1	1-0,0-1
2.0	10	17	0.0	-2.0	1	0-1,1-0
2.0	10	18	2.0	2.0	1	1-0,0-1
2.0	10	19	1.0	0.0	1	1-0,1-0
2.0	10	20	2.0	2.0	1	1-0,0-1
2.0	10	21	0.0	-2.0	1	0-1,1-0
2.0	10	22	2.0	2.0	1	1-0,0-1
2.0	10	23	1.0	0.0	1	1-0,1-0
2.0	10	24	2.0	2.0	1	1-0,0-1
2.0	10	25	0.0	-2.0	1	0-1,1-0
2.0	10	26	2.0	2.0	1	1-0,0-1
2.0	10	27	1.0	0.0	1	1-0,1-0
2.0	10	28	2.0	2.0	1	1-0,0-1
2.0	10	29	0.0	-2.0	1	0-1,1-0
2.0	10	30	2.0	2.0	1	1-0,0-1
2.0	10	31	1.0	0.0	1	1-0,1-0
2.0	10	32	2.0	2.0	1	1-0,0-1
2.0	10	33	0.0	-2.0	1	0-1,1-0
2.0	10	34	2.0	2.0	1	1-0,0-1
2.0	10	35	1.0	0.0	1	1-0,1-0
2.0	10	36	2.0	2.0	1	1-0,0-1
2.0	10	37	0.0	-2.0	1	0-1,1-0
2.0	10	38	2.0	2.0	1	1-0,0-1
2.0	10	39	1.0	0.0	1	1-0,1-0
2.0	10	40	2.0	2.0	1	1-0,0-1
2.0	10	41	0.0	-2.0	1	0-1,1-0
2.0	10	42	2.0	2.0	1	1-0,0-1
2.0	10	43	1.0	0.0	1	1-0,1-0
2.0	10	44	2.0	2.0	1	1-0,0-1
2.0	10	45	0.0	-2.0	1	0-1,1-0
2.0	10	46	2.0	2.0	1	1-0,0-1
2.0	10	47	1.0	0.0	1	1-0,1-0
2.0	10	48	2.0	2.0	1	1-0,0-1
2.0	10	49	0.0	-2.0	1	0-1,1-0
2.0	10	50	2.0	2.0	1	1-0,0-1
2.0	10	51	1.0	0.0	1	1-0,1-0
2.0	10	52	2.0	2.0	1	1-0,0-1
2.0	10	53	0.0	-2.0	1	0-1,1-0
2.0	10	54	2.0	2.0	1	1-0,0-1
2.0	10	55	1.0	0.0	1	1-0,1-0
2.0	10	56	2.0	2.0	1	1-0,0-1
2.0	10	57	0.0	-2.0	1	0-1,1-0
2.0	10	58	2.0	2.0	1	1-0,0-1
2.0	10	59	1.0	0.0	1	1-0,1-0
2.0	10	60	2.0	2.0	1	1-0,0-1
2.0	10	61	0.0	-2.0	1	0-1,1-0
2.0	10	62	2.0	2.0	1	1-0,0-1
2.0	10	63	1.0	0.0	1	1-0,1-0
2.0	11	0	2.0	2.0	1	1-0,0-1
2.0	11	1	0.0	-2.0	1	0-1,1-0
2.0	11	2	0.0	-2.0	1	0-1,1-0
2.0	11	3	1.0	0.0	1	1-0,1-0
2.0	11	4	2.0	2.0	1	1-0,0-1
2.0	11	5	0.0	-2.0	1	0-1,1-0
2.0	11	6	0.0	-2.0	1	0-1,1-0
2.0	11	7	1.0	0.0	1	1-0,1-0
2.0	11	8	2.0	2.0	1	1-0,0-1
2.0	11	9	0.0	-2.0	1	0-1,1-0
2.0	11	10	0.0	-2.0	1	0-1,1-0
2.0	11	11	1.0	0.0	1	1-0,1-0
2.0	11	12	2.0	2.0	1	1-0,0-1
2.0	11	13	0.0	-2.0	1	0-1,1-0
2.0	11	14	0.0	-2.0	1	0-1,1-0
2.0	11	15	1.0	0.0	1	1-0,1-0
2.0	11	16	2.0	2.0	1	1-0,0-1
2.0	11	17	0.0	-2.0	1	0-1,1-0
2.0	11	18	0.0	-2.0	1	0-1,1-0
2.0	11	19	1.0	0.0	1	1-0,1-0
2.0	11	20	2.0	2.0	1	1-0,0-1
2.0	11	21	0.0	-2.0	1	0-1,1-0
2.0	11	22	0.0	-2.0	1	0-1,1-0
2.0	11	23	1.0	0.0	1	1-0,1-0
2.0	11	24	2.0	2.0	1	1-0,0-1
2.0	11	25	0.0	-2.0	1	0-1,1-0
2.0	11	26	0.0	-2.0	1	0-1,1-0
2.0	11	27	1.0	0.0	1	1-0,1-0
2.0	11	28	2.0	2.0	1	1-0,0-1
2.0	11	29	0.0	-2.0	1	0-1,1-0
2.0	11	30	0.0	-2.0	1	0-1,1-0
2.0	11	31	1.0	0.0	1	1-0,1-0
2.0	11	32	2.0	2.0	1	1-0,0-1
2.0	11	33	0.0	-2.0	1	0-1,1-0
2.0	11	34	0.0	-2.0	1	0-1,1-0
2.0	11	35	1.0	0.0	1	1-0,1-0
2.0	11	36	2.0	2.0	1	1-0,0-1
2.0	11	37	0.0	-2.0	1	0-1,1-0
2.0	11	38	0.0	-2.0	1	0-1,1-0
2.0	11	39	1.0	0.0	1	1-0,1-0
2.0	11	40	2.0	2.0	1	1-0,0-1
2.0	11	41	0.0	-2.0	1	0-1,1-0
2.0	11	42	0.0	-2.0	1	0-1,1-0
2.0	11	43	1.0	0.0	1	1-0,1-0
2.0	11	44	2.0	2.0	1	1-0,0-1
2.0	11	45	0.0	-2.0	1	0-1,1-0
2.0	11	46	0.0	-2.0	1	0-1,1-0
2.0	11	47	1.0	0.0	1	1-0,1-0
2.0	11	48	2.0	2.0	1	1-0,0-1
2.0	11	49	0.0	-2.0	1	0-1,1-0
2.0	11	50	0.0	-2.0	1	0-1,1-0
2.0	11	51	1.0	0.0	1	1-0,1-0
2.0	11	52	2.0	2.0	1	1-0,0-1
2.0	11	53	0.0	-2.0	1	0-1,1-0
2.0	11	54	0.0	-2.0	1	0-1,1-0
2.0	11	55	1.0	0.0	1	1-0,1-0
2.0	11	56	2.0	2.0	1	1-0,0-1
2.0	11	57	0.0	-2.0	1	0-1,1-0
2.0	11	58	0.0	-2.0	1	0-1,1-0
2.0	11	59	1.0	0.0	1	1-0,1-0
2.0	11	60	2.0	2.0	1	1-0,0-1
2.0	11	61	0.0	-2.0	1	0-1,1-0
2.0	11	62	0.0	-2.0	1	0-1,1-0
2.0	11	63	1.0	0.0	1	1-0,1-0
2.0	12	0	2.0	2.0	1	1-0,0-1
2.0	12	1	2.0	2.0	1	1-0,0-1
2.0	12	2	2.0	2.0	1	1-0,0-1
2.0	12	3	1.0	0.0	1	1-0,1-0
2.0	12	4	2.0	2.0	1	1-0,0-1
2.0	12	5	2.0	2.0	1	1-0,0-1
2.0	12	6	2.0	2.0	1	1-0,0-1
2.0	12	7	1.0	0.0	1	1-0,1-0
2.0	12	8	2.0	2.0	1	1-0,0-1
2.0	12	9	2.0	2.0	1	1-0,0-1
2.0	12	10	2.0	2.0	1	1-0,0-1
2.0	12	11	1.0	0.0	1	1-0,1-0
2.0	12	12	2.0	2.0	1	1-0,0-1
2.0	12	13	2.0	2.0	1	1-0,0-1
2.0	12	14	2.0	2.0	1	1-0,0-1
2.0	12	15	1.0	0.0	1	1-0,1-0
2.0	12	16	2.0	2.0	1	1-0,0-1
2.0	12	17	2.0	2.0	1	1-0,0-1
2.0	12	18	2.0	2.0	1	1-0,0-1
2.0	12	19	1.0	0.0	1	1-0,1-0
2.0	12	20	2.0	2.0	1	1-0,0-1
2.0	12	21	2.0	2.0	1	1-0,0-1
2.0	12	22	2.0	2.0	1	1-0,0-1
2.0	12	23	1.0	0.0	1	1-0,1-0
2.0	12	24	2.0	2.0	1	1-0,0-1
2.0	12	25	2.0	2.0	1	1-0,0-1
2.0	12	26	2.0	2.0	1	1-0,0-1
2.0	12	27	1.0	0.0	1	1-0,1-0
2.0	12	28	2.0	2.0	1	1-0,0-1
2.0	12	29	2.0	2.0	1	1-0,0-1
2.0	12	30	2.0	2.0	1	1-0,0-1
2.0	12	31	1.0	0.0	1	1-0,1-0
2.0	12	32	2.0	2.0	1	1-0,0-1
2.0	12	33	2.0	2.0	1	1-0,0-1
2.0	12	34	2.0	2.0	1	1-0,0-1
2.0	12	35	1.0	0.0	1	1-0,1-0
2.0	12	36	2.0	2.0	1	1-0,0-1
2.0	12	37	2.0	2.0	1	1-0,0-1
2.0	12	38	2.0	2.0	1	1-0,0-1
2.0	12	39	1.0	0.0	1	1-0,1-0
2.0	12	40	2.0	2.0	1	1-0,0-1
2.0	12	41	2.0	2.0	1	1-0,0-1
2.0	12	42	2.0	2.0	1	1-0,0-1
2.0	12	43	1.0	0.0	1	1-0,1-0
2.0	12	44	2.0	2.0	1	1-0,0-1
2.0	12	45	2.0	2.0	1	1-0,0-1
2.0	12	46	2.0	2.0	1	1-0,0-1
2.0	12	47	1.0	0.0	1	1-0,1-0
2.0	12	48	2.0	2.0	1	1-0,0-1
2.0	12	49	2.0	2.0	1	1-0,0-1
2.0	12	50	2.0	2.0	1	1-0,0-1
2.0	12	51	1.0	0.0	1	1-0,1-0
2.0	12	52	2.0	2.0	1	1-0,0-1
2.0	12	53	2.0	2.0	1	1-0,0-1
2.0	12	54	2.0	2.0	1	1-0,0-1
2.0	12	55	1.0	0.0	1	1-0,1-0
2.0	12	56	2.0	2.0	1	1-0,0-1
2.0	12	57	2.0	2.0	1	1-0,0-1
2.0	12	58	2.0	2.0	1	1-0,0-1
2.0	12	59	1.0	0.0	1	1-0,1-0
2.0	12	60	2.0	2.0	1	1-0,0-1
2.0	12	61	2.0	2.0	1	1-0,0-1
2.0	12	62	2.0	2.0	1	1-0,0-1
2.0	12	63	1.0	0.0	1	1-0,1-0
2.0	13	0	1.0	0.0	1	1-0,1-0
2.0	13	1	2.0	2.0	0	1-0,0-1
2.0	13	2	1.0	0.0	1	0-1,0-1
2.0	13	3	1.0	0.0	1	1-0,1-0
2.0	13	4	1.0	0.0	1	1-0,1-0
2.0	13	5	2.0	2.0	0	1-0,0-1
2.0	13	6	1.0	0.0	1	0-1,0-1
2.0	13	7	1.0	0.0	1	1-0,1-0
2.0	13	8	1.0	0.0	1	1-0,1-0
2.0	13	9	2.0	2.0	0	1-0,0-1
2.0	13	10	1.0	0.0	1	0-1,0-1
2.0	13	11	1.0	0.0	1	1-0,1-0
2.0	13	12	1.0	0.0	1	1-0,1-0
2.0	13	13	2.0	2.0	0	1-0,0-1
2.0	13	14	1.0	0.0	1	0-1,0-1
2.0	13	15	1.0	0.0	1	1-0,1-0
2.0	13	16	1.0	0.0	1	1-0,1-0
2.0	13	17	2.0	2.0	0	1-0,0-1
2.0	13	18	1.0	0.0	1	0-1,0-1
2.0	13	19	1.0	0.0	1	1-0,1-0
2.0	13	20	1.0	0.0	1	1-0,1-0
2.0	13	21	2.0	2.0	0	1-0,0-1
2.0	13	22	1.0	0.0	1	0-1,0-1
2.0	13	23	1.0	0.0	1	1-0,1-0
2.0	13	24	1.0	0.0	1	1-0,1-0
2.0	13	25	2.0	2.0	0	1-0,0-1
2.0	13	26	1.0	0.0	1	0-1,0-1
2.0	13	27	1.0	0.0	1	1-0,1-0
2.0	13	28	1.0	0.0	1	1-0,1-0
2.0	13	29	2.0	2.0	0	1-0,0-1
2.0	13	30	1.0	0.0	1	0-1,0-1
2.0	13	31	1.0	0.0	1	1-0,1-0
2.0	13	32	1.0	0.0	1	1-0,1-0
2.0	13	33	2.0	2.0	0	1-0,0-1
2.0	13	34	1.0	0.0	1	0-1,0-1
2.0	13	35	1.0	0.0	1	1-0,1-0
2.0	13	36	1.0	0.0	1	1-0,1-0
2.0	13	37	2.0	2.0	0	1-0,0-1
2.0	13	38	1.0	0.0	1	0-1,0-1
2.0	13	39	1.0	0.0	1	1-0,1-0
2.0	13	40	1.0	0.0	1	1-0,1-0
2.0	13	41	2.0	2.0	0	1-0,0-1
2.0	13	42	1.0	0.0	1	0-1,0-1
2.0	13	43	1.0	0.0	1	1-0,1-0
2.0	13	44	1.0	0.0	1	1-0,1-0
2.0	13	45	2.0	2.0	0	1-0,0-1
2.0	13	46	1.0	0.0	1	0-1,0-1
2.0	13	47	1.0	0.0	1	1-0,1-0
2.0	13	48	1.0	0.0	1	1-0,1-0
2.0	13	49	2.0	2.0	0	1-0,0-1
2.0	13	50	1.0	0.0	1	0-1,0-1
2.0	13	51	1.0	0.0	1	1-0,1-0
2.0	13	52	1.0	0.0	1	1-0,1-0
2.0	13	53	2.0	2.0	0	1-0,0-1
2.0	13	54	1.0	0.0	1	0-1,0-1
2.0	13	55	1.0	0.0	1	1-0,1-0
2.0	13	56	1.0	0.0	1	1-0,1-0
2.0	13	57	2.0	2.0	0	1-0,0-1
2.0	13	58	1.0	0.0	1	0-1,0-1
2.0	13	59	1.0	0.0	1	1-0,1-0
2.0	13	60	1.0	0.0	1	1-0,1-0
2.0	13	61	2.0	2.0	0	1-0,0-1
2.0	13	62	1.0	0.0	1	0-1,0-1
2.0	13	63	1.0	0.0	1	1-0,1-0
2.0	14	0	0.0	-2.0	1	0-1,1-0
2.0	14	1	0.0	-2.0	1	0-1,1-0
2.0	14	2	0.0	-2.0	1	0-1,1-0
2.0	14	3	0.0	-2.0	1	0-1,1-0
2.0	14	4	0.0	-2.0	1	0-1,1-0
2.0	14	5	0.0	-2.0	1	0-1,1-0
2.0	14	6	0.0	-2.0	1	0-1,1-0
2.0	14	7	0.0	-2.0	1	0-1,1-0
2.0	14	8	0.0	-2.0	1	0-1,1-0
2.0	14	9	0.0	-2.0	1	0-1,1-0
2.0	14	10	0.0	-2.0	1	0-1,1-0
2.0	14	11	0.0	-2.0	1	0-1,1-0
2.0	14	12	0.0	-2.0	1	0-1,1-0
2.0	14	13	0.0	-2.0	1	0-1,1-0
2.0	14	14	0.0	-2.0	1	0-1,1-0
2.0	14	15	0.0	-2.0	1	0-1,1-0
2.0	14	16	0.0	-2.0	1	0-1,1-0
2.0	14	17	0.0	-2.0	1	0-1,1-0
2.0	14	18	0.0	-2.0	1	0-1,1-0
2.0	14	19	0.0	-2.0	1	0-1,1-0
2.0	14	20	0.0	-2.0	1	0-1,1-0
2.0	14	21	0.0	-2.0	1	0-1,1-0
2.0	14	22	0.0	-2.0	1	0-1,1-0
2.0	14	23	0.0	-2.0	1	0-1,1-0
2.0	14	24	0.0	-2.0	1	0-1,1-0
2.0	14	25	0.0	-2.0	1	0-1,1-0
2.0	14	26	0.0	-2.0	1	0-1,1-0
2.0	14	27	0.0	-2.0	1	0-1,1-0
2.0	14	28	0.0	-2.0	1	0-1,1-0
2.0	14	29	0.0	-2.0	1	0-1,1-0
2.0	14	30	0.0	-2.0	1	0-1,1-0
2.0	14	31	0.0	-2.0	1	0-1,1-0
2.0	14	32	0.0	-2.0	1	0-1,1-0
2.0	14	33	0.0	-2.0	1	0-1,1-0
2.0	14	34	0.0	-2.0	1	0-1,1-0
2.0	14	35	0.0	-2.0	1	0-1,1-0
2.0	14	36	0.0	-2.0	1	0-1,1-0
2.0	14	37	0.0	-2.0	1	0-1,1-0
2.0	14	38	0.0	-2.0	1	0-1,1-0
2.0	14	39	0.0	-2.0	1	0-1,1-0
2.0	14	40	0.0	-2.0	1	0-1,1-0
2.0	14	41	0.0	-2.0	1	0-1,1-0
2.0	14	42	0.0	-2.0	1	0-1,1-0
2.0	14	43	0.0	-2.0	1	0-1,1-0
2.0	14	44	0.0	-2.0	1	0-1,1-0
2.0	14	45	0.0	-2.0	1	0-1,1-0
2.0	14	46	0.0	-2.0	1	0-1,1-0
2.0	14	47	0.0	-2.0	1	0-1,1-0
2.0	14	48	0.0	-2.0	1	0-1,1-0
2.0	14	49	0.0	-2.0	1	0-1,1-0
2.0	14	50	0.0	-2.0	1	0-1,1-0
2.0	14	51	0.0	-2.0	1	0-1,1-0
2.0	14	52	0.0	-2.0	1	0-1,1-0
2.0	14	53	0.0	-2.0	1	0-1,1-0
2.0	14	54	0.0	-2.0	1	0-1,1-0
2.0	14	55	0.0	-2.0	1	0-1,1-0
2.0	14	56	0.0	-2.0	1	0-1,1-0
2.0	14	57	0.0	-2.0	1	0-1,1-0
2.0	14	58	0.0	-2.0	1	0-1,1-0
2.0	14	59	0.0	-2.0	1	0-1,1-0
2.0	14	60	0.0	-2.0	1	0-1,1-0
2.0	14	61	0.0	-2.0	1	0-1,1-0
2.0	14	62	0.0	-2.0	1	0-1,1-0
2.0	14	63	0.0	-2.0	1	0-1,1-0
2.0	15	0	0.5	-1.0	1	1/2-1/2,1-0
2.0	15	1	2.0	2.0	1	1-0,0-1
2.0	15	2	1.0	0.0	1	1-0,1-0
2.0	15	3	2.0	2.0	1	1-0,0-1
2.0	15	4	0.5	-1.0	1	1/2-1/2,1-0
2.0	15	5	2.0	2.0	1	1-0,0-1
2.0	15	6	1.0	0.0	1	1-0,1-0
2.0	15	7	2.0	2.0	1	1-0,0-1
2.0	15	8	0.5	-1.0	1	1/2-1/2,1-0
2.0	15	9	2.0	2.0	1	1-0,0-1
2.0	15	10	1.0	0.0	1	1-0,1-0
2.0	15	11	2.0	2.0	1	1-0,0-1
2.0	15	12	0.5	-1.0	1	1/2-1/2,1-0
2.0	15	13	2.0	2.0	1	1-0,0-1
2.0	15	14	1.0	0.0	1	1-0,1-0
2.0	15	15	2.0	2.0	1	1-0,0-1
2.0	15	16	0.5	-1.0	1	1/2-1/2,1-0
2.0	15	17	2.0	2.0	1	1-0,0-1
2.0	15	18	1.0	0.0	1	1-0,1-0
2.0	15	19	2.0	2.0	1	1-0,0-1
2.0	15	20	0.5	-1.0	1	1/2-1/2,1-0
2.0	15	21	2.0	2.0	1	1-0,0-1
2.0	15	22	1.0	0.0	1	1-0,1-0
2.0	15	23	2.0	2.0	1	1-0,0-1
2.0	15	24	0.5	-1.0	1	1/2-1/2,1-0
2.0	15	25	2.0	2.0	1	1-0,0-1
2.0	15	26	1.0	0.0	1	1-0,1-0
2.0	15	27	2.0	2.0	1	1-0,0-1
2.0	15	28	0.5	-1.0	1	1/2-1/2,1-0
2.0	15	29	2.0	2.0	1	1-0,0-1
2.0	15	30	1.0	0.0	1	1-0,1-0
2.0	15	31	2.0	2.0	1	1-0,0-1
2.0	15	32	0.5	-1.0	1	1/2-1/2,1-0
2.0	15	33	2.0	2.0	1	1-0,0-1
2.0	15	34	1.0	0.0	1	1-0,1-0
2.0	15	35	2.0	2.0	1	1-0,0-1
2.0	15	36	0.5	-1.0	1	1/2-1/2,1-0
2.0	15	37	2.0	2.0	1	1-0,0-1
2.0	15	38	1.0	0.0	1	1-0,1-0
2.0	15	39	2.0	2.0	1	1-0,0-1
2.0	15	40	0.5	-1.0	1	1/2-1/2,1-0
2.0	15	41	2.0	2.0	1	1-0,0-1
2.0	15	42	1.0	0.0	1	1-0,1-0
2.0	15	43	2.0	2.0	1	1-0,0-1
2.0	15	44	0.5	-1.0	1	1/2-1/2,1-0
2.0	15	45	2.0	2.0	1	1-0,0-1
2.0	15	46	1.0	0.0	1	1-0,1-0
2.0	15	47	2.0	2.0	1	1-0,0-1
2.0	15	48	0.5	-1.0	1	1/2-1/2,1-0
2.0	15	49	2.0	2.0	1	1-0,0-1
2.0	15	50	1.0	0.0	1	1-0,1-0
2.0	15	51	2.0	2.0	1	1-0,0-1
2.0	15	52	0.5	-1.0	1	1/2-1/2,1-0
2.0	15	53	2.0	2.0	1	1-0,0-1
2.0	15	54	1.0	0.0	1	1-0,1-0
2.0	15	55	2.0	2.0	1	1-0,0-1
2.0	15	56	0.5	-1.0	1	1/2-1/2,1-0
2.0	15	57	2.0	2.0	1	1-0,0-1
2.0	15	58	1.0	0.0	1	1-0,1-0
2.0	15	59	2.0	2.0	1	1-0,0-1
2.0	15	60	0.5	-1.0	1	1/2-1/2,1-0
2.0	15	61	2.0	2.0	1	1-0,0-1
2.0	15	62	1.0	0.0	1	1-0,1-0
2.0	15	63	2.0	2.0	1	1-0,0-1
2.0	16	0	1.0	0.0	1	1-0,1-0
2.0	16	1	0.0	-2.0	1	0-1,1-0
2.0	16	2	1.0	0.0	1	0-1,0-1
2.0	16	3	0.0	-2.0	1	0-1,1-0
2.0	16	4	1.0	0.0	1	1-0,1-0
2.0	16	5	0.0	-2.0	1	0-1,1-0
2.0	16	6	1.0	0.0	1	0-1,0-1
2.0	16	7	0.0	-2.0	1	0-1,1-0
2.0	16	8	1.0	0.0	1	1-0,1-0
2.0	16	9	0.0	-2.0	1	0-1,1-0
2.0	16	10	1.0	0.0	1	0-1,0-1
2.0	16	11	0.0	-2.0	1	0-1,1-0
2.0	16	12	1.0	0.0	1	1-0,1-0
2.0	16	13	0.0	-2.0	1	0-1,1-0
2.0	16	14	1.0	0.0	1	0-1,0-1
2.0	16	15	0.0	-2.0	1	0-1,1-0
2.0	16	16	1.0	0.0	1	1-0,1-0
2.0	16	17	0.0	-2.0	1	0-1,1-0
2.0	16	18	1.0	0.0	1	0-1,0-1
2.0	16	19	0.0	-2.0	1	0-1,1-0
2.0	16	20	1.0	0.0	1	1-0,1-0
2.0	16	21	0.0	-2.0	1	0-1,1-0
2.0	16	22	1.0	0.0	1	0-1,0-1
2.0	16	23	0.0	-2.0	1	0-1,1-0
2.0	16	24	1.0	0.0	1	1-0,1-0
2.0	16	25	0.0	-2.0	1	0-1,1-0
2.0	16	26	1.0	0.0	1	0-1,0-1
2.0	16	27	0.0	-2.0	1	0-1,1-0
2.0	16	28	1.0	0.0	1	1-0,1-0
2.0	16	29	0.0	-2.0	1	0-1,1-0
2.0	16	30	1.0	0.0	1	0-1,0-1
2.0	16	31	0.0	-2.0	1	0-1,1-0
2.0	16	32	1.0	0.0	1	1-0,1-0
2.0	16	33	0.0	-2.0	1	0-1,1-0
2.0	16	34	1.0	0.0	1	0-1,0-1
2.0	16	35	0.0	-2.0	1	0-1,1-0
2.0	16	36	1.0	0.0	1	1-0,1-0
2.0	16	37	0.0	-2.0	1	0-1,1-0
2.0	16	38	1.0	0.0	1	0-1,0-1
2.0	16	39	0.0	-2.0	1	0-1,1-0
2.0	16	40	1.0	0.0	1	1-0,1-0
2.0	16	41	0.0	-2.0	1	0-1,1-0
2.0	16	42	1.0	0.0	1	0-1,0-1
2.0	16	43	0.0	-2.0	1	0-1,1-0
2.0	16	44	1.0	0.0	1	1-0,1-0
2.0	16	45	0.0	-2.0	1	0-1,1-0
2.0	16	46	1.0	0.0	1	0-1,0-1
2.0	16	47	0.0	-2.0	1	0-1,1-0
2.0	16	48	1.0	0.0	1	1-0,1-0
2.0	16	49	0.0	-2.0	1	0-1,1-0
2.0	16	50	1.0	0.0	1	0-1,0-1
2.0	16	51	0.0	-2.0	1	0-1,1-0
2.0	16	52	1.0	0.0	1	1-0,1-0
2.0	16	53	0.0	-2.0	1	0-1,1-0
2.0	16	54	1.0	0.0	1	0-1,0-1
2.0	16	55	0.0	-2.0	1	0-1,1-0
2.0	16	56	1.0	0.0	1	1-0,1-0
2.0	16	57	0.0	-2.0	1	0-1,1-0
2.0	16	58	1.0	0.0	1	0-1,0-1
2.0	16	59	0.0	-2.0	1	0-1,1-0
2.0	16	60	1.0	0.0	1	1-0,1-0
2.0	16	61	0.0	-2.0	1	0-1,1-0
2.0	16	62	1.0	0.0	1	0-1,0-1
2.0	16	63	0.0	-2.0	1	0-1,1-0
2.0	17	0	2.0	2.0	1	1-0,0-1
2.0	17	1	1.0	0.0	1	0-1,0-1
2.0	17	2	0.0	-2.0	1	0-1,1-0
2.0	17	3	0.0	-2.0	1	0-1,1-0
2.0	17	4	2.0	2.0	1	1-0,0-1
2.0	17	5	1.0	0.0	1	0-1,0-1
2.0	17	6	0.0	-2.0	1	0-1,1-0
2.0	17	7	0.0	-2.0	1	0-1,1-0
2.0	17	8	2.0	2.0	1	1-0,0-1
2.0	17	9	1.0	0.0	1	0-1,0-1
2.0	17	10	0.0	-2.0	1	0-1,1-0
2.0	17	11	0.0	-2.0	1	0-1,1-0
2.0	17	12	2.0	2.0	1	1-0,0-1
2.0	17	13	1.0	0.0	1	0-1,0-1
2.0	17	14	0.0	-2.0	1	0-1,1-0
2.0	17	15	0.0	-2.0	1	0-1,1-0
2.0	17	16	2.0	2.0	1	1-0,0-1
2.0	17	17	1.0	0.0	1	0-1,0-1
2.0	17	18	0.0	-2.0	1	0-1,1-0
2.0	17	19	0.0	-2.0	1	0-1,1-0
2.0	17	20	2.0	2.0	1	1-0,0-1
2.0	17	21	1.0	0.0	1	0-1,0-1
2.0	17	22	0.0	-2.0	1	0-1,1-0
2.0	17	23	0.0	-2.0	1	0-1,1-0
2.0	17	24	2.0	2.0	1	1-0,0-1
2.0	17	25	1.0	0.0	1	0-1,0-1
2.0	17	26	0.0	-2.0	1	0-1,1-0
2.0	17	27	0.0	-2.0	1	0-1,1-0
2.0	17	28	2.0	2.0	1	1-0,0-1
2.0	17	29	1.0	0.0	1	0-1,0-1
2.0	17	30	0.0	-2.0	1	0-1,1-0
2.0	17	31	0.0	-2.0	1	0-1,1-0
2.0	17	32	2.0	2.0	1	1-0,0-1
2.0	17	33	1.0	0.0	1	0-1,0-1
2.0	17	34	0.0	-2.0	1	0-1,1-0
2.0	17	35	0.0	-2.0	1	0-1,1-0
2.0	17	36	2.0	2.0	1	1-0,0-1
2.0	17	37	1.0	0.0	1	0-1,0-1
2.0	17	38	0.0	-2.0	1	0-1,1-0
2.0	17	39	0.0	-2.0	1	0-1,1-0
2.0	17	40	2.0	2.0	1	1-0,0-1
2.0	17	41	1.0	0.0	1	0-1,0-1
2.0	17	42	0.0	-2.0	1	0-1,1-0
2.0	17	43	0.0	-2.0	1	0-1,1-0
2.0	17	44	2.0	2.0	1	1-0,0-1
2.0	17	45	1.0	0.0	1	0-1,0-1
2.0	17	46	0.0	-2.0	1	0-1,1-0
2.0	17	47	0.0	-2.0	1	0-1,1-0
2.0	17	48	2.0	2.0	1	1-0,0-1
2.0	17	49	1.0	0.0	1	0-1,0-1
2.0	17	50	0.0	-2.0	1	0-1,1-0
2.0	17	51	0.0	-2.0	1	0-1,1-0
2.0	17	52	2.0	2.0	1	1-0,0-1
2.0	17	53	1.0	0.0	1	0-1,0-1
2.0	17	54	0.0	-2.0	1	0-1,1-0
2.0	17	55	0.0	-2.0	1	0-1,1-0
2.0	17	56	2.0	2.0	1	1-0,0-1
2.0	17	57	1.0	0.0	1	0-1,0-1
2.0	17	58	0.0	-2.0	1	0-1,1-0
2.0	17	59	0.0	-2.0	1	0-1,1-0
2.0	17	60	2.0	2.0	1	1-0,0-1
2.0	17	61	1.0	0.0	1	0-1,0-1
2.0	17	62	0.0	-2.0	1	0-1,1-0
2.0	17	63	0.0	-2.0	1	0-1,1-0
2.0	18	0	1.0	0.0	1	1-0,1-0
2.0	18	1	0.0	-2.0	1	0-1,1-0
2.0	18	2	1.0	0.0	1	0-1,0-1
2.0	18	3	0.0	-2.0	1	0-1,1-0
2.0	18	4	1.0	0.0	1	1-0,1-0
2.0	18	5	0.0	-2.0	1	0-1,1-0
2.0	18	6	1.0	0.0	1	0-1,0-1
2.0	18	7	0.0	-2.0	1	0-1,1-0
2.0	18	8	1.0	0.0	1	1-0,1-0
2.0	18	9	0.0	-2.0	1	0-1,1-0
2.0	18	10	1.0	0.0	1	0-1,0-1
2.0	18	11	0.0	-2.0	1	0-1,1-0
2.0	18	12	1.0	0.0	1	1-0,1-0
2.0	18	13	0.0	-2.0	1	0-1,1-0
2.0	18	14	1.0	0.0	1	0-1,0-1
2.0	18	15	0.0	-2.0	1	0-1,1-0
2.0	18	16	1.0	0.0	1	1-0,1-0
2.0	18	17	0.0	-2.0	1	0-1,1-0
2.0	18	18	1.0	0.0	1	0-1,0-1
2.0	18	19	0.0	-2.0	1	0-1,1-0
2.0	18	20	1.0	0.0	1	1-0,1-0
2.0	18	21	0.0	-2.0	1	0-1,1-0
2.0	18	22	1.0	0.0	1	0-1,0-1
2.0	18	23	0.0	-2.0	1	0-1,1-0
2.0	18	24	1.0	0.0	1	1-0,1-0
2.0	18	25	0.0	-2.0	1	0-1,1-0
2.0	18	26	1.0	0.0	1	0-1,0-1
2.0	18	27	0.0	-2.0	1	0-1,1-0
2.0	18	28	1.0	0.0	1	1-0,1-0
2.0	18	29	0.0	-2.0	1	0-1,1-0
2.0	18	30	1.0	0.0	1	0-1,0-1
2.0	18	31	0.0	-2.0	1	0-1,1-0
2.0	18	32	1.0	0.0	1	1-0,1-0
2.0	18	33	0.0	-2.0	1	0-1,1-0
2.0	18	34	1.0	0.0	1	0-1,0-1
2.0	18	35	0.0	-2.0	1	0-1,1-0
2.0	18	36	1.0	0.0	1	1-0,1-0
2.0	18	37	0.0	-2.0	1	0-1,1-0
2.0	18	38	1.0	0.0	1	0-1,0-1
2.0	18	39	0.0	-2.0	1	0-1,1-0
2.0	18	40	1.0	0.0	1	1-0,1-0
2.0	18	41	0.0	-2.0	1	0-1,1-0
2.0	18	42	1.0	0.0	1	0-1,0-1
2.0	18	43	0.0	-2.0	1	0-1,1-0
2.0	18	44	1.0	0.0	1	1-0,1-0
2.0	18	45	0.0	-2.0	1	0-1,1-0
2.0	18	46	1.0	0.0	1	0-1,0-1
2.0	18	47	0.0	-2.0	1	0-1,1-0
2.0	18	48	1.0	0.0	1	1-0,1-0
2.0	18	49	0.0	-2.0	1	0-1,1-0
2.0	18	50	1.0	0.0	1	0-1,0-1
2.0	18	51	0.0	-2.0	1	0-1,1-0
2.0	18	52	1.0	0.0	1	1-0,1-0
2.0	18	53	0.0	-2.0	1	0-1,1-0
2.0	18	54	1.0	0.0	1	0-1,0-1
2.0	18	55	0.0	-2.0	1	0-1,1-0
2.0	18	56	1.0	0.0	1	1-0,1-0
2.0	18	57	0.0	-2.0	1	0-1,1-0
2.0	18	58	1.0	0.0	1	0-1,0-1
2.0	18	59	0.0	-2.0	1	0-1,1-0
2.0	18	60	1.0	0.0	1	1-0,1-0
2.0	18	61	0.0	-2.0	1	0-1,1-0
2.0	18	62	1.0	0.0	1	0-1,0-1
2.0	18	63	0.0	-2.0	1	0-1,1-0
2.0	19	0	1.0	0.0	1	0-1,0-1
2.0	19	1	1.0	0.0	1	1-0,1-0
2.0	19	2	2.0	2.0	1	1-0,0-1
2.0	19	3	2.0	2.0	1	1-0,0-1
2.0	19	4	1.0	0.0	1	0-1,0-1
2.0	19	5	1.0	0.0	1	1-0,1-0
2.0	19	6	2.0	2.0	1	1-0,0-1
2.0	19	7	2.0	2.0	1	1-0,0-1
2.0	19	8	1.0	0.0	1	0-1,0-1
2.0	19	9	1.0	0.0	1	1-0,1-0
2.0	19	10	2.0	2.0	1	1-0,0-1
2.0	19	11	2.0	2.0	1	1-0,0-1
2.0	19	12	1.0	0.0	1	0-1,0-1
2.0	19	13	1.0	0.0	1	1-0,1-0
2.0	19	14	2.0	2.0	1	1-0,0-1
2.0	19	15	2.0	2.0	1	1-0,0-1
2.0	19	16	1.0	0.0	1	0-1,0-1
2.0	19	17	1.0	0.0	1	1-0,1-0
2.0	19	18	2.0	2.0	1	1-0,0-1
2.0	19	19	2.0	2.0	1	1-0,0-1
2.0	19	20	1.0	0.0	1	0-1,0-1
2.0	19	21	1.0	0.0	1	1-0,1-0
2.0	19	22	2.0	2.0	1	1-0,0-1
2.0	19	23	2.0	2.0	1	1-0,0-1
2.0	19	24	1.0	0.0	1	0-1,0-1
2.0	19	25	1.0	0.0	1	1-0,1-0
2.0	19	26	2.0	2.0	1	1-0,0-1
2.0	19	27	2.0	2.0	1	1-0,0-1
2.0	19	28	1.0	0.0	1	0-1,0-1
2.0	19	29	1.0	0.0	1	1-0,1-0
2.0	19	30	2.0	2.0	1	1-0,0-1
2.0	19	31	2.0	2.0	1	1-0,0-1
2.0	19	32	1.0	0.0	1	0-1,0-1
2.0	19	33	1.0	0.0	1	1-0,1-0
2.0	19	34	2.0	2.0	1	1-0,0-1
2.0	19	35	2.0	2.0	1	1-0,0-1
2.0	19	36	1.0	0.0	1	0-1,0-1
2.0	19	37	1.0	0.0	1	1-0,1-0
2.0	19	38	2.0	2.0	1	1-0,0-1
2.0	19	39	2.0	2.0	1	1-0,0-1
2.0	19	40	1.0	0.0	1	0-1,0-1
2.0	19	41	1.0	0.0	1	1-0,1-0
2.0	19	42	2.0	2.0	1	1-0,0-1
2.0	19	43	2.0	2.0	1	1-0,0-1
2.0	19	44	1.0	0.0	1	0-1,0-1
2.0	19	45	1.0	0.0	1	1-0,1-0
2.0	19	46	2.0	2.0	1	1-0,0-1
2.0	19	47	2.0	2.0	1	1-0,0-1
2.0	19	48	1.0	0.0	1	0-1,0-1
2.0	19	49	1.0	0.0	1	1-0,1-0
2.0	19	50	2.0	2.0	1	1-0,0-1
2.0	19	51	2.0	2.0	1	1-0,0-1
2.0	19	52	1.0	0.0	1	0-1,0-1
2.0	19	53	1.0	0.0	1	1-0,1-0
2.0	19	54	2.0	2.0	1	1-0,0-1
2.0	19	55	2.0	2.0	1	1-0,0-1
2.0	19	56	1.0	0.0	1	0-1,0-1
2.0	19	57	1.0	0.0	1	1-0,1-0
2.0	19	58	2.0	2.0	1	1-0,0-1
2.0	19	59	2.0	2.0	1	1-0,0-1
2.0	19	60	1.0	0.0	1	0-1,0-1
2.0	19	61	1.0	0.0	1	1-0,1-0
2.0	19	62	2.0	2.0	1	1-0,0-1
2.0	19	63	2.0	2.0	1	1-0,0-1
