parameter	PawnValue	KnightValue	BishopValue	RookValue	QueenValue	DoubledPawnValue	PassedPawnMiddleGameBase	PassedPawnMiddleGameIncrement_1	PassedPawnMiddleGameIncrement_2	PassedPawnMiddleGameIncrement_3	PassedPawnMiddleGameIncrement_4	PassedPawnMiddleGameIncrement_5	PassedPawnEndGameBase	PassedPawnEndGameIncrement_1	PassedPawnEndGameIncrement_2	PassedPawnEndGameIncrement_3	PassedPawnEndGameIncrement_4	PassedPawnEndGameIncrement_5	PassedPawnMiddleGameFileAmplitude	PawnPieceSquareMiddleGame_0	PawnPieceSquareMiddleGame_1	PawnPieceSquareMiddleGame_2	PawnPieceSquareMiddleGame_3	PawnPieceSquareMiddleGame_4	KnightPieceSquareMiddleGame_0	KnightPieceSquareMiddleGame_1	KnightPieceSquareMiddleGame_2	KnightPieceSquareMiddleGame_3	KnightPieceSquareMiddleGame_4	KnightPieceSquareMiddleGame_5	KnightPieceSquareMiddleGame_6	KnightPieceSquareMiddleGame_7	KnightPieceSquareMiddleGame_8	KnightPieceSquareMiddleGame_9	BishopPieceSquareMiddleGame_0	BishopPieceSquareMiddleGame_1	BishopPieceSquareMiddleGame_2	BishopPieceSquareMiddleGame_3	BishopPieceSquareMiddleGame_4	BishopPieceSquareMiddleGame_5	BishopPieceSquareMiddleGame_6	BishopPieceSquareMiddleGame_7	BishopPieceSquareMiddleGame_8	BishopPieceSquareMiddleGame_9	BishopPieceSquareMiddleGame_10	RookPieceSquareMiddleGame_0	RookPieceSquareMiddleGame_1	RookPieceSquareMiddleGame_2	RookPieceSquareMiddleGame_3	RookPieceSquareMiddleGame_4	QueenPieceSquareMiddleGame_0	QueenPieceSquareMiddleGame_1	QueenPieceSquareMiddleGame_2	QueenPieceSquareMiddleGame_3	QueenPieceSquareMiddleGame_4	KingPieceSquareMiddleGame_0	KingPieceSquareMiddleGame_1	KingPieceSquareMiddleGame_2	KingPieceSquareMiddleGame_3	KingPieceSquareMiddleGame_4	KingPieceSquareMiddleGame_5	KingPieceSquareMiddleGame_6	PawnPieceSquareEndGame_0	PawnPieceSquareEndGame_1	PawnPieceSquareEndGame_2	PawnPieceSquareEndGame_3	PawnPieceSquareEndGame_4	KnightPieceSquareEndGame_0	KnightPieceSquareEndGame_1	KnightPieceSquareEndGame_2	KnightPieceSquareEndGame_3	KnightPieceSquareEndGame_4	KnightPieceSquareEndGame_5	KnightPieceSquareEndGame_6	KnightPieceSquareEndGame_7	KnightPieceSquareEndGame_8	KnightPieceSquareEndGame_9	BishopPieceSquareEndGame_0	BishopPieceSquareEndGame_1	BishopPieceSquareEndGame_2	BishopPieceSquareEndGame_3	BishopPieceSquareEndGame_4	BishopPieceSquareEndGame_5	BishopPieceSquareEndGame_6	BishopPieceSquareEndGame_7	BishopPieceSquareEndGame_8	BishopPieceSquareEndGame_9	BishopPieceSquareEndGame_10	RookPieceSquareEndGame_0	RookPieceSquareEndGame_1	RookPieceSquareEndGame_2	RookPieceSquareEndGame_3	RookPieceSquareEndGame_4	QueenPieceSquareEndGame_0	QueenPieceSquareEndGame_1	QueenPieceSquareEndGame_2	QueenPieceSquareEndGame_3	QueenPieceSquareEndGame_4	KingPieceSquareEndGame_0	KingPieceSquareEndGame_1	KingPieceSquareEndGame_2	KingPieceSquareEndGame_3	KingPieceSquareEndGame_4	KingPieceSquareEndGame_5	KingPieceSquareEndGame_6	KnightMobilityMiddleGameBase	KnightMobilityMiddleGameIncrement_1	KnightMobilityMiddleGameIncrement_2	KnightMobilityMiddleGameIncrement_3	KnightMobilityEndGameBase	KnightMobilityEndGameIncrement_1	KnightMobilityEndGameIncrement_2	KnightMobilityEndGameIncrement_3	BishopMobilityMiddleGameBase	BishopMobilityMiddleGameIncrement_1	BishopMobilityMiddleGameIncrement_2	BishopMobilityMiddleGameIncrement_3	BishopMobilityMiddleGameIncrement_4	BishopMobilityEndGameBase	BishopMobilityEndGameIncrement_1	BishopMobilityEndGameIncrement_2	BishopMobilityEndGameIncrement_3	BishopMobilityEndGameIncrement_4	RookMobilityMiddleGameBase	RookMobilityMiddleGameIncrement_1	RookMobilityMiddleGameIncrement_2	RookMobilityMiddleGameIncrement_3	RookMobilityMiddleGameIncrement_4	RookMobilityEndGameBase	RookMobilityEndGameIncrement_1	RookMobilityEndGameIncrement_2	RookMobilityEndGameIncrement_3	RookMobilityEndGameIncrement_4	QueenMobilityMiddleGameBase	QueenMobilityMiddleGameIncrement_1	QueenMobilityMiddleGameIncrement_2	QueenMobilityMiddleGameIncrement_3	QueenMobilityEndGameBase	QueenMobilityEndGameIncrement_1	QueenMobilityEndGameIncrement_2	QueenMobilityEndGameIncrement_3	Threat_PawnOnMinor_MG	Threat_PawnOnMajor_MG	Threat_MinorOnPawn_MG	Threat_MinorOnMinor_MG	Threat_MinorOnMajor_MG	Threat_RookOnPawn_MG	Threat_RookOnMinor_MG	Threat_RookOnQueen_MG	Threat_QueenOnPawn_MG	Threat_QueenOnPiece_MG	AttackEndgameMultiplierPercent	BishopPairValue	CandBishopOpenFilePawnScale	CandTempoMiddleGame	CandTempoEndGame	CandOppositeColorBishopMiddleGameScalePermille	CandOppositeColorBishopEndGameScalePermille	CandEndgamePawnAdvancementRankMultiplier	CandPieceAttackScalePercent	CandRookOpenFileMiddleGame	CandRookOpenFileEndGame	CandRookSemiOpenFileMiddleGame	CandRookSemiOpenFileEndGame	KnightOutpostMiddleGame	KnightOutpostEndGame	KnightSupportedOutpostMiddleGame	KnightSupportedOutpostEndGame	IsolatedPawnMiddleGame	IsolatedPawnEndGame	RookBehindPassedPawnMiddleGame	RookBehindPassedPawnEndGame	CandLoneKingPushWeight	CandLoneKingConfinementWeight	CandLoneKingRestrictedNeighbourWeight	CandKingAttackerMinorWeight	CandKingAttackerRookWeight	CandKingAttackerQueenWeight	CandKingDefenderPawnWeight	CandKingDefenderMinorWeight	CandKingDefenderRookWeight	CandKingDefenderQueenWeight	CandKingShelterSecondRankDanger	CandKingShelterAdvancedPawnDanger	CandKingShelterMissingPawnDanger	CandKingUndefendedZoneDanger	CandKingAdditionalZoneAttackerDanger	CandKingSemiOpenLineDanger	CandKingOpenLineDanger	CandKingDiagonalLineDanger	CandKingControlledEscapeDanger	CandKingInfiltratedQueenWeight
PawnValue	1.00000000	-0.11138547	-0.08567201	0.04892862	0.00361174	0.20930923	0.46468854	0.42397415	0.35506983	0.20938495	0.09879096	-0.04910286	0.54018181	0.51020394	0.42521365	0.30068554	0.21066877	0.14577313	0.09712649	0.68624151	0.46774275	0.19290805	0.19290805	0.16097535	-0.05840279	-0.05919421	-0.07008956	0.00425868	0.03433163	-0.01111612	-0.05874278	-0.01512462	-0.01184219	0.03644577	-0.07220098	-0.01395485	-0.00959149	-0.01074926	0.01540198	0.08007226	-0.02661921	-0.00030899	0.00191736	0.01252863	0.06506573	0.07338584	-0.00011466	-0.01977011	0.07139723	-0.01552334	-0.02696022	0.06279142	-0.04813055	-0.04169902	0.04615026	-0.06842195	0.02935490	-0.05912820	0.03832218	-0.08177927	-0.08821491	0.00346316	0.70212373	0.57779106	0.25121928	0.25121928	0.26590277	-0.11836827	-0.05859378	-0.06972246	0.01215818	0.02759343	-0.05750495	-0.04978818	0.01535550	0.03614567	0.05727010	-0.05120072	-0.05803657	-0.03471927	-0.01824247	-0.02252180	0.05066295	-0.07587270	0.04282043	0.07049747	-0.02046504	0.04735544	-0.00493280	0.08315192	0.00148425	-0.04176541	0.08535354	0.02466053	0.01317654	-0.02901480	0.02806682	0.01650895	0.06842195	0.07397023	0.00489980	-0.01501489	0.03532164	-0.01201694	0.00130079	-0.05564563	-0.03865078	-0.01839091	-0.01654328	-0.11918079	-0.11423205	-0.05315366	0.00335643	-0.06743400	-0.06429775	-0.01967912	0.00000000	0.05185355	-0.05609944	-0.04459556	0.01366041	0.01082675	0.03878325	0.01489370	0.01816808	-0.02258281	-0.03978985	0.00000000	0.04452445	0.04229086	0.00020938	-0.01298247	-0.04172375	0.01005450	0.01680345	0.01181344	-0.00765879	-0.00823436	-0.00823436	-0.00823436	0.00000000	0.00000000	0.00000000	0.00000000	0.00000000	0.00000000	0.00000000	0.00000000	0.00000000	0.00000000	0.00000000	0.07841710	-0.06867288	0.04877601	-0.05080736	0.05460100	0.11510205	0.02146286	0.02178022	0.10831063	0.09146834	-0.03454709	-0.17138047	-0.15408586	0.05176410	0.08588589	-0.00338919	0.01422662	-0.03466506	0.00830794	0.09637172	0.15346125	0.01788035	-0.01714286	-0.02623484	-0.01881957	-0.00255461	0.11823499	0.03648701	-0.11296233	-0.00188353	-0.07073342	-0.09150005	0.05696728	0.22127361	0.10035847	0.05914806	0.18446045	0.10411784	0.03672230	0.11903881	0.02543620
KnightValue	-0.11138547	1.00000000	-0.65953658	-0.12175397	-0.05348720	-0.15408168	-0.04231945	-0.01780146	-0.02040174	-0.02669042	-0.02013749	-0.01532124	-0.03810586	-0.04341051	-0.04374331	-0.01025539	0.00022630	0.02428018	0.08438218	-0.09308316	-0.10249977	-0.03702804	-0.03702804	0.08922614	0.82856884	0.59986445	0.66662188	0.06080078	0.11866127	0.28072253	0.21183260	0.13227189	0.10342436	0.11300992	-0.51762793	-0.28402052	-0.37648207	-0.26806593	-0.09318296	-0.08857160	-0.15527084	-0.07743157	-0.06867842	0.00290016	-0.02231112	-0.10273539	-0.00197940	-0.02884859	-0.08247071	0.01763639	-0.00311707	-0.04963711	0.05471528	-0.00694573	0.02319457	-0.02749362	-0.06171168	0.02649731	0.04873430	-0.04300433	0.05136463	0.01379506	-0.06973691	-0.09123380	-0.07984750	-0.07984750	0.05168950	0.67695542	0.62548009	0.65394161	0.09376326	0.09259590	0.31326968	0.26658702	0.22902020	0.07540521	0.10676812	-0.40934577	-0.28145716	-0.31871788	-0.28746900	-0.11826271	-0.09515123	-0.11415678	-0.12692608	-0.04622908	-0.06092464	-0.06834460	-0.05060291	-0.11321341	-0.05531605	0.02552908	-0.08730074	-0.05457584	-0.03138241	-0.01608502	-0.03198989	-0.00820733	0.02749362	-0.02339050	-0.01869558	0.07125600	-0.04577113	0.06992391	0.00677803	0.83076919	0.64759921	0.34235296	0.15552156	0.62429928	0.59101388	0.44920667	0.26239775	-0.61086217	-0.47149674	-0.30391852	0.00000000	-0.03596127	-0.29282583	-0.29434777	-0.23316385	-0.17151533	-0.09661960	-0.12810829	-0.06479637	-0.04281837	-0.05539101	0.00000000	-0.02710490	-0.02680643	-0.05592992	0.02023171	0.00945586	-0.00425141	-0.04487394	-0.02944882	-0.02326289	-0.04969797	-0.04969797	-0.04969797	0.00000000	0.00000000	0.00000000	0.00000000	0.00000000	0.00000000	0.00000000	0.00000000	0.00000000	0.00000000	0.00000000	-0.03523037	-0.57514470	0.58315759	-0.04174493	0.04077502	0.03777281	0.05661328	0.01450311	-0.07172761	0.05548575	-0.03075866	-0.03885103	0.01242252	0.21059284	0.25139827	0.21229930	0.16276008	-0.09898119	-0.01630155	0.02887604	-0.01420359	0.00285579	-0.00124793	-0.00316624	0.07078551	-0.01180800	-0.01044501	0.02950764	0.05207788	-0.05342416	0.02058710	0.04506795	0.05935224	-0.07554592	0.02796437	0.00931952	-0.08674237	-0.10541301	0.02358677	-0.03738333	-0.01763154
BishopValue	-0.08567201	-0.65953658	1.00000000	-0.17452566	-0.10052317	0.11122763	-0.09872001	-0.08354499	-0.06128754	-0.03419993	-0.01253087	0.01985697	-0.02679410	-0.01921699	-0.00794071	-0.01142049	-0.00605480	-0.01632397	-0.07545321	-0.07622816	0.04308040	-0.00668795	-0.00668795	-0.16704786	-0.59414634	-0.40684249	-0.46231593	-0.05580734	-0.06950638	-0.21737993	-0.13755981	-0.07321922	-0.05482746	-0.06537960	0.74164595	0.42312976	0.53609593	0.39047080	0.13764665	0.13592558	0.20345589	0.09319762	0.11331231	0.10354754	0.11230425	-0.11602251	-0.09757913	-0.11938687	0.03480351	-0.06290059	-0.09014657	0.03664051	-0.09048989	-0.03627762	-0.02929088	0.07643385	-0.01310255	-0.00751998	0.02834549	0.11868511	0.01639207	0.00884769	-0.04553950	-0.00501911	0.06122088	0.06122088	-0.13383433	-0.39137445	-0.33665152	-0.38741899	-0.09287529	-0.05273990	-0.17301735	-0.20127896	-0.09075623	0.00367694	-0.07115002	0.67101211	0.53602950	0.60922921	0.52814542	0.18521524	0.06237931	0.27336626	0.18524694	0.19715820	0.10330956	0.07868816	-0.10500510	-0.06658297	-0.12399922	-0.00677681	0.00447323	-0.03750009	-0.06351493	-0.03568609	0.05051017	-0.05890064	-0.07643385	-0.01964652	-0.06661699	0.01509247	0.03333309	-0.02162616	-0.00498490	-0.61195384	-0.45894941	-0.22544000	-0.06601608	-0.32024306	-0.30114778	-0.20436786	-0.09536669	0.84119976	0.63469692	0.39126008	0.00000000	0.06356177	0.57283553	0.56002160	0.46587107	0.36839423	0.21299708	-0.06703895	-0.05058949	-0.01038977	0.03739010	0.00000000	-0.14948853	-0.15196307	-0.11208843	-0.08961204	-0.00527055	-0.08515342	-0.03379107	0.01625708	0.03665564	-0.03836090	-0.03836090	-0.03836090	0.00000000	0.00000000	0.00000000	0.00000000	0.00000000	0.00000000	0.00000000	0.00000000	0.00000000	0.00000000	0.00000000	-0.10404693	0.73169540	-0.66900831	0.00572740	-0.00590380	0.00003121	-0.00002104	0.00985923	0.00408745	-0.17442195	-0.05607931	0.00005008	-0.02591991	-0.16426836	-0.15996940	-0.19174368	-0.12680369	0.15037253	0.05236146	-0.07597665	-0.06131732	0.01503364	-0.00003121	-0.02647034	0.02638422	-0.02949451	0.00410927	0.06423948	0.06469148	0.02134304	0.03240627	-0.00276320	-0.06192349	-0.05391564	-0.02476498	-0.02253725	-0.01383925	0.00251656	0.02100346	-0.04135543	-0.05014632
RookValue	0.04892862	-0.12175397	-0.17452566	1.00000000	-0.25696665	-0.00457899	-0.00076439	0.00314539	-0.01931498	-0.02600870	-0.03233812	-0.09942718	0.04442642	0.04055125	0.03060224	0.01430641	0.02460451	0.00856004	0.02595890	0.01633074	0.02009126	-0.06418123	-0.06418123	0.01745005	-0.09550582	-0.07463468	-0.06025544	-0.01569615	-0.03567989	-0.00709295	-0.04228405	-0.02277389	-0.01529447	-0.02690449	-0.10332174	-0.03919480	-0.07933564	-0.07358458	-0.04584109	0.03713410	-0.02678302	-0.03141281	-0.03706956	-0.00260784	0.01907378	0.60297062	0.24279718	0.17546760	0.18582708	0.07026163	-0.09499656	-0.05555503	-0.02736125	0.02216391	-0.06094673	-0.04998238	-0.02122942	0.00073184	0.01812801	-0.09629491	-0.04040824	-0.01471674	0.04440720	-0.01037961	-0.05508645	-0.05508645	0.03219563	-0.09042430	-0.09998640	-0.10220288	-0.01222637	-0.00000000	-0.00012091	-0.07027798	-0.07383196	-0.01241089	-0.04644460	-0.14673255	-0.11115063	-0.19004259	-0.15713392	-0.05885194	0.05190136	-0.06607543	-0.07258484	-0.12572063	0.03350050	0.02986197	0.69215497	0.44008760	0.45169970	0.18757152	0.16520244	-0.20042178	-0.15301064	-0.05287501	-0.05687691	-0.08568539	0.04998238	0.03234753	-0.03415540	0.02599824	-0.04694572	-0.00622179	-0.05922262	-0.07619976	-0.07179120	-0.03081630	-0.04512504	-0.11296623	-0.10700319	-0.07642536	-0.05042657	-0.10491091	-0.08013576	-0.00883339	0.00000000	0.07333853	-0.16348968	-0.14527907	-0.12456727	-0.10826011	-0.03942827	0.61032931	0.36726978	0.19733261	0.15069860	0.00000000	0.63973045	0.63654885	0.51582896	0.26490043	0.14235449	-0.16781160	-0.10120743	-0.05769144	-0.05036036	-0.14914266	-0.14914266	-0.14914266	0.00000000	0.00000000	0.00000000	0.00000000	0.00000000	0.00000000	0.00000000	0.00000000	0.00000000	0.00000000	0.00000000	-0.05587171	-0.12916503	0.07429391	0.00865149	-0.00738844	0.00037073	0.04259520	-0.01767587	-0.03759386	0.14082504	0.36160368	0.03768344	0.10256089	-0.05089329	-0.06138070	-0.03518138	-0.04507288	-0.05384150	-0.02742173	0.06423214	0.07247486	0.04701917	-0.00037073	-0.02781530	-0.04497088	0.11772190	-0.10145355	0.02310064	-0.05335616	0.02173407	0.00143836	0.00991368	-0.00927175	-0.02636342	0.01738219	0.02933759	0.03374579	0.05581611	-0.09210713	0.04146193	-0.10164954
QueenValue	0.00361174	-0.05348720	-0.10052317	-0.25696665	1.00000000	0.00489752	0.01887157	0.02124321	0.02591230	0.02393148	-0.00135803	0.00286577	0.00314177	0.00234531	-0.00888992	-0.03184358	-0.05984937	-0.00157320	0.04851808	0.01888759	-0.03378113	-0.00545706	-0.00545706	0.04403336	-0.01796892	0.01282451	-0.02097693	-0.00976961	0.02689635	-0.01126754	0.01140622	0.00319854	-0.00244310	0.02908694	-0.10094425	-0.03704133	-0.05965292	-0.03893810	-0.02071152	-0.00328856	-0.02366102	-0.00273562	-0.00771709	-0.00636755	-0.00407730	-0.15204619	-0.07525531	-0.01171930	-0.03922046	-0.06952959	0.44436227	0.17999015	0.10355080	0.00789161	0.03378801	-0.08100219	0.07095326	-0.09595956	-0.02122457	-0.02003618	0.00265977	0.00064004	0.00159225	-0.00783945	-0.02611167	-0.02611167	0.01944140	-0.07125634	0.01862025	-0.06185743	-0.07265327	0.03399778	-0.01997624	0.02338152	-0.06584193	0.00013316	0.07056232	-0.03856401	-0.02907386	-0.04119881	-0.03229123	-0.03709977	-0.00271836	0.01066709	-0.02408834	-0.02649101	0.02940351	-0.00241686	-0.18159064	-0.10775111	-0.13723955	-0.07614842	-0.04048719	0.72230258	0.65087408	0.52178254	0.05485502	0.32545013	0.08100219	0.21416983	-0.06499865	-0.09595634	0.00415747	-0.02348643	-0.00036061	-0.02426538	-0.02169424	-0.03264575	-0.02915645	-0.06152506	-0.03725866	-0.02052035	-0.02522621	-0.11058139	-0.08211972	-0.06775246	0.00000000	-0.06431453	-0.01813819	-0.01870504	-0.01839296	-0.01183890	-0.01939225	-0.15282175	-0.09113032	-0.03796605	-0.07048177	0.00000000	-0.16770449	-0.16674061	-0.12476024	-0.10899410	-0.03441989	0.48189774	0.30950003	0.16158281	0.18958359	0.68694054	0.68694054	0.68694054	0.00000000	0.00000000	0.00000000	0.00000000	0.00000000	0.00000000	0.00000000	0.00000000	0.00000000	0.00000000	0.00000000	0.20523632	-0.03097322	0.04390709	0.06087012	-0.06362173	0.00090521	-0.00061025	-0.05535026	-0.08594946	-0.00390108	-0.13913286	0.00145272	-0.02799877	0.01143262	0.01644468	0.01670323	0.03184358	-0.04419783	-0.00626966	-0.04951552	-0.06045603	0.25635193	-0.24229567	-0.32553543	0.08727476	0.05414756	0.34262583	-0.12075986	-0.04851808	-0.04392737	0.00351203	0.09120418	0.07370826	0.25391034	0.28848307	0.04063343	0.08555949	0.20425856	0.06291677	0.23521510	0.26078065
DoubledPawnValue	0.20930923	-0.15408168	0.11122763	-0.00457899	0.00489752	1.00000000	0.01230499	0.03104742	0.03054902	0.03954939	0.04284243	0.02955140	0.05000895	0.05501067	0.05883902	0.04432032	0.04486487	-0.01622260	0.00147954	0.19238178	0.19501047	-0.05557202	-0.05557202	-0.05660052	-0.13325985	-0.12903089	-0.11305321	0.00014663	-0.14205172	-0.01532594	-0.04991052	-0.04047223	0.02495691	-0.12171706	0.10538952	0.01746982	0.06080815	0.03554105	0.03322807	0.03597606	0.00134481	-0.00651197	-0.00640105	0.01541931	0.03159020	-0.02040455	-0.04661299	-0.02507535	0.00922917	-0.03066414	0.03735448	0.04771398	0.01328690	-0.02328536	0.06288614	-0.02308379	-0.04436838	-0.03070210	0.08778801	0.00455617	-0.00968481	0.04369630	0.11390257	0.10866389	-0.01359016	-0.01359016	0.01267655	-0.09786411	-0.07215850	-0.09029530	0.00689157	0.00000000	-0.02870980	-0.06580515	-0.03138883	0.04382149	-0.01533645	0.04993951	0.03806449	0.04220414	0.04570901	-0.05257236	0.01573348	0.06091207	-0.00474211	0.01828769	-0.00981484	0.01540338	0.00335409	0.03628164	-0.00268668	0.06695188	0.04143933	-0.02361942	0.00009584	0.00003785	0.00039791	0.00000000	0.02308379	0.03387052	-0.00972430	0.00071189	0.03441644	-0.03550565	0.01021511	-0.12567555	-0.08774801	-0.02770314	-0.02825667	-0.09905249	-0.08288701	-0.06109820	-0.00617620	0.11546313	0.06048391	-0.00076121	0.00000000	0.00249947	0.03051980	0.03455650	0.07222332	0.05896479	-0.00861116	0.01062207	0.02421371	0.00816590	0.02410600	0.00000000	-0.01601248	-0.01359017	0.01509444	0.05752834	0.01434133	-0.02034278	0.01886237	0.04455252	0.00967369	0.02223308	0.02223308	0.02223308	0.00000000	0.00000000	0.00000000	0.00000000	0.00000000	0.00000000	0.00000000	0.00000000	0.00000000	0.00000000	0.00000000	-0.02689122	0.11627321	-0.13077775	-0.01097452	0.01031874	0.03556711	0.01139199	0.12502094	-0.01751764	-0.05982300	0.03637024	0.17061884	0.04528330	-0.05743142	-0.04711513	-0.04356462	-0.02368407	0.40562197	0.28179828	-0.01100146	0.00955837	0.00135070	-0.00059023	-0.00149753	-0.06788662	-0.06161556	-0.00120958	-0.04280110	-0.06556131	0.03130843	-0.08817841	-0.00717936	0.01252494	0.00216498	0.00189566	0.00134025	0.00927797	0.01193951	0.07071149	0.03376807	0.03301037
PassedPawnMiddleGameBase	0.46468854	-0.04231945	-0.09872001	-0.00076439	0.01887157	0.01230499	1.00000000	0.88240062	0.79680198	0.55137173	0.34730570	0.08324647	0.11253082	0.09374999	0.07827745	0.05934201	0.02568013	-0.00089606	0.24989995	0.41028210	0.26370984	0.11099814	0.11099814	0.12383962	-0.04770748	-0.01744911	-0.04861497	-0.04043214	0.03123024	-0.03054474	0.01588966	0.02400060	-0.06517050	0.00158991	-0.12131571	-0.01860711	-0.05320885	-0.03886231	-0.03035271	0.03558889	0.02910435	0.01021319	0.00457491	-0.03385044	0.02123775	0.06981284	-0.01614942	0.06219217	0.07912491	0.02287728	-0.00128784	0.05832557	-0.02569265	-0.07148227	-0.00216807	-0.08412235	0.01981296	-0.06422574	0.01206299	-0.11201125	-0.04898346	-0.05431885	0.19840548	0.14936474	0.09823407	0.09823407	0.10564966	-0.01189897	-0.00471174	-0.01576248	0.00661257	0.00726168	-0.01418056	-0.00898464	0.01291248	-0.02520613	0.01883949	-0.01341017	-0.03459480	-0.05508282	-0.04442353	-0.01581859	0.05006255	-0.04341412	0.04733844	0.02191365	-0.03429057	0.00279491	-0.06429787	-0.01190855	0.01360574	-0.01375078	0.01633341	0.02109886	0.02082289	0.01598035	0.01193387	-0.02317125	0.08412235	0.03728716	-0.03014481	0.04985269	0.00652242	0.02713514	-0.01732167	-0.06046892	-0.03767261	-0.00303951	0.01771744	0.00917346	-0.00266792	-0.00458283	-0.00090854	-0.09958898	-0.05797977	-0.04981843	0.00000000	0.01673926	-0.03146908	-0.03395971	-0.02426990	-0.02193917	-0.00047564	0.01747649	0.05241183	0.03088978	-0.04205762	0.00000000	-0.01796476	-0.01112955	-0.04901974	-0.02289460	0.00690449	0.02076274	0.01293286	-0.02047841	-0.03633941	-0.00444708	-0.00444708	-0.00444708	0.00000000	0.00000000	0.00000000	0.00000000	0.00000000	0.00000000	0.00000000	0.00000000	0.00000000	0.00000000	0.00000000	0.00338085	-0.05907476	0.05383557	-0.01137122	0.01083846	0.06926123	0.04599755	-0.02044696	0.06171084	0.10443301	-0.04863574	-0.17092872	-0.02685017	0.04805588	0.03897013	-0.01427075	-0.02346224	0.13596132	0.02230102	0.27683630	0.17213276	0.00117989	-0.00051559	-0.00130815	-0.01910045	-0.01906695	0.08798905	0.00185421	-0.14247187	0.04446981	-0.07579237	-0.03217059	0.07035690	0.17771004	0.10205975	0.01696403	0.20791912	0.03807578	-0.02494430	0.13629093	-0.01431177
PassedPawnMiddleGameIncrement_1	0.42397415	-0.01780146	-0.08354499	0.00314539	0.02124321	0.03104742	0.88240062	1.00000000	0.90966713	0.64896162	0.38260204	0.09559017	0.10486950	0.10839079	0.09085995	0.07120448	0.03153850	-0.00119651	0.41707384	0.34943532	0.30288487	0.04214039	0.04214039	0.04135077	-0.02617569	0.01284450	-0.02714530	-0.04136511	0.05861115	-0.01524306	0.01106410	0.03930059	-0.06821946	0.01333140	-0.11550955	-0.03362388	-0.03803235	-0.03191862	-0.02778711	0.01179109	0.02841950	0.03101039	-0.03495910	0.00144658	0.02386442	0.05417840	-0.03758891	0.03229171	0.06324822	0.03696555	0.04741306	0.02775743	-0.00248749	-0.02784646	-0.04425239	-0.05603309	-0.00197641	-0.03448434	0.02694072	-0.05424768	-0.02366482	-0.05514634	0.19530808	0.15867943	0.06966421	0.06966421	0.05140093	0.00338329	0.02173404	0.00204436	-0.01660152	0.03324507	0.00298302	-0.00105750	0.01219308	-0.01726044	0.03450004	0.00290079	-0.04054238	-0.04616286	-0.02805969	0.00015962	0.01762274	-0.04229266	0.05019317	-0.00289396	-0.03559933	0.00293629	-0.04537447	-0.01637321	0.00946807	0.00572789	0.01891966	-0.01397071	0.00003920	0.01399305	0.01372508	-0.03315049	0.05603309	0.02481940	-0.02144890	0.05124573	0.01267175	0.02251222	-0.01594645	-0.03625198	-0.01879934	0.02072143	0.05485538	0.01902076	0.00778762	0.00445234	0.02189475	-0.08709603	-0.06031919	-0.05367147	0.00000000	0.01957522	-0.02236356	-0.03200910	-0.02056697	-0.02168610	-0.00063512	0.02509550	0.03259868	0.04285692	0.03687406	0.00000000	-0.02057416	-0.01528584	-0.05368319	-0.02608602	0.00784039	0.02858352	0.01782233	-0.02580435	-0.02175285	-0.00953270	-0.00953270	-0.00953270	0.00000000	0.00000000	0.00000000	0.00000000	0.00000000	0.00000000	0.00000000	0.00000000	0.00000000	0.00000000	0.00000000	0.01487081	-0.06765078	0.05765201	-0.01150743	0.01071344	0.07937051	0.05257967	-0.01032673	0.02351570	0.08858607	-0.05162931	-0.14955982	-0.03074807	0.04481752	0.03238482	-0.01225007	-0.02656777	0.11642820	0.02039448	0.27489447	0.16213427	0.00157550	-0.00068847	-0.00174677	-0.03270288	0.01170571	0.05671754	0.00247592	-0.13724388	0.05073533	-0.13724388	-0.02789096	0.08770198	0.14596150	0.07006520	0.00496894	0.17090218	-0.00063173	0.00425741	0.10520373	-0.02747387
PassedPawnMiddleGameIncrement_2	0.35506983	-0.02040174	-0.06128754	-0.01931498	0.02591230	0.03054902	0.79680198	0.90966713	1.00000000	0.74996629	0.44587625	0.12449221	0.07989689	0.09264366	0.10623335	0.08627202	0.04755841	0.00436222	0.46058588	0.30039350	0.28807100	0.01462886	0.01462886	0.04461920	-0.02337326	0.02323217	-0.01219042	-0.03595777	0.08697231	-0.02591847	-0.00292143	0.05267446	-0.04967836	0.06180814	-0.10704641	-0.00432079	-0.03717525	-0.02656874	-0.05797175	0.00709229	0.04841330	0.03789700	-0.03362585	0.00873893	0.01622125	0.03236222	-0.01594314	0.01630512	0.03576970	0.06800841	0.04264793	0.03356845	0.00804197	-0.03023416	-0.05850661	-0.07173933	0.01976270	-0.02994095	0.00927910	-0.04399612	-0.00646461	-0.05501687	0.14065091	0.14773995	0.02775057	0.02775057	0.03664651	-0.00522191	0.02524835	0.00035716	-0.02007637	0.05656226	-0.01100542	-0.01003002	0.03070942	-0.01965148	0.04891452	0.02675899	-0.02735319	-0.02725326	-0.01433446	-0.02579876	0.01032929	-0.01946780	0.05863340	-0.00727215	-0.03357169	-0.00616004	-0.05334167	-0.01714386	-0.00305619	-0.01806366	0.02030892	-0.00531794	0.01256014	0.01280975	0.00018802	-0.03760089	0.07173933	0.02433413	-0.00316195	0.04742870	0.02285375	0.02245937	-0.00455514	-0.03631305	-0.02494219	0.00558724	0.06659368	0.01446167	0.00208680	0.00259421	0.03227121	-0.05273757	-0.02142121	-0.03204904	0.00000000	0.00118102	-0.03331516	-0.03889958	-0.03193002	-0.02542967	-0.00540289	0.00246932	0.02185260	0.05323039	0.02504619	0.00000000	-0.02617518	-0.02022760	-0.04034540	-0.03400430	0.00920972	0.02243731	0.01421070	-0.02453022	-0.07166451	-0.00036694	-0.00036694	-0.00036694	0.00000000	0.00000000	0.00000000	0.00000000	0.00000000	0.00000000	0.00000000	0.00000000	0.00000000	0.00000000	0.00000000	0.02158457	-0.05530961	0.03975916	-0.00927838	0.00906048	0.06721262	0.04493562	-0.00746421	0.00628537	0.07187345	-0.05293332	-0.09883207	-0.02706891	0.04449404	0.01838927	-0.00463154	-0.04779389	0.13213347	0.01809436	0.25100705	0.14713215	0.00063822	-0.00027889	-0.00070760	-0.01201260	0.00847420	0.07121292	0.02392794	-0.12876207	0.03336959	-0.15761631	0.00531423	0.08551748	0.11191763	0.04316433	-0.00887521	0.15048911	-0.01617894	0.03621724	0.07584075	-0.00096556
PassedPawnMiddleGameIncrement_3	0.20938495	-0.02669042	-0.03419993	-0.02600870	0.02393148	0.03954939	0.55137173	0.64896162	0.74996629	1.00000000	0.54767374	0.19318178	0.06476531	0.08312408	0.10247835	0.12663206	0.08726419	0.02618180	0.43236298	0.14204153	0.21606652	-0.02438473	-0.02438473	0.01201553	-0.01325085	0.01889273	-0.00342075	-0.04154529	0.08367976	0.01448371	-0.04289993	0.01998811	0.03039161	0.06065498	-0.04864748	-0.00862580	-0.03419999	-0.02026060	-0.03606716	-0.01160930	0.02370540	0.02824782	-0.05265911	-0.00593596	-0.00664556	0.01323784	-0.00818610	-0.01466105	0.03041873	0.07625755	-0.00038009	0.01763792	0.01345800	-0.01545506	-0.10017707	-0.06708410	0.02301475	-0.05515657	0.01338563	0.01366744	0.01038314	-0.08596807	0.12039059	0.14390492	0.04443816	0.04443816	0.02407427	-0.03001635	0.01675616	-0.00640103	-0.04683899	0.03857762	-0.00997507	-0.02521950	0.00604287	0.01345343	0.02668926	0.00267014	-0.05279262	-0.02935519	-0.01972333	-0.02113253	-0.01568934	-0.01437815	0.02245177	-0.02872182	-0.04480123	-0.02995445	-0.04429694	0.00013504	-0.01542671	-0.04961172	0.00571498	0.02578863	0.01322121	0.01194860	-0.04093214	0.00000000	0.06708410	0.00305091	0.00801736	0.05524428	0.01909078	0.03070219	-0.00006062	-0.02925414	-0.01574400	-0.00275823	0.01059228	-0.00666659	-0.02061419	-0.02274204	-0.00026814	-0.02090429	0.02323723	0.02705057	0.00000000	-0.02513162	-0.03151281	-0.03537467	-0.03281051	-0.02497537	-0.00014038	-0.02070000	0.01920066	0.06640793	0.01468202	0.00000000	-0.01190495	-0.00394171	0.00374701	-0.03624884	0.00630539	-0.00051841	0.02007770	-0.01510039	-0.05126400	0.01314731	0.01314731	0.01314731	0.00000000	0.00000000	0.00000000	0.00000000	0.00000000	0.00000000	0.00000000	0.00000000	0.00000000	0.00000000	0.00000000	-0.00045885	-0.02902013	0.01574311	0.00517634	-0.00552529	0.03058642	0.02041478	0.01643322	-0.01616760	0.03606855	-0.04579494	-0.07967876	-0.04215004	-0.01062453	-0.01261296	-0.02527110	-0.06585751	0.12421553	0.02690832	0.19436985	0.13781277	0.00034823	-0.00015217	-0.00038609	-0.01284357	0.01715869	0.02944731	0.01618296	-0.09780810	0.02783787	-0.09780810	0.02404966	0.06521325	0.11104183	0.02455398	-0.01688065	0.14183904	-0.02806564	0.05075925	0.04339526	-0.00607252
PassedPawnMiddleGameIncrement_4	0.09879096	-0.02013749	-0.01253087	-0.03233812	-0.00135803	0.04284243	0.34730570	0.38260204	0.44587625	0.54767374	1.00000000	0.31790055	0.03922064	0.05578526	0.06973939	0.10787715	0.14315347	0.04281386	0.14948617	0.06871238	0.13060730	0.00976019	0.00976019	0.05340278	-0.03062280	0.03282287	-0.01233759	-0.05582466	0.13683758	0.00937444	-0.04994816	0.00224774	0.04961276	0.09923705	-0.02917040	0.02166036	-0.04740101	-0.03833095	-0.05043822	-0.00136289	-0.00238153	0.04124047	-0.02408465	-0.00263894	0.00810603	-0.01458343	-0.09816716	0.01225344	0.08992348	0.08308933	-0.04258372	0.01283673	0.02209881	-0.02954204	-0.13011625	-0.02506599	0.03293241	0.00074057	-0.00119689	-0.02750299	-0.01522809	-0.14120473	0.03192962	0.07397448	0.01865834	0.01865834	0.04563883	-0.00049007	0.01587957	-0.01578066	-0.01458941	0.06340440	-0.00827885	-0.02740125	-0.00711182	0.02212983	0.04386524	0.01358571	-0.01392386	-0.00272259	-0.01648763	-0.05789709	-0.00112658	-0.02387241	0.04751095	-0.03491079	-0.00163226	-0.00100163	-0.02707168	-0.00626543	-0.01345159	0.01381680	0.00085991	0.03142706	0.01390507	-0.01129641	-0.03346848	-0.01685974	0.02506599	0.05514376	-0.02693771	0.00045248	0.00172300	-0.00732727	-0.00014945	-0.03720973	0.01206090	0.00971814	-0.00033055	0.01619066	0.00504158	0.01837870	-0.00066107	-0.00778081	0.05076455	0.05688507	0.00000000	0.00158866	-0.01136216	-0.00581402	-0.00561539	0.00062194	-0.00034608	0.01271614	0.03123531	0.01019396	-0.01807715	0.00000000	-0.05213916	-0.05182735	-0.00679991	0.00044907	-0.00023672	-0.00127806	0.01573983	0.00272625	-0.11986480	-0.02243096	-0.02243096	-0.02243096	0.00000000	0.00000000	0.00000000	0.00000000	0.00000000	0.00000000	0.00000000	0.00000000	0.00000000	0.00000000	0.00000000	0.02041586	0.01889757	-0.01152781	-0.00593661	0.00549646	0.05039547	0.06718988	0.02699067	0.06609174	-0.03179597	-0.00598710	-0.08332092	-0.04333527	0.00754999	0.01026165	0.00000000	-0.01707147	0.12943175	0.05042955	0.18240572	0.06833605	0.00085851	-0.00037515	-0.00095183	0.00386812	-0.08292476	-0.00992201	0.02704728	-0.06323378	0.00927426	-0.03088914	0.02845378	0.11312896	0.11655877	0.01798166	-0.02812648	0.10426644	-0.01564354	0.08268258	0.07479844	-0.02864270
PassedPawnMiddleGameIncrement_5	-0.04910286	-0.01532124	0.01985697	-0.09942718	0.00286577	0.02955140	0.08324647	0.09559017	0.12449221	0.19318178	0.31790055	1.00000000	-0.04040270	-0.02088089	-0.01020950	0.05978576	0.07765780	0.13896036	0.03719881	-0.04705873	0.06226107	-0.07291930	-0.07291930	-0.04941876	-0.00873843	-0.06097126	0.04251312	0.03913654	0.00439734	-0.00311181	-0.01478275	0.00985136	0.00213662	0.00286577	0.01256069	-0.01309836	-0.01452524	-0.02896775	0.00814138	0.00287602	0.00683333	0.02427166	-0.09792953	0.00556877	0.00356582	-0.11485794	-0.11308485	-0.10477662	-0.03221734	0.00177109	0.00197739	-0.03002808	0.00650405	-0.00088058	-0.07064738	0.02597644	-0.01925765	-0.00156276	0.00252572	-0.00273476	-0.00232611	-0.00055975	-0.02371143	0.06455756	0.01765194	0.01765194	-0.04808191	-0.01620178	-0.05735980	0.00210567	0.09629135	0.00000000	-0.01265090	-0.05958408	0.02081323	-0.00011646	0.00000000	0.01566450	0.01949278	-0.03968262	-0.04481773	-0.11030736	0.00237735	0.03816387	0.01555174	-0.07783627	0.00344445	0.00211368	-0.01913494	0.01828480	-0.02089073	-0.04351952	-0.00181461	0.00152651	0.00220861	0.01846306	-0.00053370	0.00000000	-0.02597644	-0.01587214	0.00052797	-0.00095483	-0.00363593	0.00022851	0.00031537	-0.03198555	-0.01804728	0.00273046	-0.02720398	0.01747029	0.01883174	0.03976516	-0.04510502	0.00036131	0.00299385	-0.02694579	0.00000000	-0.00335244	0.03614776	0.01840338	0.01820355	0.02493651	0.00073032	-0.08347572	-0.05620627	0.00440600	-0.02352250	0.00000000	-0.04111794	-0.04101289	0.04142372	0.02612797	0.00049954	0.04418919	0.02911850	0.01904450	-0.02214450	-0.03367810	-0.03367810	-0.03367810	0.00000000	0.00000000	0.00000000	0.00000000	0.00000000	0.00000000	0.00000000	0.00000000	0.00000000	0.00000000	0.00000000	0.04785647	0.03043605	-0.01361244	0.03225617	-0.03177063	-0.00079166	0.00053370	-0.00317736	0.03045153	-0.07846920	0.00135366	0.02182912	0.00013697	-0.02483291	-0.03256350	0.00000000	-0.05978576	0.09470449	0.02114932	-0.04769326	-0.05182508	-0.00181165	0.00079166	0.00200858	-0.08655104	0.00023975	-0.02326349	-0.00284702	-0.00307146	0.00130472	-0.00307146	0.03460667	0.14331741	0.05885791	0.03736615	0.00241968	0.00261360	0.00072641	0.00470355	0.01874544	-0.02611010
PassedPawnEndGameBase	0.54018181	-0.03810586	-0.02679410	0.04442642	0.00314177	0.05000895	0.11253082	0.10486950	0.07989689	0.06476531	0.03922064	-0.04040270	1.00000000	0.94470237	0.82950750	0.61156111	0.48166401	0.29542703	0.06393490	0.20800413	0.16285355	0.09408759	0.09408759	0.05038745	-0.01313577	0.00596445	-0.02195412	-0.00483246	0.03903429	-0.00942522	-0.00825009	-0.00899626	0.01638675	0.01928788	-0.03438115	-0.01280326	0.00254515	-0.00021636	0.00582536	-0.00224829	-0.00201896	0.01268102	0.00426907	-0.00007487	-0.00016706	0.01157004	0.00288731	0.00824776	0.00321704	-0.00512648	-0.02011397	0.00558693	0.00043920	-0.00160145	-0.03386180	-0.04248746	0.01753105	-0.01096963	-0.02179515	-0.02290016	-0.01565577	0.00516816	0.56047528	0.51947788	0.13636677	0.13636677	0.17840383	-0.05033437	-0.02847836	-0.01087338	-0.03583115	0.06784526	-0.03729492	0.00068836	-0.00412695	0.03355377	0.04693757	-0.00194205	-0.04946450	0.01865685	0.02712398	0.00634801	-0.00185847	-0.05383038	0.04691667	0.03683979	-0.01655446	0.00159550	0.04615861	0.13558123	0.04213984	-0.04882354	0.07219857	0.01887466	-0.01305910	0.01179973	-0.01762441	0.00000000	0.04248746	0.03451449	0.00137206	-0.00732304	0.06268104	-0.00790323	-0.00291180	-0.00171607	-0.00325574	-0.01195396	-0.01940941	-0.06420560	-0.06067348	-0.00868164	0.00283929	-0.01249631	-0.01019265	-0.00756495	0.00000000	0.05928507	-0.03057236	-0.00933185	0.01516874	-0.01893919	0.04263345	0.00601804	0.00825116	-0.00344433	-0.02237543	0.00000000	0.04694901	0.05545735	0.07487259	0.03735227	-0.02853541	0.00841144	0.00489351	0.00177295	-0.01814229	-0.00374848	-0.00374848	-0.00374848	0.00000000	0.00000000	0.00000000	0.00000000	0.00000000	0.00000000	0.00000000	0.00000000	0.00000000	0.00000000	0.00000000	0.07114532	-0.01551605	0.00650523	0.04731173	-0.05827092	0.05414262	0.07174928	-0.02207301	0.04251696	-0.00151373	0.00037180	-0.02731365	-0.18994130	0.00079547	0.03859381	0.01666631	0.00179757	0.01323037	0.22986894	0.00776614	0.10960737	0.02766296	-0.02738075	-0.04117843	0.00738914	0.01399578	0.01275184	0.04347267	-0.02355648	0.00515488	-0.05816655	-0.01580453	0.00904155	0.06877793	0.07874531	0.06787642	0.08999046	0.10175006	-0.02071295	0.07082970	0.02955467
PassedPawnEndGameIncrement_1	0.51020394	-0.04341051	-0.01921699	0.04055125	0.00234531	0.05501067	0.09374999	0.10839079	0.09264366	0.08312408	0.05578526	-0.02088089	0.94470237	1.00000000	0.90986487	0.70078788	0.52228485	0.31049293	0.06514892	0.20281231	0.16728165	0.09995334	0.09995334	0.02944042	-0.00433776	0.00928953	-0.01635490	-0.00543798	0.04270451	-0.00700485	-0.00370052	-0.00737497	0.01264143	0.02080023	-0.03636742	-0.01786545	0.00767385	0.00271212	0.00869255	-0.00381995	-0.00344446	0.01014634	-0.00044904	-0.01228670	-0.00174096	-0.00237391	-0.01156004	0.00317826	0.00398523	0.00192467	-0.01960504	0.00325308	-0.00448105	-0.00144768	-0.04372383	-0.05335390	0.02274735	-0.01418135	-0.02775231	-0.03379163	-0.02686977	0.04399968	0.52396120	0.56294179	0.09936836	0.09936836	0.09763708	-0.07130093	-0.04159900	-0.01711021	-0.04010059	0.07754675	-0.03775221	-0.00875395	-0.00282857	0.02940293	0.05364938	0.01166974	-0.06071192	0.03896134	0.04606949	0.00733552	-0.00315762	-0.03741806	0.04446816	0.02837820	-0.04260047	0.00090486	0.05404486	0.12464423	0.07716324	-0.05353662	0.08600806	0.01763328	-0.00979098	0.00624021	-0.01991261	-0.00515508	0.05335390	0.04720579	0.01561883	-0.03793106	0.06213344	-0.03120563	0.02395220	0.00541884	0.00305079	-0.00474898	-0.00092647	-0.08347468	-0.07838937	-0.01772400	0.01162241	-0.00629671	-0.00597092	-0.00542683	0.00000000	0.04331295	-0.02596775	-0.00533313	0.01955190	-0.00586350	0.04841233	-0.00402662	0.00151206	-0.00960741	-0.02683875	0.00000000	0.05162675	0.06338744	0.08130295	0.06141329	0.03150597	0.00443387	0.00196764	-0.00122163	-0.02838278	-0.00138345	-0.00138345	-0.00138345	0.00000000	0.00000000	0.00000000	0.00000000	0.00000000	0.00000000	0.00000000	0.00000000	0.00000000	0.00000000	0.00000000	0.07149667	-0.01204392	-0.00533773	0.09579790	-0.10248073	0.03164016	0.03022335	-0.01192110	0.04702222	-0.01112264	0.02271945	-0.01727900	-0.16423956	0.00267606	0.02191202	0.01587459	-0.00805184	0.01354806	0.21560497	0.01332079	0.09694373	0.03240610	-0.03164016	-0.04793981	0.00310496	0.00879078	0.00736523	0.05092658	-0.00581025	0.00935788	-0.06514892	-0.01767877	0.01504704	0.06775061	0.06536885	0.06003173	0.07507338	0.07856037	-0.02571935	0.06521793	0.02980251
PassedPawnEndGameIncrement_2	0.42521365	-0.04374331	-0.00794071	0.03060224	-0.00888992	0.05883902	0.07827745	0.09085995	0.10623335	0.10247835	0.06973939	-0.01020950	0.82950750	0.90986487	1.00000000	0.78186141	0.59460409	0.32342826	0.07524081	0.15979313	0.15784017	0.06662246	0.06662246	0.02077827	-0.00504850	0.01044110	-0.01935149	-0.00568612	0.04599956	-0.00770734	-0.01185750	-0.00445893	0.02462516	0.02274682	-0.02981873	-0.01528739	0.00934645	0.00650949	0.00545845	0.00314325	-0.00341621	0.00126318	-0.00110847	-0.00749456	-0.00318857	0.00446649	-0.01466048	0.00005996	0.00689503	0.01161389	-0.01486590	0.00187945	-0.00201467	-0.00190461	-0.04340165	-0.08206769	0.00224612	-0.00815764	-0.02556054	-0.03604746	-0.06468592	0.05055374	0.44551979	0.53818823	0.04602436	0.04602436	0.07078626	-0.07113693	-0.02276059	-0.02125431	-0.04217340	0.10634895	-0.05153461	-0.04149854	0.01080682	0.07647036	0.06897720	0.02123111	-0.05221486	0.05937949	0.06527023	0.01839987	-0.02574626	-0.02684598	0.00253143	0.03196887	-0.01285795	-0.01334494	0.03364243	0.12966504	0.02873010	-0.04456636	0.11534562	0.00200538	-0.00824460	-0.00209075	-0.02073325	0.00530232	0.08206769	0.03533692	0.06877109	-0.05369530	0.04698164	-0.03880013	0.06238595	0.00298276	-0.00041379	-0.00705925	0.00214844	-0.08231686	-0.07657227	-0.02580282	0.00799269	0.00087351	0.00142574	-0.00057039	0.00000000	0.02964455	-0.01599847	0.00548545	0.00455472	-0.03273026	-0.00428111	-0.00343992	0.00107059	-0.00393985	-0.02623328	0.00000000	0.04086334	0.05297335	0.07795603	0.04657946	0.08558292	-0.01065665	-0.00745834	-0.00520351	-0.03212819	-0.00093139	-0.00093139	-0.00093139	0.00000000	0.00000000	0.00000000	0.00000000	0.00000000	0.00000000	0.00000000	0.00000000	0.00000000	0.00000000	0.00000000	0.07240658	0.00272459	-0.00908737	0.06377340	-0.06628858	0.03217028	0.06315421	0.00316835	0.05274034	-0.00847432	0.03577548	-0.01378196	-0.13076268	-0.00963041	0.01286021	-0.00326560	-0.04363665	0.01790654	0.20722920	0.02350157	0.09039885	0.03247672	-0.03217028	-0.04836118	0.00272762	-0.02339969	0.00515150	0.05103756	-0.00742575	0.00816681	-0.06845931	-0.02565558	0.01668675	0.05515179	0.05119862	0.04874660	0.06690998	0.06029697	-0.03091026	0.05322500	0.03481378
PassedPawnEndGameIncrement_3	0.30068554	-0.01025539	-0.01142049	0.01430641	-0.03184358	0.04432032	0.05934201	0.07120448	0.08627202	0.12663206	0.10787715	0.05978576	0.61156111	0.70078788	0.78186141	1.00000000	0.77364165	0.47999428	0.06763220	0.09100337	0.13932752	0.02435184	0.02435184	-0.00195176	-0.00237551	0.01456989	-0.01065834	-0.00658597	0.03198768	-0.00861607	-0.00545824	-0.00200854	0.02254356	0.01197786	-0.02225152	-0.02538136	-0.00086182	-0.00473020	-0.00011763	-0.00923544	0.00057221	-0.00754076	-0.00824559	-0.01381817	-0.01393975	0.00253165	-0.01101804	0.00242776	0.00426399	0.00345300	-0.03205124	0.00024273	-0.00231088	-0.00229945	-0.04547417	-0.08557618	0.00806607	-0.02889673	-0.02300748	-0.03146818	-0.06307639	0.02619167	0.33525620	0.53569117	-0.01084445	-0.01084445	0.01645988	-0.01478577	0.00681082	0.00969536	-0.00383131	0.09974019	-0.05945610	-0.02443870	0.01086620	0.07757069	0.05573361	0.00766049	-0.07300697	0.00514862	0.00020289	0.00437825	-0.08397537	0.04341815	-0.07308778	-0.00460451	-0.05206843	-0.06364295	0.01517063	0.11910413	0.00578218	-0.07867072	0.14574050	-0.00918135	-0.00654947	-0.00584376	-0.02399331	0.02448158	0.08557618	0.03490092	0.05764396	-0.02650018	-0.04494682	0.08102970	0.03226220	0.00399919	-0.00000000	-0.00383768	-0.00703976	-0.02392457	-0.02133358	0.00855793	-0.01727847	-0.00447513	-0.00274681	-0.00137610	0.00000000	0.01845481	-0.01432121	-0.00422119	-0.00577117	-0.04094098	-0.00067005	-0.00380014	-0.00020039	0.00636086	-0.00569847	0.00000000	0.02117892	0.03057321	0.04350138	0.03813151	0.11030252	-0.02150860	-0.01446078	-0.00894125	-0.01596349	-0.01688298	-0.01688298	-0.01688298	0.00000000	0.00000000	0.00000000	0.00000000	0.00000000	0.00000000	0.00000000	0.00000000	0.00000000	0.00000000	0.00000000	0.01606115	-0.00373248	-0.00317450	0.07222129	-0.07668953	0.03704293	0.08520075	0.03652272	0.04898505	-0.00626035	0.03562872	-0.02002781	-0.15406348	-0.02008889	-0.01891672	-0.02261664	-0.07700422	0.01977887	0.16539695	0.01613288	0.09204585	0.00166215	-0.00072633	-0.01719983	-0.00208724	-0.02991533	-0.00876534	0.04925656	-0.00892369	0.01077353	-0.07937391	-0.02157438	0.01840229	0.04573431	0.03846844	0.04022142	0.05588506	0.04746757	-0.03513986	0.04756319	0.04711696
PassedPawnEndGameIncrement_4	0.21066877	0.00022630	-0.00605480	0.02460451	-0.05984937	0.04486487	0.02568013	0.03153850	0.04755841	0.08726419	0.14315347	0.07765780	0.48166401	0.52228485	0.59460409	0.77364165	1.00000000	0.57234210	0.07029856	0.06727067	0.12442895	0.00755672	0.00755672	-0.00052068	0.01086195	0.01707082	-0.00951246	-0.00284575	0.02555651	-0.00671882	-0.00849506	-0.00074633	0.04710370	0.00769526	-0.00552730	-0.01659768	0.00261393	-0.00393051	0.00124814	-0.00196096	0.00314721	-0.00033403	-0.01399289	-0.01146759	0.00226686	0.01385799	-0.00106985	0.00215590	0.00525747	-0.00120758	-0.03463835	0.00243525	0.00281152	-0.00966296	-0.04150041	-0.06461611	0.00171267	-0.00257734	-0.03452431	-0.03957193	-0.06890359	0.03430670	0.23517045	0.44063328	-0.02499621	-0.02499621	0.00136279	-0.01637447	0.06259906	-0.02388724	-0.00610393	0.11150052	-0.05885485	-0.05276752	0.05046392	0.07418956	0.06311431	-0.00284367	-0.02273123	0.00458540	0.00665667	-0.00543678	-0.00162096	0.02116402	-0.07201973	-0.04162197	-0.05205305	-0.00144117	0.01777391	0.16992993	0.03369568	-0.07152203	0.12813581	-0.03701988	-0.00389621	-0.04557219	-0.04815522	0.02425818	0.06461611	0.01216565	0.05083816	-0.02828379	-0.08740609	0.10717487	0.02367719	0.00227436	0.00052586	0.00341975	-0.00893078	-0.00278398	-0.00882127	0.02644369	0.00609444	-0.00024635	0.00421557	0.00034872	0.00000000	0.04292225	-0.01081577	-0.00278845	0.00924925	-0.01103671	-0.00049795	0.01185959	0.00964148	0.01466731	0.00602691	0.00000000	0.01866692	0.03107099	0.07636342	0.07038773	0.10057902	-0.00183890	-0.00163931	-0.00058614	-0.02241378	-0.06383816	-0.06383816	-0.06383816	0.00000000	0.00000000	0.00000000	0.00000000	0.00000000	0.00000000	0.00000000	0.00000000	0.00000000	0.00000000	0.00000000	0.01904066	0.00892644	-0.02900305	0.05871601	-0.06315282	0.04852003	0.09667433	0.03334701	0.06257301	-0.00025847	0.08111877	-0.01138378	-0.15781464	-0.00532029	0.02964096	-0.00996011	-0.02456282	0.01425092	0.20379136	0.02886908	-0.00245651	0.00123524	-0.00053978	-0.00136952	0.00634014	-0.01033486	-0.02776048	0.01426621	0.00209422	-0.00247112	-0.04444399	-0.00746196	0.05613883	0.03729888	0.03113908	0.04579587	0.03561869	0.01907181	-0.04393124	0.03352759	0.04621706
PassedPawnEndGameIncrement_5	0.14577313	0.02428018	-0.01632397	0.00856004	-0.00157320	-0.01622260	-0.00089606	-0.00119651	0.00436222	0.02618180	0.04281386	0.13896036	0.29542703	0.31049293	0.32342826	0.47999428	0.57234210	1.00000000	0.02641582	0.02063035	0.06529599	-0.00305512	-0.00305512	-0.01419333	-0.01296984	-0.00977610	-0.00162824	0.00010796	-0.00241398	-0.00286745	-0.00376069	0.00660980	-0.00117292	-0.00157320	0.01877881	-0.00374941	-0.00586087	-0.01166265	-0.00798846	-0.00157883	0.00369170	-0.00157447	-0.00408301	-0.00305704	-0.00195750	0.00624846	0.01568769	0.00017839	-0.00825928	-0.00097226	-0.02520804	-0.00772171	-0.00182024	-0.00695360	-0.02213256	-0.05120332	-0.02160309	0.00085790	-0.02119401	-0.02352005	-0.02709965	0.00030728	0.17842198	0.34519405	-0.05664738	-0.05664738	0.00786295	0.06093451	0.04458124	0.06734397	0.00107878	0.00000000	0.05300776	-0.01562962	0.08896731	0.00006393	0.00000000	-0.04510534	-0.02047321	-0.05963166	-0.06361233	-0.03012615	-0.00130508	0.00251406	-0.09481873	-0.01964918	-0.00189088	-0.00116033	0.00479547	0.12025394	0.05418040	-0.05889854	0.06229795	0.01778414	0.00744785	0.01199444	-0.05830320	0.00000000	0.05120332	0.00871320	0.02289703	0.00052417	-0.01901441	0.03750689	0.00848321	-0.01277314	-0.00838308	-0.00149892	-0.00804136	0.06127546	0.06246429	0.09675082	0.08857783	-0.00680977	-0.00164351	-0.00508216	0.00000000	0.00184036	-0.01984375	-0.01515414	-0.00999306	-0.03530373	0.01964488	0.01084409	0.00687446	0.01892297	0.00565849	0.00000000	-0.00005657	-0.01125726	0.02184829	0.04511069	0.10941770	0.00990828	0.00601269	0.00179690	0.01215649	-0.01010169	-0.01010169	-0.01010169	0.00000000	0.00000000	0.00000000	0.00000000	0.00000000	0.00000000	0.00000000	0.00000000	0.00000000	0.00000000	0.00000000	0.04237120	0.00810598	-0.00127461	0.05539661	-0.07391608	0.04389365	0.11689939	0.01439686	0.15265990	0.00561869	0.09678998	-0.00564296	-0.24819894	-0.00835530	0.02685911	0.00000000	-0.01451659	-0.00006491	-0.01990316	-0.03993385	-0.10847517	0.00099452	-0.00043459	-0.00110264	-0.00440613	0.00425550	-0.00115299	0.00156291	0.00168612	-0.00644619	0.00168612	0.01022956	-0.00140739	0.00706260	-0.00143111	0.01429891	0.01450709	-0.00482959	-0.00258207	0.00728647	-0.00942366
PassedPawnMiddleGameFileAmplitude	0.09712649	0.08438218	-0.07545321	0.02595890	0.04851808	0.00147954	0.24989995	0.41707384	0.46058588	0.43236298	0.14948617	0.03719881	0.06393490	0.06514892	0.07524081	0.06763220	0.07029856	0.02641582	1.00000000	0.07961153	0.16196050	-0.17684227	-0.17684227	-0.06689151	0.05830485	0.09391724	0.07848714	-0.01582677	0.11436663	0.00608355	-0.00348582	0.04396944	0.03374899	0.10054819	-0.06815989	-0.06239565	-0.05395166	-0.06291915	-0.03965635	-0.05051930	-0.02240542	-0.02624785	-0.00151916	0.03453659	-0.03814743	0.03743264	-0.03947298	-0.00244635	0.04377321	-0.00217049	0.08134578	-0.07367767	0.09361779	0.03059470	-0.13503144	-0.02083811	-0.00604264	0.00846284	0.03621011	0.00335148	0.05916039	-0.09077847	0.06592457	0.05998061	-0.08728250	-0.08728250	-0.01068439	0.06914219	0.06379990	0.03564957	-0.01097111	0.09109508	0.02780848	-0.00691442	0.01006757	-0.00620035	0.05672030	-0.03730747	-0.10388108	-0.06817153	-0.04986586	0.03021563	-0.06765745	-0.05841093	-0.03482860	-0.03870761	-0.02208884	-0.06538641	-0.00203914	-0.00482707	0.00759103	0.03573185	-0.01298186	-0.01110907	0.01447856	0.07178850	0.00065406	0.01453375	0.02083811	0.01703667	-0.00639845	0.04017539	0.00445588	0.01216605	-0.00038649	0.07430952	0.03421546	0.02196797	0.03713812	0.04655841	0.02748477	0.03148575	-0.00170959	-0.06932033	-0.05146451	-0.04726241	0.00000000	0.00410846	-0.03435577	-0.02004763	-0.00413989	-0.01268866	-0.00089501	0.01553164	0.00543280	0.08635838	0.05401937	0.00000000	0.01671266	0.01116930	0.00453459	-0.02095966	-0.00061220	0.09839325	0.09163177	0.02731020	0.03088418	-0.02018734	-0.02018734	-0.02018734	0.00000000	0.00000000	0.00000000	0.00000000	0.00000000	0.00000000	0.00000000	0.00000000	0.00000000	0.00000000	0.00000000	0.02184042	-0.03319639	0.05077816	-0.02744156	0.02657490	0.00097019	0.02841509	0.03572659	-0.05558538	0.05899979	0.01216549	-0.09595130	-0.02254829	0.03406903	0.01762503	0.02685321	-0.02849320	-0.02590416	0.02070759	0.15684720	0.01067973	0.00222020	-0.00097019	-0.00246155	0.00861114	0.02451732	0.02693431	-0.01866372	-0.02411822	-0.02149706	-0.05200056	0.00108746	0.02423835	-0.00376618	0.02047064	-0.04948067	0.00470564	-0.03605980	0.01253499	-0.00315499	-0.01907325
PawnPieceSquareMiddleGame_0	0.68624151	-0.09308316	-0.07622816	0.01633074	0.01888759	0.19238178	0.41028210	0.34943532	0.30039350	0.14204153	0.06871238	-0.04705873	0.20800413	0.20281231	0.15979313	0.09100337	0.06727067	0.02063035	0.07961153	1.00000000	0.35816727	0.38120354	0.38120354	0.35643361	-0.02405672	-0.07284003	-0.05909394	0.00746347	0.04693139	0.02279234	-0.07194674	-0.05313042	-0.03058350	0.05260467	-0.08883288	-0.04012767	-0.07025010	-0.06557004	0.02583225	0.09968242	-0.08181463	-0.01859184	0.00077351	0.00500647	0.05346834	0.02259438	0.04070336	-0.01009560	0.01200956	-0.03372357	0.03962106	0.08968575	-0.01207411	-0.04701775	0.07229713	-0.04059515	0.02439732	-0.03434391	0.05015303	-0.08237564	-0.01533085	-0.01262700	0.03335907	0.25442610	-0.03909600	-0.03909600	-0.00293725	-0.13701945	-0.08328006	-0.09052780	0.04856581	-0.01011983	-0.05080598	-0.04428397	-0.02416153	-0.01055444	0.01050185	-0.01800095	-0.01279051	-0.00490381	0.00186216	0.01112994	0.04164138	-0.03807335	0.01514746	0.03895052	-0.00045591	0.06076086	-0.00179336	0.03606755	0.00909131	0.01146359	0.04880508	-0.01046497	0.00149747	-0.03445864	0.01621723	-0.00807284	0.04059515	0.08694009	-0.02402977	-0.01612284	0.00771821	-0.06224936	0.01904078	-0.03035998	-0.02659143	-0.02408915	-0.03807838	-0.12501093	-0.12720611	-0.07878361	-0.01776983	-0.12211016	-0.09721922	-0.02870580	0.00000000	0.01058623	0.04423487	0.03340664	0.05057323	0.05377803	0.03028401	0.01426206	0.00854089	0.00431753	-0.02837110	0.00000000	0.00778075	0.01395908	-0.00010751	0.03698707	0.01756593	0.05299361	0.04211300	0.02645673	0.00969311	-0.02639817	-0.02639817	-0.02639817	0.00000000	0.00000000	0.00000000	0.00000000	0.00000000	0.00000000	0.00000000	0.00000000	0.00000000	0.00000000	0.00000000	0.05470934	-0.08665115	0.07058385	-0.04903464	0.05226476	0.04800657	-0.00007064	0.02015672	0.09286642	0.10483073	0.02285733	-0.16144251	-0.06631848	0.03812528	0.02968221	0.02983147	0.00465235	-0.02624716	0.00976919	0.10560428	0.07079221	0.00023979	-0.00010479	-0.00026586	-0.01232410	0.01205726	0.13388341	0.04344386	-0.09251767	-0.02701446	-0.03056819	-0.06833977	0.07190090	0.21293114	0.07786827	0.04274163	0.18854833	0.06461386	0.02987063	0.12135746	0.03018727
PawnPieceSquareMiddleGame_1	0.46774275	-0.10249977	0.04308040	0.02009126	-0.03378113	0.19501047	0.26370984	0.30288487	0.28807100	0.21606652	0.13060730	0.06226107	0.16285355	0.16728165	0.15784017	0.13932752	0.12442895	0.06529599	0.16196050	0.35816727	1.00000000	-0.03612826	-0.03612826	-0.45628167	-0.08814077	-0.05788142	-0.05447178	-0.02799617	-0.00846637	0.08615550	-0.05328151	-0.05350626	0.00967912	0.02233490	0.07426122	-0.01709420	0.15414452	0.13979245	0.05600025	0.04162034	0.09093611	0.02774232	-0.05488151	0.00578205	0.06134079	0.01896454	-0.08785262	-0.06196644	0.07029238	-0.04599847	-0.04713706	0.01639802	0.00129808	-0.06750287	-0.01166237	0.01306566	-0.11580508	0.05240292	0.13984080	0.03858743	0.04260271	0.01011133	0.29256243	0.38970466	0.13583637	0.13583637	-0.18055079	-0.05762393	-0.04308428	-0.06411536	0.03327799	0.01360368	-0.02012222	-0.05770622	0.01204070	0.02920528	0.01254862	-0.01534898	-0.01962219	0.01159682	0.02837319	-0.00539305	-0.00713502	-0.01226157	0.00447445	0.01324113	-0.00033168	0.02911195	0.00753768	0.01552190	0.00117035	0.00096868	0.02174076	0.00040047	-0.01405436	-0.02128677	-0.00603525	0.00120578	-0.01306566	-0.03543987	0.01312786	0.02425939	0.03454856	0.02271924	0.01995500	-0.07110386	0.03178970	0.10044487	0.03625636	-0.08108095	-0.08328627	-0.05567657	-0.00838923	0.05306587	0.13018892	0.15043861	0.00000000	0.03177513	-0.00082910	0.00540549	0.01614052	0.01006737	0.01073377	0.03361066	0.13951768	0.07910364	0.03227925	0.00000000	-0.00954517	-0.00741318	0.00322070	0.00335391	0.00113431	-0.00981304	0.10806845	0.19300639	0.05630935	-0.02979767	-0.02979767	-0.02979767	0.00000000	0.00000000	0.00000000	0.00000000	0.00000000	0.00000000	0.00000000	0.00000000	0.00000000	0.00000000	0.00000000	0.03675426	0.05379175	-0.05513402	-0.06716641	0.06527102	0.06974949	0.02532875	-0.02436250	0.02459154	0.02223880	-0.01107167	-0.11901067	-0.04672709	-0.06453282	-0.00036787	-0.07945982	-0.02989950	0.05743556	0.01616723	0.06313664	0.07956435	0.00758127	-0.00535709	-0.00981009	-0.02846852	-0.05640541	0.02854154	0.02661710	-0.10181663	0.01192425	-0.08793727	-0.03088525	0.04125794	0.06416904	0.02025226	0.02350346	0.02922736	0.01952101	0.05774383	-0.00038013	0.00231247
PawnPieceSquareMiddleGame_2	0.19290805	-0.03702804	-0.00668795	-0.06418123	-0.00545706	-0.05557202	0.11099814	0.04214039	0.01462886	-0.02438473	0.00976019	-0.07291930	0.09408759	0.09995334	0.06662246	0.02435184	0.00755672	-0.00305512	-0.17684227	0.38120354	-0.03612826	1.00000000	1.00000000	0.29514616	0.01295446	0.03499731	-0.02966604	0.02003246	0.08144229	-0.03453690	0.02523002	0.02860623	0.01046213	0.05255824	-0.00811031	0.03078745	-0.09179957	-0.08522754	-0.04673054	0.07385217	-0.08125376	-0.02915754	0.01489236	-0.03398401	0.03401146	-0.02873132	0.01071852	0.00230750	-0.03273590	0.01119329	-0.02378083	0.07458698	-0.02460819	-0.04683234	0.06526476	-0.01591671	0.05182025	-0.06668641	-0.04566893	-0.01468855	-0.00145686	0.01239766	-0.07004634	0.08429770	0.08632344	0.08632344	-0.09326920	-0.08571220	-0.05901016	-0.05907063	0.01555251	-0.08379859	-0.05128860	-0.01057870	-0.00977288	-0.00007294	-0.03952814	-0.00112748	0.03889915	0.02398625	0.01541145	0.00824521	0.05563271	-0.03242020	0.02010204	0.00732157	0.03577732	0.05383859	-0.04869528	0.00972217	0.01482500	-0.01989656	0.02429577	0.01254471	0.02204242	-0.05729437	0.02397554	0.07900235	0.01591671	0.01732198	0.03399904	-0.08214575	0.03040997	-0.05710281	0.04688385	0.03239988	0.03549026	-0.03930604	-0.04404471	-0.11155895	-0.11002613	-0.07124954	-0.04678257	-0.03817409	-0.01105646	-0.03866745	0.00000000	-0.00209966	0.04550786	0.03353066	0.02768041	-0.00978921	-0.00370080	-0.05953768	-0.09986994	-0.08873210	-0.01924679	0.00000000	-0.02105845	-0.02101635	0.01438248	0.05798743	0.00789751	-0.00303574	0.00454787	0.04157753	-0.01386925	-0.00725498	-0.00725498	-0.00725498	0.00000000	0.00000000	0.00000000	0.00000000	0.00000000	0.00000000	0.00000000	0.00000000	0.00000000	0.00000000	0.00000000	-0.01662712	-0.02040061	0.01091552	-0.02023596	0.02489424	-0.00049582	-0.01182064	-0.02092457	0.04198589	0.04098720	0.00470148	-0.10601343	-0.04670472	0.06806538	-0.00362428	0.04865611	0.01819842	0.12752986	0.04535740	0.03870288	0.07168620	-0.00113465	0.00049582	0.00125799	0.08958516	0.01543884	0.08195911	-0.05736056	-0.00192368	0.01389167	-0.00192368	0.03177901	0.02564795	0.10322335	0.07090071	0.02096526	0.04462660	0.04457211	0.03355228	0.07770141	0.09699237
PawnPieceSquareMiddleGame_3	0.19290805	-0.03702804	-0.00668795	-0.06418123	-0.00545706	-0.05557202	0.11099814	0.04214039	0.01462886	-0.02438473	0.00976019	-0.07291930	0.09408759	0.09995334	0.06662246	0.02435184	0.00755672	-0.00305512	-0.17684227	0.38120354	-0.03612826	1.00000000	1.00000000	0.29514616	0.01295446	0.03499731	-0.02966604	0.02003246	0.08144229	-0.03453690	0.02523002	0.02860623	0.01046213	0.05255824	-0.00811031	0.03078745	-0.09179957	-0.08522754	-0.04673054	0.07385217	-0.08125376	-0.02915754	0.01489236	-0.03398401	0.03401146	-0.02873132	0.01071852	0.00230750	-0.03273590	0.01119329	-0.02378083	0.07458698	-0.02460819	-0.04683234	0.06526476	-0.01591671	0.05182025	-0.06668641	-0.04566893	-0.01468855	-0.00145686	0.01239766	-0.07004634	0.08429770	0.08632344	0.08632344	-0.09326920	-0.08571220	-0.05901016	-0.05907063	0.01555251	-0.08379859	-0.05128860	-0.01057870	-0.00977288	-0.00007294	-0.03952814	-0.00112748	0.03889915	0.02398625	0.01541145	0.00824521	0.05563271	-0.03242020	0.02010204	0.00732157	0.03577732	0.05383859	-0.04869528	0.00972217	0.01482500	-0.01989656	0.02429577	0.01254471	0.02204242	-0.05729437	0.02397554	0.07900235	0.01591671	0.01732198	0.03399904	-0.08214575	0.03040997	-0.05710281	0.04688385	0.03239988	0.03549026	-0.03930604	-0.04404471	-0.11155895	-0.11002613	-0.07124954	-0.04678257	-0.03817409	-0.01105646	-0.03866745	0.00000000	-0.00209966	0.04550786	0.03353066	0.02768041	-0.00978921	-0.00370080	-0.05953768	-0.09986994	-0.08873210	-0.01924679	0.00000000	-0.02105845	-0.02101635	0.01438248	0.05798743	0.00789751	-0.00303574	0.00454787	0.04157753	-0.01386925	-0.00725498	-0.00725498	-0.00725498	0.00000000	0.00000000	0.00000000	0.00000000	0.00000000	0.00000000	0.00000000	0.00000000	0.00000000	0.00000000	0.00000000	-0.01662712	-0.02040061	0.01091552	-0.02023596	0.02489424	-0.00049582	-0.01182064	-0.02092457	0.04198589	0.04098720	0.00470148	-0.10601343	-0.04670472	0.06806538	-0.00362428	0.04865611	0.01819842	0.12752986	0.04535740	0.03870288	0.07168620	-0.00113465	0.00049582	0.00125799	0.08958516	0.01543884	0.08195911	-0.05736056	-0.00192368	0.01389167	-0.00192368	0.03177901	0.02564795	0.10322335	0.07090071	0.02096526	0.04462660	0.04457211	0.03355228	0.07770141	0.09699237
PawnPieceSquareMiddleGame_4	0.16097535	0.08922614	-0.16704786	0.01745005	0.04403336	-0.05660052	0.12383962	0.04135077	0.04461920	0.01201553	0.05340278	-0.04941876	0.05038745	0.02944042	0.02077827	-0.00195176	-0.00052068	-0.01419333	-0.06689151	0.35643361	-0.45628167	0.29514616	0.29514616	1.00000000	0.13046495	0.10517143	0.06364866	-0.02801831	0.09491037	0.07375269	0.00475533	0.00980540	0.01562439	0.08228709	-0.21752071	0.08329049	-0.16817686	-0.10422390	-0.10114796	0.04619396	0.02468751	0.03061589	0.05940738	-0.00390037	0.02293768	0.02658899	0.08684505	0.14253735	-0.02323649	0.02335874	0.02808800	0.09413682	0.02283173	-0.08264175	0.04342203	-0.05197105	0.11534952	-0.00977971	-0.10285572	-0.21819668	-0.04654146	-0.03588930	-0.10773246	-0.17882148	-0.14889397	-0.14889397	0.29493503	-0.01922121	0.04997123	0.02094834	-0.02591793	0.02446050	0.00913656	0.01023371	-0.00057996	-0.01598285	0.04170206	-0.01416428	0.02660499	-0.03334206	-0.03950403	-0.07887615	0.01169335	0.03536338	-0.01438842	0.00393211	0.01694203	0.02110229	0.00021728	0.03419877	0.02993667	0.00500773	0.02218294	0.02522718	0.03613330	0.01851918	-0.00634200	0.02230026	0.05197105	0.11383291	-0.03895344	-0.01508688	-0.07719114	-0.01876877	-0.00613615	0.09996214	0.06341266	-0.06526441	-0.10247268	0.01925082	0.02012315	0.01609086	-0.00771160	-0.18883187	-0.18443290	-0.10435125	0.00000000	0.01619760	-0.02245716	-0.02499303	-0.00421901	0.00634120	-0.00276565	-0.02338207	-0.04270660	-0.03834536	-0.03447837	0.00000000	0.04428678	0.04391593	0.04677408	0.01136703	0.00071755	0.04721953	-0.03701227	-0.10514902	-0.05695398	0.00512321	0.00512321	0.00512321	0.00000000	0.00000000	0.00000000	0.00000000	0.00000000	0.00000000	0.00000000	0.00000000	0.00000000	0.00000000	0.00000000	0.03786665	-0.16011882	0.16747683	0.02082873	-0.01955823	0.01540323	0.00634200	0.04161361	0.06826552	0.13962338	0.03994905	-0.08507821	-0.01983496	0.08079017	0.02929565	0.07210521	0.01771594	-0.04470689	-0.01170456	0.03340443	0.03123180	-0.00260228	0.00113715	0.00288516	0.05779238	0.06696628	0.09286165	0.00865702	-0.00975965	-0.00739428	0.04371790	0.10532875	0.09768360	0.16415434	0.09997091	0.04362247	0.08566442	0.05585004	0.04185373	0.14901430	0.07627207
KnightPieceSquareMiddleGame_0	-0.05840279	0.82856884	-0.59414634	-0.09550582	-0.01796892	-0.13325985	-0.04770748	-0.02617569	-0.02337326	-0.01325085	-0.03062280	-0.00873843	-0.01313577	-0.00433776	-0.00504850	-0.00237551	0.01086195	-0.01296984	0.05830485	-0.02405672	-0.08814077	0.01295446	0.01295446	0.13046495	1.00000000	0.59709248	0.67423770	0.08159855	0.13539142	0.32712842	0.18014091	0.12752597	0.11781418	0.13005876	-0.54254800	-0.28729152	-0.41051999	-0.29114184	-0.09678065	-0.07019341	-0.17268807	-0.07988341	-0.06611179	0.02203122	0.00042043	-0.08096053	0.00259899	-0.02876908	-0.08506890	0.01074930	0.01483865	-0.04616183	0.04655666	-0.01391675	0.01733850	-0.01510374	-0.04422228	0.02000992	0.04980890	-0.04485028	0.04128573	0.00672235	-0.06282382	-0.05428468	-0.09510528	-0.09510528	0.03762164	0.15851825	0.34114375	0.34048829	-0.03222829	0.02764470	0.20627559	0.12125252	0.10045725	0.04831887	0.06813461	-0.28850104	-0.15425356	-0.17624817	-0.15984205	-0.04140619	-0.02855086	-0.10349372	-0.05815427	-0.03954509	0.01455125	-0.01942898	-0.04146951	-0.06992630	-0.02260152	0.02520596	-0.02867829	-0.03059820	0.00199645	-0.00225928	-0.01013110	0.00000000	0.01510374	-0.02144680	0.02747622	0.02872926	-0.02355033	0.02558344	0.01576069	0.87851494	0.69976751	0.35551553	0.16024558	0.25028461	0.24102491	0.18175559	0.08412664	-0.66002511	-0.50521927	-0.31782196	0.00000000	-0.00822540	-0.09746058	-0.09886290	-0.07338882	-0.03304905	0.00254634	-0.11001771	-0.05155933	-0.01409028	-0.06221891	0.00000000	-0.01081911	-0.00635542	-0.01185222	0.01277933	-0.00771947	-0.02167341	-0.07027095	-0.04234611	-0.01753071	0.00183824	0.00183824	0.00183824	0.00000000	0.00000000	0.00000000	0.00000000	0.00000000	0.00000000	0.00000000	0.00000000	0.00000000	0.00000000	0.00000000	0.00068992	-0.61379522	0.62451360	-0.01287830	0.01426171	0.05039960	0.02115815	0.01409289	-0.05874262	0.07604217	-0.01101268	-0.03604902	-0.00022993	0.19271750	0.11129703	0.21052010	0.10481934	-0.13292776	-0.00377153	0.02905233	0.00540403	0.00304130	-0.00132900	-0.00337191	0.04151827	-0.03078449	-0.00712300	0.01318284	0.04746358	-0.03453938	0.01573305	0.03632426	0.07047805	-0.05573957	0.03602113	-0.00406204	-0.07638882	-0.09127239	-0.00789608	-0.02560512	0.00732091
KnightPieceSquareMiddleGame_1	-0.05919421	0.59986445	-0.40684249	-0.07463468	0.01282451	-0.12903089	-0.01744911	0.01284450	0.02323217	0.01889273	0.03282287	-0.06097126	0.00596445	0.00928953	0.01044110	0.01456989	0.01707082	-0.00977610	0.09391724	-0.07284003	-0.05788142	0.03499731	0.03499731	0.10517143	0.59709248	1.00000000	0.51181613	-0.40757849	0.26910161	0.25161494	0.34029548	0.43197323	0.24285596	0.26778713	-0.35552233	-0.18206964	-0.26273848	-0.18507944	-0.03154739	-0.12796666	-0.05039372	-0.05447853	0.02933644	0.00649503	-0.05585895	-0.06035202	0.01998050	-0.03453618	-0.06051182	0.00939077	0.03211186	-0.01153345	0.09340306	-0.05235145	-0.04629492	-0.01134153	-0.05002605	0.00812112	0.08054611	-0.04617057	0.03747983	-0.02843399	-0.02151481	-0.03809180	-0.03074212	-0.03074212	0.04245464	0.27608738	0.41477245	0.22540429	-0.10632574	0.10624875	0.07974701	0.17232763	0.14889600	0.11507624	0.13782442	-0.21704222	-0.12711889	-0.14117691	-0.13092966	-0.06276449	-0.07326575	-0.07358011	-0.03181284	-0.00681604	-0.00737944	-0.05030474	-0.03453290	-0.04960238	-0.01683547	0.01304152	-0.02289983	-0.01112726	0.00022706	0.00192672	-0.01651534	-0.00353155	0.01134153	0.00305199	0.00725408	0.00994386	-0.02323599	0.01841213	0.01810702	0.62866374	0.62643232	0.39666185	0.15360141	0.19250891	0.19528945	0.16788109	0.08317103	-0.43791619	-0.28617025	-0.16824307	0.00000000	-0.03275021	-0.08801439	-0.09499163	-0.07069165	-0.04582479	-0.00760571	-0.08330443	0.09006398	0.02443367	0.01475926	0.00000000	-0.01249585	-0.01289161	-0.01114624	0.01009301	-0.00217213	0.01756073	0.04346381	0.06196478	0.01171759	-0.00108273	-0.00108273	-0.00108273	0.00000000	0.00000000	0.00000000	0.00000000	0.00000000	0.00000000	0.00000000	0.00000000	0.00000000	0.00000000	0.00000000	0.01218709	-0.39249797	0.38402331	-0.04903340	0.04754215	0.02789000	0.03417409	0.02851428	0.00466830	0.08615911	-0.02809402	-0.05077956	0.01420847	0.37060056	0.19239792	0.32625250	0.13236534	-0.01824860	-0.00582314	0.07069732	0.00695303	0.00388129	-0.00169606	-0.00430321	0.29529245	0.02190944	-0.01902782	0.03301397	0.01335545	-0.05528989	-0.00696990	0.10642320	0.08731834	0.01554888	0.10568636	0.05792300	-0.04115117	-0.06618419	0.03438833	0.02325990	-0.00778121
KnightPieceSquareMiddleGame_2	-0.07008956	0.66662188	-0.46231593	-0.06025544	-0.02097693	-0.11305321	-0.04861497	-0.02714530	-0.01219042	-0.00342075	-0.01233759	0.04251312	-0.02195412	-0.01635490	-0.01935149	-0.01065834	-0.00951246	-0.00162824	0.07848714	-0.05909394	-0.05447178	-0.02966604	-0.02966604	0.06364866	0.67423770	0.51181613	1.00000000	-0.13165540	0.06913917	0.22003919	0.39270384	0.22876673	0.08281088	0.09709683	-0.41811508	-0.23792104	-0.31666547	-0.23572080	-0.03391179	-0.08282139	-0.12532536	-0.11079339	-0.00880210	0.03335111	-0.02990667	-0.07270370	0.01978279	-0.08550355	-0.10046148	0.01187727	0.00112673	-0.06065406	0.03682580	-0.03048867	0.00919244	-0.00738014	-0.07828009	0.02650876	0.08525918	-0.04890623	0.03945721	0.02715991	-0.04463266	-0.04994872	-0.05708740	-0.05708740	0.02037528	0.28842511	0.24546753	0.41375662	0.03914804	0.01055618	0.15450354	0.18803889	0.10041483	0.03505224	0.04929602	-0.22782045	-0.13612967	-0.16175892	-0.15167406	-0.06349756	-0.04970468	-0.08755969	-0.06408997	-0.02218830	-0.01184076	-0.03433772	-0.00525106	-0.04500840	-0.02714780	0.02685637	-0.02868837	-0.02321742	-0.00012447	0.00931887	-0.01200050	0.00631569	0.00738014	-0.01409661	0.00437377	0.03314639	-0.03948125	0.01775788	0.02202027	0.70773122	0.61675312	0.34465542	0.09823436	0.19999568	0.19743829	0.16674328	0.08456321	-0.49832711	-0.43889241	-0.28067545	0.00000000	-0.03835187	-0.09895332	-0.09873339	-0.07643417	-0.05022052	-0.02823348	-0.07633319	0.00448043	-0.02719595	-0.03263361	0.00000000	-0.00093500	0.00000000	-0.02098687	-0.00101468	-0.00059118	-0.02119647	-0.08820544	-0.07653581	-0.00417790	-0.00123267	-0.00123267	-0.00123267	0.00000000	0.00000000	0.00000000	0.00000000	0.00000000	0.00000000	0.00000000	0.00000000	0.00000000	0.00000000	0.00000000	-0.00372189	-0.45921813	0.46329894	-0.01482578	0.01372656	0.03216640	0.02042190	0.02402267	-0.06884746	0.01211271	-0.01228190	-0.01535436	-0.01204881	0.22004454	0.11470776	0.19707911	0.09116285	-0.06916823	-0.00357559	0.02983657	0.00448239	0.00214399	-0.00093689	-0.00237705	0.07721971	-0.01390280	-0.00715485	-0.00625727	0.04402280	-0.04230752	0.01171249	0.03815480	0.08620229	-0.04808136	0.05210519	-0.00398653	-0.07010925	-0.07472781	-0.00026507	-0.02746619	-0.01121047
KnightPieceSquareMiddleGame_3	0.00425868	0.06080078	-0.05580734	-0.01569615	-0.00976961	0.00014663	-0.04043214	-0.04136511	-0.03595777	-0.04154529	-0.05582466	0.03913654	-0.00483246	-0.00543798	-0.00568612	-0.00658597	-0.00284575	0.00010796	-0.01582677	0.00746347	-0.02799617	0.02003246	0.02003246	-0.02801831	0.08159855	-0.40757849	-0.13165540	1.00000000	0.02006269	-0.29108378	-0.05774529	-0.12085089	-0.01240685	0.01021936	-0.06297574	-0.00756724	-0.09210740	-0.06520490	-0.12914378	0.00925291	-0.03989233	-0.06057406	-0.08355684	-0.01942574	0.01974479	-0.02525229	0.00718101	-0.01150031	-0.04208739	-0.02070755	-0.01363732	-0.02311662	-0.03901837	0.04245329	0.01187103	-0.02964607	0.06813285	0.00365059	-0.10456071	-0.00736779	-0.03263219	-0.00004392	0.00156594	-0.00299471	-0.01203915	-0.01203915	-0.00150238	0.01360615	-0.04754601	-0.00473052	0.17717952	0.02099819	-0.04455054	-0.01619168	-0.02706754	-0.01097511	0.01089542	-0.01384578	-0.01476744	-0.00751736	-0.01809320	0.02302930	0.01262325	-0.00179683	-0.01825319	0.00280869	-0.00487801	0.00016586	0.00339473	-0.00452492	-0.00224983	0.01010965	-0.00452369	0.00011978	-0.00106461	-0.01753101	-0.00004188	0.00000000	0.02964607	0.02241173	-0.00990170	0.00367134	-0.00629185	-0.01432671	0.00002475	0.06782507	-0.13911104	-0.19307462	-0.03497606	0.01352656	-0.00823500	-0.02153435	0.00010947	-0.07557574	-0.03054862	-0.05162699	0.00000000	0.04182737	0.01143198	0.00577644	0.00890711	0.00813601	0.00005731	-0.02988479	-0.31291643	-0.09524048	-0.04954637	0.00000000	0.00971189	0.00643654	0.00006374	-0.00432359	0.00003920	-0.00630013	0.02534376	0.02134215	-0.00605488	0.00008173	0.00008173	0.00008173	0.00000000	0.00000000	0.00000000	0.00000000	0.00000000	0.00000000	0.00000000	0.00000000	0.00000000	0.00000000	0.00000000	0.00018732	-0.06618691	0.08217007	0.00020899	-0.00011872	-0.00006212	0.00004188	-0.00515835	-0.03340070	-0.02329126	0.00807284	0.00352555	0.00001075	-0.03337819	-0.02053188	-0.02579122	-0.00920231	-0.12740448	-0.00466264	-0.09068894	0.00028271	-0.00014216	0.00006212	0.00015761	-0.13275588	-0.01126903	0.00047907	-0.00022341	0.04796234	-0.01136432	0.03189456	-0.03070691	-0.00453236	-0.00523062	-0.05161882	-0.05342101	-0.01802500	0.00259040	0.00036909	-0.00355403	0.00021507
KnightPieceSquareMiddleGame_4	0.03433163	0.11866127	-0.06950638	-0.03567989	0.02689635	-0.14205172	0.03123024	0.05861115	0.08697231	0.08367976	0.13683758	0.00439734	0.03903429	0.04270451	0.04599956	0.03198768	0.02555651	-0.00241398	0.11436663	0.04693139	-0.00846637	0.08144229	0.08144229	0.09491037	0.13539142	0.26910161	0.06913917	0.02006269	1.00000000	-0.02100352	-0.06805055	-0.01508973	-0.01713731	0.90481885	-0.05218174	-0.02515216	-0.03079117	-0.00979915	-0.06891536	-0.06271579	0.00840071	0.01106217	-0.02081741	-0.00977063	-0.08397537	0.02285252	0.03118738	0.00580629	0.00124386	0.01908860	-0.00346942	0.00847698	0.06690341	-0.02562005	-0.04292488	-0.01184118	0.04638026	-0.03341544	0.02270001	-0.00662615	-0.04774422	-0.13931900	0.01314517	-0.00312897	0.00411258	0.00411258	0.03359236	0.03274685	0.18732150	0.04321969	0.00344790	0.40243540	-0.03928072	-0.04995390	-0.01469001	-0.03482327	0.50463256	-0.04600422	-0.04758672	-0.03285325	-0.02261482	0.00032203	-0.08362193	-0.01492253	-0.01484566	0.01314878	-0.00604344	-0.10003402	-0.06547784	-0.04731070	-0.01990159	0.00075601	-0.03880053	0.03133214	0.01984994	-0.01218571	0.00093640	0.00000000	0.01184118	0.04118349	-0.01151315	-0.03422375	-0.02239979	-0.00040092	0.01525614	0.12074945	0.08177144	0.00685843	-0.00122386	0.04268894	0.04230407	0.01882672	-0.00244759	-0.08515722	-0.03630411	-0.02791018	0.00000000	0.00588199	0.00064063	-0.00922557	-0.01760579	0.01546128	-0.00128137	-0.01325661	0.01832173	0.03774302	-0.05809762	0.00000000	-0.03117677	-0.03083948	-0.03196274	-0.02548318	-0.00087647	-0.00473198	-0.00421841	0.03744198	-0.01630672	0.03298226	0.03298226	0.03298226	0.00000000	0.00000000	0.00000000	0.00000000	0.00000000	0.00000000	0.00000000	0.00000000	0.00000000	0.00000000	0.00000000	0.09838311	-0.03074162	0.07066936	-0.03434256	0.03299067	0.00138900	-0.00093640	-0.00515392	0.11469126	0.07610738	-0.07023376	-0.07882926	-0.00024031	-0.03005083	-0.03309915	0.00000000	0.00403448	-0.10294176	-0.02196149	-0.02499525	-0.03410714	0.00317861	-0.00138900	-0.00352414	0.06984847	0.00518802	0.02765580	0.04577250	0.00538900	-0.03891622	0.00538900	0.01045342	0.07614120	0.07201049	0.01720689	-0.07559721	0.02452967	-0.00127452	0.12648332	0.08530293	0.02411688
KnightPieceSquareMiddleGame_5	-0.01111612	0.28072253	-0.21737993	-0.00709295	-0.01126754	-0.01532594	-0.03054474	-0.01524306	-0.02591847	0.01448371	0.00937444	-0.00311181	-0.00942522	-0.00700485	-0.00770734	-0.00861607	-0.00671882	-0.00286745	0.00608355	0.02279234	0.08615550	-0.03453690	-0.03453690	0.07375269	0.32712842	0.25161494	0.22003919	-0.29108378	-0.02100352	1.00000000	-0.11892024	-0.24142795	-0.09682925	-0.01267952	-0.18764397	-0.11881121	-0.09006391	-0.02116458	-0.01988147	-0.00535636	-0.07207857	-0.00773332	-0.04958170	0.01252647	0.01027095	-0.00724976	0.03221743	0.11312549	-0.01956761	0.03754018	-0.00972320	-0.01587296	0.02051678	-0.06522191	-0.01964933	0.00688742	-0.05769721	0.05589698	0.01913579	-0.01956463	0.05269692	0.01295670	-0.03340996	-0.01945369	-0.03308221	-0.03308221	0.00499132	0.04714196	0.07155712	0.07333556	-0.06779522	-0.01186610	0.32546179	-0.01866430	-0.03188929	-0.00814890	-0.00769627	-0.11750808	-0.07111553	-0.06295671	-0.04322524	-0.01121521	-0.00583323	-0.04697861	-0.02397516	-0.02316129	0.01118628	0.00134627	0.00114364	-0.00352445	-0.00756617	-0.01199916	-0.00565738	-0.00449766	0.00029381	0.00987461	-0.00894575	-0.00473293	-0.00688742	-0.00732134	-0.00332450	0.01680912	-0.01512160	0.01801596	0.00388772	0.31269490	0.41060339	0.42188177	0.16511048	0.06309724	0.07101555	0.07092464	0.03987841	-0.24441297	-0.15032726	-0.06911877	0.00000000	-0.00862219	-0.03121631	-0.02529809	-0.01437757	-0.00803137	-0.00395093	-0.02499751	0.13360670	0.02385892	-0.02510390	0.00000000	0.01543641	0.01636783	-0.00709534	-0.00147677	0.00689646	-0.01735028	0.03437702	0.02958377	0.01733375	0.00206305	0.00206305	0.00206305	0.00000000	0.00000000	0.00000000	0.00000000	0.00000000	0.00000000	0.00000000	0.00000000	0.00000000	0.00000000	0.00000000	0.02085823	-0.24884075	0.25593923	-0.03868496	0.03837345	0.01481421	0.00421255	0.00353770	-0.03446593	0.04266274	0.00618267	0.01404333	-0.00620713	-0.12614955	-0.01612317	-0.09473517	-0.00030590	0.02085601	-0.00857446	0.03370987	-0.01334616	0.00176736	-0.00077230	-0.00195948	-0.09669486	-0.00647091	-0.02174133	-0.00443666	-0.01516347	0.00381848	0.02115622	0.00952224	0.01087356	-0.01130252	-0.00138721	-0.00614747	-0.00512516	-0.01430912	-0.00458857	-0.00021684	-0.00651188
KnightPieceSquareMiddleGame_6	-0.05874278	0.21183260	-0.13755981	-0.04228405	0.01140622	-0.04991052	0.01588966	0.01106410	-0.00292143	-0.04289993	-0.04994816	-0.01478275	-0.00825009	-0.00370052	-0.01185750	-0.00545824	-0.00849506	-0.00376069	-0.00348582	-0.07194674	-0.05328151	0.02523002	0.02523002	0.00475533	0.18014091	0.34029548	0.39270384	-0.05774529	-0.06805055	-0.11892024	1.00000000	-0.08500227	-0.00584017	-0.06188675	-0.11545565	-0.09769158	-0.11481047	-0.09610116	0.05244716	-0.04261610	-0.01571324	-0.11105256	0.05510478	-0.00648187	-0.01019277	-0.05026555	0.04720596	-0.05100348	-0.10979677	-0.02522432	0.06097149	-0.06623184	0.09468729	0.00065290	-0.00377803	-0.02182180	-0.00999765	0.01637738	-0.04323905	-0.04367031	0.00561447	0.04501443	-0.01672913	-0.01386430	-0.01849198	-0.01849198	0.02333230	0.13404642	0.10188730	0.14032171	-0.02007214	-0.02694770	-0.01407696	0.36554920	0.00149085	-0.01073905	-0.01997497	-0.08491081	-0.06941497	-0.06222012	-0.06998975	-0.00847577	-0.03157887	-0.01102454	-0.04012850	-0.01010784	-0.01649387	-0.00854178	-0.00694179	-0.02861838	-0.01755650	0.00365729	-0.01311288	-0.03491732	0.00848801	0.01332700	0.00606552	0.00614195	0.02182180	-0.00993720	0.00250650	0.00810443	-0.01263626	0.00003287	0.01093410	0.22538446	0.23067184	0.12876594	0.00973383	0.06342679	0.07342713	0.06674116	0.02963473	-0.14409997	-0.11006615	-0.13929210	0.00000000	0.01495089	-0.03577153	-0.04130156	-0.02973901	-0.01982511	-0.01250265	-0.03278774	-0.01395134	-0.04932864	0.00041824	0.00000000	-0.02014754	-0.02006058	-0.02091588	0.01077005	0.00007186	0.01232624	0.04953813	0.02714083	-0.00001979	0.00214777	0.00214777	0.00214777	0.00000000	0.00000000	0.00000000	0.00000000	0.00000000	0.00000000	0.00000000	0.00000000	0.00000000	0.00000000	0.00000000	-0.00881438	-0.12134279	0.10899041	0.01570930	-0.01414699	0.00899724	0.01236138	0.00589019	-0.10755149	-0.01757109	-0.00759485	-0.00151203	-0.00313295	0.14316877	0.10360328	0.14185185	0.08567781	0.04582828	-0.01202540	-0.02765278	0.01327660	-0.00026063	0.00011389	0.00028896	0.02343914	0.05623131	-0.00967142	-0.00040958	0.05847342	-0.00461740	-0.00044186	0.03765836	-0.01062350	-0.04157593	0.03837890	-0.02749980	-0.02719704	-0.00732682	-0.03798960	-0.00517574	0.00703516
KnightPieceSquareMiddleGame_7	-0.01512462	0.13227189	-0.07321922	-0.02277389	0.00319854	-0.04047223	0.02400060	0.03930059	0.05267446	0.01998811	0.00224774	0.00985136	-0.00899626	-0.00737497	-0.00445893	-0.00200854	-0.00074633	0.00660980	0.04396944	-0.05313042	-0.05350626	0.02860623	0.02860623	0.00980540	0.12752597	0.43197323	0.22876673	-0.12085089	-0.01508973	-0.24142795	-0.08500227	1.00000000	-0.03452673	-0.00792683	-0.08275386	0.02110221	-0.06593951	-0.04934570	-0.05798305	-0.08968438	0.06797832	-0.02750144	0.06355958	-0.00066331	-0.06005951	-0.01451175	-0.05675129	-0.08716189	0.02342825	-0.03171395	-0.00700486	0.03129394	-0.00540271	-0.04410922	-0.03763960	0.01922191	-0.03634865	-0.06652014	0.10731499	-0.01313827	0.02991301	0.01589042	0.01905240	0.00340833	0.00234338	0.00234338	0.00802487	0.08385839	0.19025610	0.06011718	-0.04033810	-0.02337415	-0.04251020	-0.00884524	0.26505650	-0.01622485	-0.01212825	-0.01794246	-0.00073860	-0.01642080	-0.01828610	-0.03326630	-0.03426370	0.00360025	-0.00303478	0.01414369	0.00078799	-0.03314891	-0.01380732	-0.01196621	-0.00868214	-0.00131731	-0.00310912	0.00881516	-0.00041340	-0.00102116	-0.00722578	-0.02237535	-0.01922191	-0.00081326	-0.00023059	0.00708927	-0.01579610	0.02225506	0.01749250	0.12400929	0.15184429	0.10192176	0.05233802	0.06363374	0.06375059	0.08074664	0.05787944	-0.07590068	-0.03521358	0.02857394	0.00000000	-0.06413005	-0.02025239	-0.02186215	-0.01827316	-0.00492955	0.00988778	-0.02736629	-0.02531086	0.02886434	0.05044303	0.00000000	-0.00292549	-0.00429891	0.00248315	0.00419791	-0.00487250	0.04521300	0.06055308	0.05744315	0.08512091	-0.03442137	-0.03442137	-0.03442137	0.00000000	0.00000000	0.00000000	0.00000000	0.00000000	0.00000000	0.00000000	0.00000000	0.00000000	0.00000000	0.00000000	0.00690080	-0.06962239	0.07346923	-0.00064622	-0.00198223	-0.02178235	-0.00023309	0.02824997	0.06028718	0.04046947	-0.00650323	-0.05109875	-0.01154504	0.38729327	0.12571010	0.26183082	0.04920926	-0.00335643	0.00237518	0.01998811	-0.01706648	0.00079122	-0.00034575	-0.00087724	0.27947436	-0.02657514	0.00902522	0.05240121	-0.00581291	-0.02172189	-0.01296726	-0.00705331	0.04805890	0.03287132	0.05229805	0.04071712	-0.01027325	-0.06010249	-0.00205425	-0.01927238	-0.03143814
KnightPieceSquareMiddleGame_8	-0.01184219	0.10342436	-0.05482746	-0.01529447	-0.00244310	0.02495691	-0.06517050	-0.06821946	-0.04967836	0.03039161	0.04961276	0.00213662	0.01638675	0.01264143	0.02462516	0.02254356	0.04710370	-0.00117292	0.03374899	-0.03058350	0.00967912	0.01046213	0.01046213	0.01562439	0.11781418	0.24285596	0.08281088	-0.01240685	-0.01713731	-0.09682925	-0.00584017	-0.03452673	1.00000000	-0.01601586	-0.07905793	-0.06682912	-0.06476625	-0.06423443	0.06410514	-0.08826632	-0.00004623	0.00120429	0.01479500	0.02222664	-0.03608234	-0.00009802	0.00635124	0.00126644	0.00396204	0.05511037	-0.03914686	0.00304485	-0.00962182	-0.00502395	-0.03437078	-0.01640812	0.02712435	0.07819428	-0.05982832	0.03147409	-0.04208444	0.00047720	-0.01142869	-0.00030407	-0.00510455	-0.00510455	0.00604372	0.02850605	0.15437523	0.06801480	-0.00879530	-0.01425804	-0.03873810	-0.02427204	-0.03259165	0.41211342	-0.01479627	0.00554324	0.01120501	-0.00546746	-0.00452459	0.00015647	0.01486263	-0.01691827	0.00084626	0.02599360	-0.00992795	-0.00180193	-0.01914976	0.02730733	0.01283484	0.00495903	0.02534665	0.02761791	-0.03718653	-0.02261332	0.00045499	0.00000000	0.01640812	0.00975152	0.01305292	-0.00427352	-0.02952844	-0.00993500	-0.00026886	0.11100871	0.08166158	0.02243557	-0.03032761	0.02912694	0.04424347	0.07073018	0.08800480	-0.06447820	-0.02675510	-0.06741570	0.00000000	0.00285799	-0.00357968	0.00000000	0.00885624	-0.00447551	-0.00062260	-0.01484847	0.02929610	0.03767209	-0.04190893	0.00000000	-0.00448053	-0.00874099	0.02527389	0.01811958	-0.00042587	-0.06420123	-0.04759804	-0.00038052	-0.03975026	0.05091017	0.05091017	0.05091017	0.00000000	0.00000000	0.00000000	0.00000000	0.00000000	0.00000000	0.00000000	0.00000000	0.00000000	0.00000000	0.00000000	-0.02626202	-0.05805981	0.00675327	-0.03065229	0.03030921	0.10190959	0.06779278	0.02025239	0.00834846	0.03781072	0.00605856	0.02816052	0.05242743	0.35693657	0.20911243	0.33624132	0.14898353	0.00493895	0.03133793	0.08172880	0.09143440	0.00154445	-0.00067490	-0.00171234	0.13589132	0.04578317	-0.05679620	-0.03224602	0.00261846	-0.03448104	0.00261846	0.18987563	0.09423825	-0.01196147	0.03481834	0.16174833	-0.03317428	-0.02126182	-0.00400983	-0.00853628	-0.02693236
KnightPieceSquareMiddleGame_9	0.03644577	0.11300992	-0.06537960	-0.02690449	0.02908694	-0.12171706	0.00158991	0.01333140	0.06180814	0.06065498	0.09923705	0.00286577	0.01928788	0.02080023	0.02274682	0.01197786	0.00769526	-0.00157320	0.10054819	0.05260467	0.02233490	0.05255824	0.05255824	0.08228709	0.13005876	0.26778713	0.09709683	0.01021936	0.90481885	-0.01267952	-0.06188675	-0.00792683	-0.01601586	1.00000000	-0.05340912	-0.00942088	-0.01657381	0.00275305	-0.06632084	-0.04713602	-0.00988058	0.02554512	-0.01086692	-0.00636755	-0.05922925	0.02908291	0.07166702	0.01541144	-0.02721113	0.00922561	-0.00226103	0.00520436	0.04522145	-0.04030144	-0.09779255	0.01475721	0.07095326	-0.01654054	0.02920097	-0.00845457	-0.02360956	-0.08469904	0.01046889	-0.00421427	-0.01030438	-0.01030438	0.01208884	0.02947481	0.14285623	0.05704200	0.00224701	0.32297889	-0.02325641	-0.04374246	-0.00830907	-0.03537646	0.49393626	-0.03856401	-0.03510499	-0.05138393	-0.03828496	0.00020987	-0.06312643	-0.06380861	-0.01147664	0.00719420	-0.00393853	-0.07077258	-0.06003695	-0.03634643	-0.02850364	-0.01593040	-0.04758087	0.03273301	0.01350893	-0.01086812	0.00061025	0.00000000	-0.01475721	0.02490818	-0.01670244	-0.02923575	-0.02501774	-0.01187386	0.01566642	0.13173193	0.09683040	0.02640150	-0.00788731	0.01719903	0.02564411	0.01939765	-0.01341065	-0.06467795	-0.00604651	0.01372659	0.00000000	0.00383332	-0.02277711	-0.02805756	-0.03292327	-0.01850870	-0.00083507	-0.00709732	0.03836871	0.06411093	-0.03018729	0.00000000	-0.02630325	-0.02605322	-0.02156732	-0.02643584	-0.00057120	-0.00308385	-0.00274915	0.04060364	-0.02710334	0.03409780	0.03409780	0.03409780	0.00000000	0.00000000	0.00000000	0.00000000	0.00000000	0.00000000	0.00000000	0.00000000	0.00000000	0.00000000	0.00000000	0.10125338	-0.02331606	0.05431847	-0.03312327	0.03248360	0.00090521	-0.00061025	0.01994768	0.07084908	0.10706298	-0.05314222	-0.09832978	-0.00015661	-0.02249206	-0.02513479	-0.00000000	0.00262929	-0.07223769	-0.01138776	-0.01279202	-0.01820371	0.00207151	-0.00090521	-0.00229670	0.10805910	0.00013199	0.05091006	0.06526303	0.00351203	-0.11288506	0.05554214	0.06414732	0.04305237	0.05343832	0.02793196	-0.06063368	0.01176950	-0.00083061	0.13121177	0.08876963	-0.01779591
BishopPieceSquareMiddleGame_0	-0.07220098	-0.51762793	0.74164595	-0.10332174	-0.10094425	0.10538952	-0.12131571	-0.11550955	-0.10704641	-0.04864748	-0.02917040	0.01256069	-0.03438115	-0.03636742	-0.02981873	-0.02225152	-0.00552730	0.01877881	-0.06815989	-0.08883288	0.07426122	-0.00811031	-0.00811031	-0.21752071	-0.54254800	-0.35552233	-0.41811508	-0.06297574	-0.05218174	-0.18764397	-0.11545565	-0.08275386	-0.07905793	-0.05340912	1.00000000	0.26587862	0.49470155	0.26402829	0.26509537	0.16652546	0.04151014	-0.01597162	0.13654490	0.02877280	0.12678244	-0.12010946	-0.09214016	-0.14687694	0.04009096	-0.05136859	-0.09776589	0.01249282	-0.07747265	0.01416418	0.00895318	0.05710642	-0.00258918	-0.03126443	0.00657918	0.16194273	0.02681571	-0.00017906	-0.01224157	-0.00277639	0.06534861	0.06534861	-0.08326238	-0.20367686	-0.19065125	-0.22385924	-0.07396981	0.00000000	-0.11141590	-0.12547548	-0.01934281	-0.00748807	-0.03701438	0.00343523	0.18277078	0.16340226	0.21486706	0.05082654	0.00921060	0.06820481	-0.01090255	0.06193592	0.07106186	0.04575337	-0.01499252	0.01556763	-0.05895118	-0.01392175	0.00835011	-0.03206671	-0.03125536	-0.03364082	0.02259311	-0.02276254	-0.05710642	-0.03155202	-0.03135836	-0.00285084	0.01312083	-0.01210995	0.00010089	-0.55620454	-0.44394936	-0.21842245	-0.05035528	-0.14307597	-0.12596165	-0.07731911	-0.03426255	0.77578828	0.54917241	0.28146667	0.00000000	-0.00107243	0.19455576	0.19427703	0.16436219	0.12833348	0.03917125	-0.05161792	-0.07387721	-0.04971814	0.02347615	0.00000000	-0.07688806	-0.07871935	-0.06686283	-0.03783588	-0.01049366	-0.07877655	-0.02771685	0.00609227	0.05891562	-0.04779590	-0.04779590	-0.04779590	0.00000000	0.00000000	0.00000000	0.00000000	0.00000000	0.00000000	0.00000000	0.00000000	0.00000000	0.00000000	0.00000000	-0.07923657	0.65240258	-0.63011221	0.01189642	-0.00855009	0.01663002	-0.02259311	0.02707140	-0.02172849	-0.21282165	-0.00678417	-0.03612227	-0.02624512	-0.16739279	-0.09068161	-0.16472366	-0.06816442	0.16309395	0.02287417	-0.03580496	-0.05204108	0.00953940	0.00025325	-0.01720578	-0.04567685	-0.00997888	0.00717240	0.05113229	0.05360358	0.01377343	0.05360358	-0.04191674	-0.08923316	-0.09875976	-0.07329511	-0.05993563	-0.03012991	0.01400290	0.03732968	-0.08463532	-0.02681118
BishopPieceSquareMiddleGame_1	-0.01395485	-0.28402052	0.42312976	-0.03919480	-0.03704133	0.01746982	-0.01860711	-0.03362388	-0.00432079	-0.00862580	0.02166036	-0.01309836	-0.01280326	-0.01786545	-0.01528739	-0.02538136	-0.01659768	-0.00374941	-0.06239565	-0.04012767	-0.01709420	0.03078745	0.03078745	0.08329049	-0.28729152	-0.18206964	-0.23792104	-0.00756724	-0.02515216	-0.11881121	-0.09769158	0.02110221	-0.06682912	-0.00942088	0.26587862	1.00000000	0.21009528	0.21037613	-0.48997815	0.37177834	0.28837271	0.42118313	0.40970641	0.22525115	0.30844479	-0.01020327	-0.07070896	0.01519767	0.13169836	-0.04195349	-0.03953476	0.08052467	-0.05353888	-0.14277852	-0.05586180	0.07271452	-0.00755944	0.03510700	0.04345497	0.02524419	0.00316298	-0.01344552	0.01850071	-0.00192077	0.09022976	0.09022976	-0.00977185	-0.13064854	-0.10073747	-0.13996485	-0.05288539	-0.03288364	-0.06583677	-0.09880584	-0.01888677	0.00629423	-0.03412497	0.33578328	0.41079178	0.22635785	0.15395700	-0.12169135	0.12126194	0.14631021	0.14119287	0.13723442	0.15624711	0.12911025	-0.03520493	-0.00883224	-0.02515452	-0.00474367	-0.00201700	-0.00894159	-0.01628205	-0.05317060	-0.00201767	-0.02468901	-0.07271452	0.00037368	-0.03464203	-0.01258242	-0.01429907	0.00681024	-0.00336708	-0.31538680	-0.21642608	-0.18621063	-0.13209026	-0.06571235	-0.06058641	-0.04697414	-0.03506150	0.42759775	0.49488823	0.43984832	0.00000000	0.04936324	0.13375454	0.15112193	0.14997493	0.11571417	0.04499402	-0.02385845	0.10622697	0.11445211	0.01251944	0.00000000	-0.02404380	-0.02193833	-0.01395595	-0.02550297	-0.00388901	-0.02219622	0.07860733	0.07038514	0.03777816	-0.02517512	-0.02517512	-0.02517512	0.00000000	0.00000000	0.00000000	0.00000000	0.00000000	0.00000000	0.00000000	0.00000000	0.00000000	0.00000000	0.00000000	-0.04422110	0.33049871	-0.32246880	-0.05389118	0.05617816	0.00616318	0.01127657	0.00110209	0.04162023	-0.03011192	-0.01053847	0.00321180	0.00130986	-0.09716297	-0.03250115	-0.14730338	-0.04526093	0.04101449	-0.00492853	0.00042833	-0.01843253	0.01185898	-0.00158515	-0.01854097	0.27211820	-0.03079673	0.01484619	0.02451649	0.00318972	-0.01528808	-0.00273087	0.15058763	0.01463414	0.05544202	0.05181586	0.03301749	0.04010887	0.01534845	-0.00358942	0.06291437	-0.01800105
BishopPieceSquareMiddleGame_2	-0.00959149	-0.37648207	0.53609593	-0.07933564	-0.05965292	0.06080815	-0.05320885	-0.03803235	-0.03717525	-0.03419999	-0.04740101	-0.01452524	0.00254515	0.00767385	0.00934645	-0.00086182	0.00261393	-0.00586087	-0.05395166	-0.07025010	0.15414452	-0.09179957	-0.09179957	-0.16817686	-0.41051999	-0.26273848	-0.31666547	-0.09210740	-0.03079117	-0.09006391	-0.11481047	-0.06593951	-0.06476625	-0.01657381	0.49470155	0.21009528	1.00000000	0.93686316	0.15043806	0.07450732	0.47438211	0.21744350	0.06474909	0.10724429	0.09407819	-0.05377543	-0.05450056	-0.09223067	0.01706128	-0.04963856	-0.06365526	0.02146221	-0.05078883	-0.00770411	0.02537921	0.05876406	-0.04792868	0.02588782	0.07070954	0.08331398	-0.00639326	-0.01859463	0.05825499	0.01912570	0.10358253	0.10358253	-0.03804470	-0.13265795	-0.12574828	-0.14734555	-0.05090939	-0.01956935	-0.06458677	-0.08559709	-0.01486572	0.00081545	-0.03680838	0.25262043	0.16976434	0.34279493	0.42514097	0.02947201	-0.00215872	0.20052845	0.07168028	0.08522002	0.04425232	0.04983945	-0.04131102	-0.02111599	-0.04646460	-0.01667710	-0.00566795	-0.01441009	-0.02555988	-0.01814083	0.02715482	-0.01951367	-0.05876406	-0.02341405	-0.00292475	-0.00029676	0.02965792	-0.00911986	-0.01258672	-0.42545878	-0.26225977	-0.04800910	0.00021680	-0.07481392	-0.07205730	-0.04221138	-0.01486893	0.55850417	0.44938257	0.36247466	0.00000000	0.05779758	0.14407706	0.14467817	0.12797751	0.09941086	0.06031117	-0.03914786	-0.01374208	-0.04696231	0.01443329	0.00000000	-0.06025797	-0.06073545	-0.06285850	-0.01514487	-0.00106246	-0.05074543	0.03102831	0.00401498	-0.02549097	-0.01998874	-0.01998874	-0.01998874	0.00000000	0.00000000	0.00000000	0.00000000	0.00000000	0.00000000	0.00000000	0.00000000	0.00000000	0.00000000	0.00000000	-0.03583507	0.49704088	-0.49822543	-0.00350048	0.00561487	0.01133278	-0.00764004	0.01376078	0.00406880	-0.09325012	0.00165814	-0.06289818	-0.03200970	-0.12439360	-0.05978269	-0.10095218	-0.04906051	0.09860561	0.02314458	-0.02627313	-0.00496041	0.00290681	0.00024605	-0.00549607	-0.03381682	-0.00810752	-0.01076111	0.01101247	-0.02715989	-0.00531937	-0.03090350	-0.04115784	-0.01611368	-0.03481378	-0.03318832	0.02677438	-0.01830099	-0.00626702	0.08008400	-0.04685823	0.01351111
BishopPieceSquareMiddleGame_3	-0.01074926	-0.26806593	0.39047080	-0.07358458	-0.03893810	0.03554105	-0.03886231	-0.03191862	-0.02656874	-0.02026060	-0.03833095	-0.02896775	-0.00021636	0.00271212	0.00650949	-0.00473020	-0.00393051	-0.01166265	-0.06291915	-0.06557004	0.13979245	-0.08522754	-0.08522754	-0.10422390	-0.29114184	-0.18507944	-0.23572080	-0.06520490	-0.00979915	-0.02116458	-0.09610116	-0.04934570	-0.06423443	0.00275305	0.26402829	0.21037613	0.93686316	1.00000000	-0.01121683	0.05499123	0.56520247	0.21600710	0.03111782	0.08150710	0.08644982	-0.03922509	-0.01465682	-0.07038090	-0.01419549	-0.04100092	-0.04621088	0.02354423	-0.02501216	-0.01182167	0.03158761	0.07167811	-0.06863088	0.04903454	0.09618731	0.04684716	-0.00398498	-0.02510795	0.05023386	0.01042692	0.09400168	0.09400168	-0.02497347	-0.09874387	-0.09199214	-0.11205998	-0.03435820	-0.02718378	-0.04641089	-0.05556571	-0.02104879	-0.00075451	-0.02742633	0.28880582	0.15602909	0.36345642	0.40533381	0.01869877	-0.00159214	0.22961485	0.08264396	0.08440557	0.03120268	0.04666108	-0.04814491	-0.01989654	-0.04550783	-0.02419114	0.00021742	-0.00580845	-0.01507140	-0.01524665	0.01581901	-0.01204731	-0.07167811	-0.03097238	-0.00849800	0.00863270	0.01337891	-0.00728882	-0.00649996	-0.30355091	-0.14137056	0.00221506	-0.00461374	-0.05214207	-0.05222948	-0.03339140	-0.01405567	0.39520157	0.34042423	0.32127494	0.00000000	0.05850034	0.12250969	0.12131048	0.10739622	0.08008402	0.05460330	-0.04383077	0.00449678	-0.03157074	0.00988630	0.00000000	-0.04865109	-0.04837539	-0.04997386	-0.01439113	0.00098109	-0.03638474	0.05387132	0.00583079	-0.03759191	-0.00931913	-0.00931913	-0.00931913	0.00000000	0.00000000	0.00000000	0.00000000	0.00000000	0.00000000	0.00000000	0.00000000	0.00000000	0.00000000	0.00000000	-0.01840675	0.35501523	-0.36301044	-0.02132392	0.02264320	0.00380658	-0.00256622	0.01557524	0.01710695	-0.04243662	-0.00708187	-0.05842193	-0.01055276	-0.09819971	-0.04659230	-0.07234224	-0.03436372	0.07896903	0.01209502	-0.01264792	-0.00168294	0.00160277	-0.00023233	-0.00247874	-0.00916449	-0.00714232	-0.00854200	0.01001695	-0.04070061	0.00055962	-0.02798889	-0.02838460	-0.00688029	-0.01271916	-0.02499178	0.02628012	-0.00748653	-0.00932341	0.08508072	-0.03204779	0.01319849
BishopPieceSquareMiddleGame_4	0.01540198	-0.09318296	0.13764665	-0.04584109	-0.02071152	0.03322807	-0.03035271	-0.02778711	-0.05797175	-0.03606716	-0.05043822	0.00814138	0.00582536	0.00869255	0.00545845	-0.00011763	0.00124814	-0.00798846	-0.03965635	0.02583225	0.05600025	-0.04673054	-0.04673054	-0.10114796	-0.09678065	-0.03154739	-0.03391179	-0.12914378	-0.06891536	-0.01988147	0.05244716	-0.05798305	0.06410514	-0.06632084	0.26509537	-0.48997815	0.15043806	-0.01121683	1.00000000	-0.08879059	-0.22541786	-0.21461489	-0.07124544	0.00262863	-0.07265214	-0.07506937	-0.05028723	-0.08509091	-0.02066590	-0.00575322	-0.03677010	0.02874529	-0.08196373	-0.01411878	0.05919653	-0.02379199	-0.00983005	-0.02259675	-0.01927937	0.06484348	0.01681132	0.04477041	-0.00696852	0.01208793	-0.00244448	-0.00244448	-0.04019004	-0.03510141	-0.03603215	-0.02559103	0.01643639	0.00000000	-0.00083868	-0.00164417	-0.01326004	0.00454852	-0.00710296	-0.08754961	-0.10551456	-0.00581321	0.05440639	0.22124184	-0.01177650	-0.07836592	-0.05263434	-0.02714115	-0.00363737	0.00001474	0.01161875	-0.00781959	-0.00895648	0.00360394	0.00803681	0.00632098	-0.01685878	0.00766528	0.00992427	-0.01092018	0.02379199	-0.01285296	0.01395010	-0.00422513	0.02453731	-0.00424912	0.00058886	-0.09646845	-0.09221632	0.07761301	0.10407040	-0.03121609	-0.02679990	-0.02319274	0.00736226	0.15839595	-0.05250276	-0.13418377	0.00000000	-0.00625967	0.01426109	0.00376578	-0.01915345	-0.01319295	0.00136364	-0.02330189	-0.09005033	-0.14026771	-0.04324513	0.00000000	-0.03354687	-0.03566702	-0.04626649	-0.01007994	0.00093274	-0.02468029	-0.04470817	-0.00592157	0.03534629	-0.00160739	-0.00160739	-0.00160739	0.00000000	0.00000000	0.00000000	0.00000000	0.00000000	0.00000000	0.00000000	0.00000000	0.00000000	0.00000000	0.00000000	-0.01182497	0.17321894	-0.13965262	0.05265939	-0.05158270	0.03092035	0.00099652	0.00661578	-0.02068693	-0.06344147	-0.00439725	-0.04845797	-0.02496814	-0.00197383	-0.00639123	0.03026492	0.00158802	0.04780097	-0.00945389	-0.02374493	0.01239811	-0.00338270	0.00147818	0.00375042	-0.10956449	-0.03127689	-0.01136393	-0.00531595	-0.00573503	0.00030035	0.00473991	-0.08881218	-0.03327232	-0.05199893	-0.00580120	-0.00421949	-0.02186020	-0.00855311	-0.04621534	-0.08397309	-0.00964133
BishopPieceSquareMiddleGame_5	0.08007226	-0.08857160	0.13592558	0.03713410	-0.00328856	0.03597606	0.03558889	0.01179109	0.00709229	-0.01160930	-0.00136289	0.00287602	-0.00224829	-0.00381995	0.00314325	-0.00923544	-0.00196096	-0.00157883	-0.05051930	0.09968242	0.04162034	0.07385217	0.07385217	0.04619396	-0.07019341	-0.12796666	-0.08282139	0.00925291	-0.06271579	-0.00535636	-0.04261610	-0.08968438	-0.08826632	-0.04713602	0.16652546	0.37177834	0.07450732	0.05499123	-0.08879059	1.00000000	0.00087128	-0.00230876	0.00426749	0.01684727	0.87833471	0.03153251	-0.02743387	0.00410193	0.12374709	-0.00203238	-0.04260909	0.07493776	-0.00014635	-0.04873692	-0.00382006	0.01343714	-0.02786369	-0.04235003	0.07991151	-0.00732253	-0.04478473	0.00064233	0.01317889	-0.00073673	0.07611682	0.07611682	0.00868863	-0.08030196	-0.10660195	-0.09548982	0.02480556	-0.06141503	-0.02992347	-0.04614450	-0.05186497	0.00013364	-0.07966673	0.01933217	0.17237781	0.07681513	0.04804628	-0.06718709	0.36101756	0.03188225	-0.02164318	-0.02368819	0.02616261	0.45621699	0.00763756	0.02608094	0.00790165	-0.00939467	0.02771099	0.02938997	0.00832747	0.00471849	0.00061244	0.00000000	-0.01343714	-0.00213681	-0.01999349	0.02300968	-0.00461154	-0.00026222	-0.00036190	-0.07883360	-0.07105070	-0.08846567	-0.09045058	-0.05560037	-0.05813405	-0.05464553	-0.04428905	0.15437298	0.14820239	0.08552289	0.00000000	0.00384704	0.01717889	0.03378958	0.00973370	0.00150608	-0.00083806	0.05679220	0.05113097	0.06632314	0.03305864	0.00000000	-0.00011826	0.00000000	0.01770915	0.02594358	-0.00057324	-0.00309489	-0.05180770	-0.00478060	0.05066525	-0.00119526	-0.00119526	-0.00119526	0.00000000	0.00000000	0.00000000	0.00000000	0.00000000	0.00000000	0.00000000	0.00000000	0.00000000	0.00000000	0.00000000	-0.06535239	0.13797643	-0.10662838	-0.04380676	0.05729089	0.07358478	0.04838259	-0.01222303	0.04510409	0.04619750	0.00621349	-0.03565265	0.01241664	-0.05117128	-0.00018778	-0.07543357	-0.02374827	0.02519052	0.01271262	0.02156014	0.02130778	0.00207892	-0.00090845	-0.00230492	0.08524052	0.01146335	-0.01721837	-0.03407069	0.00352460	0.00329387	-0.04347010	0.04174882	0.04782130	0.09295300	0.04088452	0.04948997	0.01699541	0.07326277	-0.00539748	0.06533468	0.01009776
BishopPieceSquareMiddleGame_6	-0.02661921	-0.15527084	0.20345589	-0.02678302	-0.02366102	0.00134481	0.02910435	0.02841950	0.04841330	0.02370540	-0.00238153	0.00683333	-0.00201896	-0.00344446	-0.00341621	0.00057221	0.00314721	0.00369170	-0.02240542	-0.08181463	0.09093611	-0.08125376	-0.08125376	0.02468751	-0.17268807	-0.05039372	-0.12532536	-0.03989233	0.00840071	-0.07207857	-0.01571324	0.06797832	-0.00004623	-0.00988058	0.04151014	0.28837271	0.47438211	0.56520247	-0.22541786	0.00087128	1.00000000	-0.01439655	-0.03234960	-0.05681119	0.01678072	-0.00404530	-0.07208275	0.03283043	0.01608042	-0.07189655	-0.00491593	0.03845787	0.05870808	-0.04758123	0.01093323	0.03198445	-0.06743525	0.06955273	0.01965974	0.00252489	0.02367957	-0.02875487	0.05416066	0.00652941	0.09102962	0.09102962	0.01828544	-0.04906749	-0.03636904	-0.04944926	-0.01590369	-0.02316192	-0.02807908	-0.01538308	0.00185803	0.00208151	-0.02103173	0.25468234	0.12488295	0.20169628	0.16405037	-0.07138546	0.00209203	0.43940437	-0.00874958	-0.00948284	-0.05730614	0.01710587	-0.01893870	-0.00124821	-0.02798010	-0.01374343	-0.00260365	-0.02141207	-0.00602177	0.00566307	0.02801707	-0.00461921	-0.03198445	-0.02791007	-0.01492065	0.02429789	-0.00540804	0.02360559	-0.00563686	-0.19455948	-0.06867200	0.02913733	-0.00159996	-0.00535957	-0.00982969	0.01332141	0.00726483	0.21401665	0.27130076	0.28957559	0.00000000	0.06572406	0.05156183	0.05734496	0.05822778	0.05072226	0.02329396	-0.02473696	0.04548617	-0.00079638	0.06013072	0.00000000	-0.00897775	-0.00621232	-0.00221454	0.01928152	0.00692531	-0.04281824	0.06223460	0.03178336	-0.04944806	0.00993213	0.00993213	0.00993213	0.00000000	0.00000000	0.00000000	0.00000000	0.00000000	0.00000000	0.00000000	0.00000000	0.00000000	0.00000000	0.00000000	0.00554431	0.17850081	-0.19331086	-0.02263018	0.02114823	-0.02696358	-0.01877814	-0.00476723	0.03279592	-0.00073826	0.01461658	-0.00278416	-0.00600463	0.00010400	-0.03125194	-0.00568977	-0.03851238	0.05724226	0.01861102	-0.01486539	-0.00922337	0.00101925	-0.00044540	-0.00113005	0.03342844	-0.01009568	0.02803227	0.01568324	0.00172804	0.01778664	0.01945151	0.03736570	-0.03538078	-0.03389013	-0.00748390	0.00479857	-0.03100492	-0.00669621	0.05260555	-0.02238778	0.01718705
BishopPieceSquareMiddleGame_7	-0.00030899	-0.07743157	0.09319762	-0.03141281	-0.00273562	-0.00651197	0.01021319	0.03101039	0.03789700	0.02824782	0.04124047	0.02427166	0.01268102	0.01014634	0.00126318	-0.00754076	-0.00033403	-0.00157447	-0.02624785	-0.01859184	0.02774232	-0.02915754	-0.02915754	0.03061589	-0.07988341	-0.05447853	-0.11079339	-0.06057406	0.01106217	-0.00773332	-0.11105256	-0.02750144	0.00120429	0.02554512	-0.01597162	0.42118313	0.21744350	0.21600710	-0.21461489	-0.00230876	-0.01439655	1.00000000	-0.00522965	0.02216176	-0.00010857	-0.03292609	-0.05264797	0.02269220	0.07063823	-0.02925202	-0.00488972	-0.00608002	-0.01430441	-0.05232770	-0.05371853	0.03992882	0.03290648	0.06482280	-0.00350662	-0.02022536	-0.01190579	-0.00031550	0.01035304	0.00217483	0.03093456	0.03093456	0.00864816	-0.02885619	-0.01012909	-0.03291334	-0.03131570	0.00000000	-0.02013936	-0.03659206	0.00072437	-0.00006564	0.00237154	0.15699160	0.11243919	0.11743419	0.10542602	-0.04524555	-0.00948812	0.01754756	0.33062351	-0.01023125	-0.00926456	-0.00931096	-0.00758804	-0.00526055	0.00084984	-0.00613052	-0.00102279	0.00086040	-0.00468305	-0.00529210	0.01428418	0.00000000	-0.03992882	0.01437723	-0.01845936	-0.02173930	-0.00466418	0.00168995	-0.00844073	-0.09205879	-0.03255579	-0.03259494	-0.04916902	-0.00808602	-0.00418443	-0.01045619	-0.01192128	0.09153612	0.17589983	0.23621926	0.00000000	0.02559516	0.03347087	0.03771970	0.05811881	0.03512694	0.03533838	-0.01512477	0.06879713	0.01576363	0.00705572	0.00000000	-0.02528796	-0.02381709	-0.01341512	-0.01163300	0.00028156	-0.00981889	0.06888464	0.06028883	0.01054109	0.00058708	0.00058708	0.00058708	0.00000000	0.00000000	0.00000000	0.00000000	0.00000000	0.00000000	0.00000000	0.00000000	0.00000000	0.00000000	0.00000000	-0.01108041	0.08458104	-0.08862027	0.01615914	-0.01894086	-0.03289798	-0.01428418	-0.01770621	0.02953650	0.00658475	-0.00964130	-0.02675589	0.00756322	-0.02995941	-0.01108739	-0.03592848	-0.02878841	0.00275921	-0.01250549	-0.03264174	0.01717808	-0.00102112	0.00044621	0.00113212	0.10297519	-0.01526182	0.01043333	-0.00160470	-0.03670502	0.00216162	-0.02971026	0.08922335	0.04952664	0.05308164	0.04658976	0.00136383	0.03321743	-0.01833921	0.00265112	0.04248360	0.01337147
BishopPieceSquareMiddleGame_8	0.00191736	-0.06867842	0.11331231	-0.03706956	-0.00771709	-0.00640105	0.00457491	-0.03495910	-0.03362585	-0.05265911	-0.02408465	-0.09792953	0.00426907	-0.00044904	-0.00110847	-0.00824559	-0.01399289	-0.00408301	-0.00151916	0.00077351	-0.05488151	0.01489236	0.01489236	0.05940738	-0.06611179	0.02933644	-0.00880210	-0.08355684	-0.02081741	-0.04958170	0.05510478	0.06355958	0.01479500	-0.01086692	0.13654490	0.40970641	0.06474909	0.03111782	-0.07124544	0.00426749	-0.03234960	-0.00522965	1.00000000	-0.06785707	-0.01710000	0.02723896	0.03789328	0.07753957	0.02216859	0.00788392	-0.01836524	0.08856721	-0.04421719	-0.11615521	0.01664806	0.02975702	0.00455541	0.04596097	-0.00660310	0.00135263	0.02160400	0.00027686	0.00395247	0.01294864	0.00203846	0.00203846	-0.00961283	-0.02438150	-0.01409678	-0.02804280	-0.01360751	-0.01985319	-0.02311338	-0.03295487	0.01210340	0.01388162	-0.01030131	0.01856538	0.17643332	0.09020613	0.11462736	-0.04348355	-0.02469293	-0.02612450	-0.01751154	0.37570964	-0.02117391	-0.03525975	-0.07077619	-0.02406977	-0.02815031	-0.04667307	-0.00462567	0.00595628	0.00905123	-0.03624862	-0.01029487	-0.00527912	-0.02975702	0.01311333	-0.01488483	-0.00188906	-0.02659669	0.00892861	0.00296370	-0.07527523	-0.05259647	0.02508490	-0.00034501	-0.01374884	-0.01806011	-0.01578304	-0.00068998	0.08559911	0.14455466	0.12588271	0.00000000	0.00165814	0.07964238	0.09284475	0.09281709	0.07594993	0.05020941	-0.04485955	0.06813152	0.08883576	-0.05111279	0.00000000	-0.00208979	-0.00202852	-0.04258378	-0.05041999	-0.02001321	0.01918834	0.08073153	0.05828332	-0.00809555	-0.02455678	-0.02455678	-0.02455678	0.00000000	0.00000000	0.00000000	0.00000000	0.00000000	0.00000000	0.00000000	0.00000000	0.00000000	0.00000000	0.00000000	-0.03041693	0.05052729	-0.04235580	-0.01741778	0.02170021	0.04737865	0.02085372	0.00971425	0.05659678	0.02801166	-0.00903865	-0.01536690	-0.01903609	-0.04846969	-0.00008094	-0.06827761	0.00682394	-0.00863535	-0.00149437	0.11413445	-0.01274796	0.00089605	-0.00039156	-0.00099346	0.21626851	-0.03506061	-0.02907818	0.00140815	-0.05924737	0.00348475	0.06228570	0.07592780	-0.00226257	0.00192894	-0.03481404	-0.00119679	0.03892469	0.02519014	-0.00232641	-0.00063346	-0.00706358
BishopPieceSquareMiddleGame_9	0.01252863	0.00290016	0.10354754	-0.00260784	-0.00636755	0.01541931	-0.03385044	0.00144658	0.00873893	-0.00593596	-0.00263894	0.00556877	-0.00007487	-0.01228670	-0.00749456	-0.01381817	-0.01146759	-0.00305704	0.03453659	0.00500647	0.00578205	-0.03398401	-0.03398401	-0.00390037	0.02203122	0.00649503	0.03335111	-0.01942574	-0.00977063	0.01252647	-0.00648187	-0.00066331	0.02222664	-0.00636755	0.02877280	0.22525115	0.10724429	0.08150710	0.00262863	0.01684727	-0.05681119	0.02216176	-0.06785707	1.00000000	0.00460350	-0.02812412	-0.05958815	-0.00818627	0.04612686	-0.00393525	-0.04877388	0.01506133	-0.06468440	-0.08834773	-0.00739668	0.02384302	-0.01809666	0.01318528	0.03811780	0.02449000	-0.01571425	-0.01006294	0.01387477	-0.01260799	-0.01094809	-0.01094809	0.01916153	-0.04407658	-0.01226082	-0.02200712	-0.08494625	0.00000000	0.00203390	-0.03361681	-0.00402825	0.01437289	0.00000000	0.12340149	0.16404762	0.07521771	0.06742050	-0.00700698	-0.00528233	-0.06999668	-0.02787125	-0.04127631	0.59533892	-0.00469646	0.02151040	-0.00687675	0.02598680	0.04012388	-0.00160714	0.03086890	0.00465246	0.01434773	-0.06349674	-0.02155964	-0.02384302	0.03526690	0.00735865	-0.00752194	0.00034789	-0.02820187	0.00566958	0.01898587	-0.00701048	-0.02484270	-0.01845773	-0.02143416	-0.01684076	-0.01299057	-0.01249234	0.10137146	0.09552835	0.03688843	0.00000000	0.00744892	0.03768828	0.04089118	0.05195949	0.06123973	0.01312925	-0.02904661	0.04841350	0.00853340	0.02557220	0.00000000	0.02475025	0.02485312	0.02690680	0.01304385	-0.00110995	-0.00599255	-0.03771889	-0.01526731	0.05198201	-0.00231435	-0.00231435	-0.00231435	0.00000000	0.00000000	0.00000000	0.00000000	0.00000000	0.00000000	0.00000000	0.00000000	0.00000000	0.00000000	0.00000000	-0.01908090	0.06020082	-0.09390142	-0.05074967	0.04614479	0.00175902	0.02037501	0.00439955	-0.00804783	0.02549836	0.00382805	-0.02050702	0.02182872	0.00663421	0.00624711	-0.01327819	-0.01811458	0.02043534	-0.00020343	-0.00107042	0.01438702	0.02319376	-0.00175902	-0.03827317	0.07665386	0.01012146	-0.01734026	0.02275684	0.02750519	-0.05982510	-0.09657837	0.08083715	0.03288909	-0.00220032	0.09250384	0.06362533	0.00299162	0.01142876	-0.01045100	0.04654304	-0.01774543
BishopPieceSquareMiddleGame_10	0.06506573	-0.02231112	0.11230425	0.01907378	-0.00407730	0.03159020	0.02123775	0.02386442	0.01622125	-0.00664556	0.00810603	0.00356582	-0.00016706	-0.00174096	-0.00318857	-0.01393975	0.00226686	-0.00195750	-0.03814743	0.05346834	0.06134079	0.03401146	0.03401146	0.02293768	0.00042043	-0.05585895	-0.02990667	0.01974479	-0.08397537	0.01027095	-0.01019277	-0.06005951	-0.03608234	-0.05922925	0.12678244	0.30844479	0.09407819	0.08644982	-0.07265214	0.87833471	0.01678072	-0.00010857	-0.01710000	0.00460350	1.00000000	0.02259526	-0.03225287	-0.03040832	0.11795383	-0.00251984	-0.03543204	0.08090964	0.00928528	-0.04567688	-0.00473628	0.02798309	-0.06686617	-0.02157261	0.11246980	0.00389091	0.00330950	0.00079639	0.02239055	0.00946522	0.08552213	0.08552213	-0.00736567	-0.04838426	-0.08731902	-0.07825459	0.02710820	-0.08276643	-0.01314407	-0.02779803	-0.05223766	0.00016569	-0.09447986	0.02799114	0.16203901	0.09067651	0.06431219	-0.06331919	0.36917307	0.03711159	-0.01086877	-0.03921034	0.01133337	0.55803104	-0.00236735	0.01814785	-0.00156181	-0.01537954	0.03021269	0.02300914	0.00856820	-0.00731649	0.00075933	0.00000000	-0.02798309	-0.01581363	-0.02165348	0.02498453	0.00517306	-0.00032511	-0.00044870	-0.00386226	0.00231866	-0.05563427	-0.07693497	-0.03869755	-0.04101274	-0.04442902	-0.05951388	0.13358638	0.14900746	0.06073273	0.00000000	0.00476973	0.00503681	0.01821471	0.00122039	-0.01761759	-0.00103907	0.06095322	0.06555626	0.06106759	0.02202245	0.00000000	-0.03074542	-0.03044432	-0.01120440	0.02814631	-0.00071073	-0.00383718	-0.05630141	-0.00592721	0.04682138	-0.00148194	-0.00148194	-0.00148194	0.00000000	0.00000000	0.00000000	0.00000000	0.00000000	0.00000000	0.00000000	0.00000000	0.00000000	0.00000000	0.00000000	-0.03152332	0.11141786	-0.09469037	-0.03857052	0.04894551	0.11865770	0.07847490	0.00065075	0.05459436	0.02215977	0.00226089	-0.02962874	0.00658321	-0.02248058	0.00786509	-0.05692883	-0.03940114	0.03883869	0.01601087	0.03507542	0.03601879	0.00257754	-0.00112634	-0.00285774	0.07950016	0.01666479	-0.02123800	-0.03620415	0.00436996	0.00589177	-0.04629625	0.05834897	0.06103238	0.05934428	0.04574506	0.05290738	-0.01449688	0.07485744	-0.00669204	0.03707051	0.01037802
RookPieceSquareMiddleGame_0	0.07338584	-0.10273539	-0.11602251	0.60297062	-0.15204619	-0.02040455	0.06981284	0.05417840	0.03236222	0.01323784	-0.01458343	-0.11485794	0.01157004	-0.00237391	0.00446649	0.00253165	0.01385799	0.00624846	0.03743264	0.02259438	0.01896454	-0.02873132	-0.02873132	0.02658899	-0.08096053	-0.06035202	-0.07270370	-0.02525229	0.02285252	-0.00724976	-0.05026555	-0.01451175	-0.00009802	0.02908291	-0.12010946	-0.01020327	-0.05377543	-0.03922509	-0.07506937	0.03153251	-0.00404530	-0.03292609	0.02723896	-0.02812412	0.02259526	1.00000000	0.28145565	0.21031447	0.30068041	0.13803905	-0.17748167	-0.07063350	-0.01287663	0.02489940	-0.04766316	-0.00489625	0.02469761	-0.03522212	0.00319457	-0.13369309	-0.00937849	0.02056822	0.05757824	0.02505026	-0.03148821	-0.03148821	0.03893083	-0.07595318	-0.04933889	-0.05876980	-0.06301396	0.02455150	0.00709448	-0.08613487	-0.00974365	-0.02136405	0.03184786	-0.04613931	-0.01205489	-0.06621505	-0.03838726	-0.06734946	0.04351463	0.01337563	-0.05763552	0.00009557	-0.03627494	0.00695491	-0.14128763	0.12946707	0.01702000	-0.12648624	-0.01528486	-0.02496866	-0.07391873	0.00876936	0.00002448	-0.02937798	0.00489625	0.03896466	-0.06977844	0.01318442	-0.07708575	0.01256855	-0.01158838	-0.08583912	-0.08578363	-0.04276623	-0.08194940	-0.06317918	-0.06170127	-0.01083256	-0.05125961	-0.12156353	-0.08727763	0.01120097	0.00000000	0.07397324	-0.03013324	-0.03039265	-0.02094678	-0.01438959	-0.00673403	0.55338942	0.32321061	0.15436136	0.06291374	0.00000000	0.20422109	0.21448341	0.14155220	0.01494833	-0.01835579	-0.19807950	-0.12756159	-0.08482606	-0.06839080	-0.01278968	-0.01278968	-0.01278968	0.00000000	0.00000000	0.00000000	0.00000000	0.00000000	0.00000000	0.00000000	0.00000000	0.00000000	0.00000000	0.00000000	-0.00428125	-0.13272471	0.09189162	0.00123537	-0.00131865	0.02908967	0.01956195	0.02959965	0.02937265	0.23272914	0.02167225	0.00429698	0.03015304	-0.02458445	-0.01802348	-0.03015560	-0.04208872	-0.08823315	-0.01298231	0.07069756	0.04051808	0.00008311	-0.00003632	-0.00009214	-0.02370315	0.14047410	-0.08013587	-0.02972194	-0.07500619	-0.00772105	0.01892767	-0.02926797	-0.01487638	0.02115423	0.04452783	0.03123045	0.11977685	0.06513294	-0.08652444	0.08540032	-0.07424249
RookPieceSquareMiddleGame_1	-0.00011466	-0.00197940	-0.09757913	0.24279718	-0.07525531	-0.04661299	-0.01614942	-0.03758891	-0.01594314	-0.00818610	-0.09816716	-0.11308485	0.00288731	-0.01156004	-0.01466048	-0.01101804	-0.00106985	0.01568769	-0.03947298	0.04070336	-0.08785262	0.01071852	0.01071852	0.08684505	0.00259899	0.01998050	0.01978279	0.00718101	0.03118738	0.03221743	0.04720596	-0.05675129	0.00635124	0.07166702	-0.09214016	-0.07070896	-0.05450056	-0.01465682	-0.05028723	-0.02743387	-0.07208275	-0.05264797	0.03789328	-0.05958815	-0.03225287	0.28145565	1.00000000	0.19255687	-0.59423194	0.43822502	-0.13146862	-0.03524677	-0.00873044	0.00666867	-0.04278190	-0.02674606	0.06199951	-0.02400577	0.00062432	-0.05302210	-0.04532847	0.01447840	-0.03694772	-0.02744253	-0.04188681	-0.04188681	0.04367242	-0.00289057	-0.02220536	-0.03121322	-0.04333152	-0.00949786	0.02493677	-0.00899847	-0.03375673	-0.00318790	-0.00739230	-0.05125813	-0.01415186	-0.03910630	-0.02441037	-0.04280794	0.00882476	-0.05964134	-0.02423732	0.03102958	-0.03145884	-0.00624894	0.03742774	0.24444115	0.06791903	-0.18155389	0.09103007	0.02131867	-0.05600736	0.03767702	-0.02976381	0.01136501	0.02674606	0.04467888	-0.03352012	0.04757319	-0.03364668	-0.01645403	-0.01263473	0.02207081	-0.00858593	0.01535920	-0.03240193	-0.03447467	-0.04196723	-0.01792561	-0.03773316	-0.09526565	-0.07120913	-0.02693188	0.00000000	0.03197834	-0.03591437	-0.03070025	-0.01874463	-0.02195229	0.00314296	0.20806708	0.20206579	0.30873053	0.14524991	0.00000000	0.09645740	0.09389154	0.11808961	0.03844612	-0.01824015	-0.07785954	-0.04701766	-0.00741963	-0.01767848	-0.01338604	-0.01338604	-0.01338604	0.00000000	0.00000000	0.00000000	0.00000000	0.00000000	0.00000000	0.00000000	0.00000000	0.00000000	0.00000000	0.00000000	-0.03874769	-0.05485608	0.05004604	-0.04341871	0.04315924	0.04576554	-0.01948736	0.02302175	-0.06559346	0.33073425	0.13194611	0.00047656	0.00374933	-0.00569831	-0.02339886	-0.00816609	-0.00581508	-0.07146069	-0.01925798	-0.08598608	-0.01548034	0.00184866	-0.00080783	-0.00204962	0.01238183	0.37678283	-0.11713364	-0.03751490	-0.09498044	-0.15100182	0.01766972	-0.03310912	-0.02759517	0.05051813	0.03743566	0.02481120	0.17255625	0.05769983	-0.06203780	0.05840816	-0.11543849
RookPieceSquareMiddleGame_2	-0.01977011	-0.02884859	-0.11938687	0.17546760	-0.01171930	-0.02507535	0.06219217	0.03229171	0.01630512	-0.01466105	0.01225344	-0.10477662	0.00824776	0.00317826	0.00005996	0.00242776	0.00215590	0.00017839	-0.00244635	-0.01009560	-0.06196644	0.00230750	0.00230750	0.14253735	-0.02876908	-0.03453618	-0.08550355	-0.01150031	0.00580629	0.11312549	-0.05100348	-0.08716189	0.00126644	0.01541144	-0.14687694	0.01519767	-0.09223067	-0.07038090	-0.08509091	0.00410193	0.03283043	0.02269220	0.07753957	-0.00818627	-0.03040832	0.21031447	0.19255687	1.00000000	-0.01285867	0.00843100	-0.00808638	-0.07490936	0.10667053	0.05841640	-0.05746125	-0.06506569	0.34815951	0.09387420	-0.44778952	-0.07887030	-0.04410570	0.00459309	-0.02915956	-0.01621906	-0.05006849	-0.05006849	0.03347246	-0.00912437	-0.01792932	-0.04530260	-0.04939429	-0.00000000	0.03422647	-0.03789964	-0.04657999	-0.00508428	-0.01671710	-0.01603488	0.00656668	-0.05763688	-0.05971605	-0.05016881	0.03039895	-0.01886010	-0.00166095	0.01218290	0.01183961	0.00543489	0.02872440	0.02932843	0.18799407	-0.03397599	0.02006098	-0.00624253	-0.01432416	0.02083730	-0.00352916	-0.01186204	0.06506569	0.12728375	-0.02389124	-0.04080182	-0.02829656	-0.02049829	-0.00492442	-0.03388398	-0.06667709	-0.00992253	-0.01709359	-0.00403143	0.00170478	-0.00184595	-0.00455632	-0.12967360	-0.06472300	0.00555919	0.00000000	-0.01720072	-0.02405669	-0.01499879	-0.01343954	0.00882459	-0.00058168	0.15304241	0.10464357	0.15923305	0.02412024	0.00000000	0.06710827	0.07596721	0.06855887	0.02181842	-0.00533276	0.01168580	-0.03259387	-0.07442065	0.00082290	-0.02269516	-0.02269516	-0.02269516	0.00000000	0.00000000	0.00000000	0.00000000	0.00000000	0.00000000	0.00000000	0.00000000	0.00000000	0.00000000	0.00000000	-0.02043009	-0.09066483	0.12628668	-0.01637296	0.01577686	0.00649602	0.01143763	-0.00387305	0.00506648	0.33246460	0.06223257	0.16402975	0.03743827	-0.10238628	-0.04620129	-0.02678724	-0.02372386	0.02618581	0.00218257	0.07814170	0.02177070	0.00144294	-0.00063054	-0.00159979	0.01003659	0.04380278	-0.05461271	-0.04293360	-0.10754473	-0.00529259	0.00244635	0.04738552	-0.02140933	0.05010238	0.02432093	-0.01247292	0.07430024	0.10108290	-0.01868161	0.07791255	-0.03104057
RookPieceSquareMiddleGame_3	0.07139723	-0.08247071	0.03480351	0.18582708	-0.03922046	0.00922917	0.07912491	0.06324822	0.03576970	0.03041873	0.08992348	-0.03221734	0.00321704	0.00398523	0.00689503	0.00426399	0.00525747	-0.00825928	0.04377321	0.01200956	0.07029238	-0.03273590	-0.03273590	-0.02323649	-0.08506890	-0.06051182	-0.10046148	-0.04208739	0.00124386	-0.01956761	-0.10979677	0.02342825	0.00396204	-0.02721113	0.04009096	0.13169836	0.01706128	-0.01419549	-0.02066590	0.12374709	0.01608042	0.07063823	0.02216859	0.04612686	0.11795383	0.30068041	-0.59423194	-0.01285867	1.00000000	-0.17762589	0.02818099	0.04361445	-0.08493846	-0.04793748	-0.01300865	0.02342266	-0.01755257	0.00258054	0.01885899	-0.02655932	-0.00065798	-0.02126970	0.07097361	0.02310393	0.04751919	0.04751919	0.01337947	-0.04087814	-0.01210236	-0.01803298	-0.04379018	-0.00000000	-0.01777899	-0.03161460	0.00315033	0.00875150	0.00436396	0.01139789	0.01838232	-0.00794939	0.00242799	-0.00928165	0.01063506	0.01424978	0.01219884	-0.00058927	-0.00727390	0.02958643	-0.03090694	-0.06214292	-0.01593540	0.08384224	-0.02157149	-0.06353839	-0.00830013	-0.04393711	-0.00015097	-0.02012764	-0.02342266	0.00498577	-0.01312579	-0.02427806	-0.00824591	0.00581012	-0.00387559	-0.10050819	-0.07002978	-0.05765658	-0.03137233	-0.00858249	-0.00412089	0.00013887	0.00624051	0.05763770	0.06054900	0.07267867	0.00000000	0.01591026	-0.02305502	-0.01619552	-0.01941351	-0.00367123	0.00020658	0.21404795	0.09942980	-0.04437024	-0.02575932	0.00000000	0.02075812	0.01804628	-0.03040395	-0.02409540	-0.00404548	-0.08269852	-0.03290463	-0.04371371	-0.00885771	0.01338936	0.01338936	0.01338936	0.00000000	0.00000000	0.00000000	0.00000000	0.00000000	0.00000000	0.00000000	0.00000000	0.00000000	0.00000000	0.00000000	0.03211510	0.00387373	-0.00342124	0.00354365	-0.00708487	-0.02012916	0.01357015	0.00417201	0.07860285	-0.09511178	-0.05705297	-0.07586461	0.00003874	-0.00954211	0.03707595	-0.03305665	0.01380375	0.01886125	0.00914775	0.13943557	0.04979731	-0.00051245	0.00022393	0.00056816	0.02982654	-0.18479665	0.06482958	0.00942106	0.02487382	0.05810687	-0.01374013	0.00644238	0.02726821	0.03750063	0.01821692	-0.01005198	-0.01751502	0.02455847	0.02667292	0.04281124	0.02979208
RookPieceSquareMiddleGame_4	-0.01552334	0.01763639	-0.06290059	0.07026163	-0.06952959	-0.03066414	0.02287728	0.03696555	0.06800841	0.07625755	0.08308933	0.00177109	-0.00512648	0.00192467	0.01161389	0.00345300	-0.00120758	-0.00097226	-0.00217049	-0.03372357	-0.04599847	0.01119329	0.01119329	0.02335874	0.01074930	0.00939077	0.01187727	-0.02070755	0.01908860	0.03754018	-0.02522432	-0.03171395	0.05511037	0.00922561	-0.05136859	-0.04195349	-0.04963856	-0.04100092	-0.00575322	-0.00203238	-0.07189655	-0.02925202	0.00788392	-0.00393525	-0.00251984	0.13803905	0.43822502	0.00843100	-0.17762589	1.00000000	-0.06350191	0.03835762	-0.05866887	-0.00895117	0.06299307	-0.03737903	0.07869375	-0.08384562	0.03008721	0.00998488	-0.07141308	0.02017339	-0.00484474	-0.02848131	-0.00148369	-0.00148369	0.05101777	0.01753923	0.01735972	-0.00148800	-0.05068706	0.02363756	0.05455187	-0.04086143	0.02221580	-0.01637683	0.01226493	-0.03717695	-0.01377485	-0.04277157	-0.01833589	-0.07769085	-0.00167999	-0.03128408	-0.03437253	-0.03867685	-0.00243407	-0.00149366	-0.03792033	0.15748316	-0.00997928	-0.09104309	0.11965052	-0.02505050	-0.04336635	-0.02444210	0.00037715	-0.01885625	0.03737903	0.04254663	-0.03022092	0.04284626	-0.00419215	-0.03245687	0.01092021	0.00524946	0.02452570	0.04322949	-0.01035142	0.02414392	0.02417880	0.05516047	0.03187410	-0.06408568	-0.02400168	0.00442234	0.00000000	0.00236905	-0.01909374	-0.01300501	-0.01286380	-0.03617093	-0.03922270	0.11152429	0.11174815	0.18919449	0.15669979	0.00000000	-0.02191987	-0.03622793	-0.00774864	0.01980303	-0.01211996	-0.01656639	0.00773997	0.03385545	-0.08154833	-0.06207396	-0.06207396	-0.06207396	0.00000000	0.00000000	0.00000000	0.00000000	0.00000000	0.00000000	0.00000000	0.00000000	0.00000000	0.00000000	0.00000000	-0.00971979	-0.00021295	0.00157643	-0.01233819	0.01176013	0.11244677	-0.00037715	0.04180034	-0.05943795	0.14224481	0.01100072	-0.00318311	-0.00977567	0.04585261	0.01144791	0.02322644	-0.03899857	-0.01400870	0.03843120	-0.03438399	-0.08088379	0.00128022	-0.00055944	-0.00141939	-0.03276693	0.29462542	-0.07349337	0.03075316	-0.03400437	-0.00092200	-0.03400437	0.01316824	-0.01246872	-0.04159277	-0.06017957	-0.01176815	-0.03262922	-0.01192068	-0.00332383	-0.04204397	0.02864504
QueenPieceSquareMiddleGame_0	-0.02696022	-0.00311707	-0.09014657	-0.09499656	0.44436227	0.03735448	-0.00128784	0.04741306	0.04264793	-0.00038009	-0.04258372	0.00197739	-0.02011397	-0.01960504	-0.01486590	-0.03205124	-0.03463835	-0.02520804	0.08134578	0.03962106	-0.04713706	-0.02378083	-0.02378083	0.02808800	0.01483865	0.03211186	0.00112673	-0.01363732	-0.00346942	-0.00972320	0.06097149	-0.00700486	-0.03914686	-0.00226103	-0.09776589	-0.03953476	-0.06365526	-0.04621088	-0.03677010	-0.04260909	-0.00491593	-0.00488972	-0.01836524	-0.04877388	-0.03543204	-0.17748167	-0.13146862	-0.00808638	0.02818099	-0.06350191	1.00000000	0.17212611	0.11840605	0.11470658	0.10113497	-0.05589193	-0.02737837	-0.00719771	-0.00199274	0.01814041	0.01996122	0.00044163	-0.06015064	-0.01341372	-0.02892430	-0.02892430	-0.01702517	-0.02499158	0.02539296	-0.03721253	-0.06735832	0.00000000	-0.00925704	0.08303410	-0.03932389	0.00825915	-0.00000000	-0.02660936	-0.04919172	-0.05091630	-0.06053638	-0.01272711	-0.05745152	0.02020750	-0.01081965	-0.03820147	-0.03722687	-0.02861953	0.04244686	-0.04638499	-0.02376011	0.05322272	0.02101040	-0.29858345	0.06740607	0.06600727	0.07527941	-0.03742704	0.05589193	0.04206134	0.02179986	-0.03272851	0.02971006	-0.00819302	-0.00024882	0.01339567	0.00450291	-0.02252573	0.01901741	-0.02434593	-0.01330774	0.01338448	0.01520496	-0.08897116	-0.06390315	-0.06851249	0.00000000	0.00264501	-0.03172073	-0.03226643	-0.02605922	-0.02657770	-0.00057620	-0.07565502	-0.03735038	0.05105302	0.00697402	0.00000000	-0.04344467	-0.04314445	-0.03624265	-0.05621795	-0.00039413	0.41980922	0.26976186	0.16366562	0.11634444	0.13310018	0.13310018	0.13310018	0.00000000	0.00000000	0.00000000	0.00000000	0.00000000	0.00000000	0.00000000	0.00000000	0.00000000	0.00000000	0.00000000	0.10175369	-0.04250561	0.02071758	0.00049290	-0.00145889	-0.05489561	-0.03785025	0.00221823	-0.12516144	-0.07447217	-0.07820219	0.06580278	0.01910317	0.01725184	0.02282293	0.05762658	0.04213024	0.00819857	0.00273692	-0.06795182	-0.04171497	0.00142935	-0.00062460	-0.00158473	-0.00969382	-0.01924502	0.09566984	-0.08332492	-0.03347772	0.07949255	-0.03347772	0.10027010	0.00855363	0.08088576	0.03146178	-0.02187331	0.00302947	0.04471090	0.09053679	0.07452044	0.16982317
QueenPieceSquareMiddleGame_1	0.06279142	-0.04963711	0.03664051	-0.05555503	0.17999015	0.04771398	0.05832557	0.02775743	0.03356845	0.01763792	0.01283673	-0.03002808	0.00558693	0.00325308	0.00187945	0.00024273	0.00243525	-0.00772171	-0.07367767	0.08968575	0.01639802	0.07458698	0.07458698	0.09413682	-0.04616183	-0.01153345	-0.06065406	-0.02311662	0.00847698	-0.01587296	-0.06623184	0.03129394	0.00304485	0.00520436	0.01249282	0.08052467	0.02146221	0.02354423	0.02874529	0.07493776	0.03845787	-0.00608002	0.08856721	0.01506133	0.08090964	-0.07063350	-0.03524677	-0.07490936	0.04361445	0.03835762	0.17212611	1.00000000	-0.42230918	-0.62119416	0.32881892	-0.00465779	-0.06014622	-0.01533986	0.08548919	-0.04078474	-0.05333378	-0.01064571	-0.00490384	-0.00162526	0.09739140	0.09739140	0.03635129	-0.02521148	-0.00956921	-0.04118038	0.00065690	0.00941592	-0.05050618	-0.00332046	0.00698497	-0.00877127	0.01709989	0.04130272	0.04573515	0.01411126	0.00030088	-0.03061523	0.01732995	0.01227388	0.01255697	0.01702274	0.00664005	0.03884696	-0.00275176	-0.03480748	-0.01635596	0.02364458	-0.00111248	0.05887292	0.22269069	-0.03950593	-0.12282627	0.08262440	0.00465779	0.03291840	-0.01448135	-0.00892019	-0.00854826	-0.01495123	0.01043672	-0.07107257	-0.06811932	-0.00571659	0.01130266	0.01096670	0.00568217	-0.00517366	-0.00292062	0.05263934	0.01770705	0.05113700	0.00000000	0.00701878	-0.01208338	-0.01359879	-0.00424058	-0.00094672	-0.00538367	-0.06888379	0.13407099	0.16769682	0.04878246	0.00000000	-0.00166620	-0.00000000	-0.01027451	-0.00849581	-0.01042049	0.22941186	0.25722514	0.26142037	0.20462245	0.00026266	0.00026266	0.00026266	0.00000000	0.00000000	0.00000000	0.00000000	0.00000000	0.00000000	0.00000000	0.00000000	0.00000000	0.00000000	0.00000000	0.14779588	0.03648143	-0.05295956	-0.05035135	0.04894875	0.08522592	0.02892957	0.00253930	0.01790634	-0.04507801	-0.02962675	0.01647765	0.02091872	0.04870250	0.00886999	0.01156520	-0.03564131	0.02831965	-0.01203096	-0.01456972	0.01976189	0.00379292	-0.00165744	-0.00420524	0.14019191	0.06170013	0.24515993	-0.02552404	-0.03679981	0.04097415	-0.13046550	0.16109656	0.17257640	0.18246042	0.12846881	0.15319726	0.08853671	0.03255969	0.08472640	0.18372660	0.29374002
QueenPieceSquareMiddleGame_2	-0.04813055	0.05471528	-0.09048989	-0.02736125	0.10355080	0.01328690	-0.02569265	-0.00248749	0.00804197	0.01345800	0.02209881	0.00650405	0.00043920	-0.00448105	-0.00201467	-0.00231088	0.00281152	-0.00182024	0.09361779	-0.01207411	0.00129808	-0.02460819	-0.02460819	0.02283173	0.04655666	0.09340306	0.03682580	-0.03901837	0.06690341	0.02051678	0.09468729	-0.00540271	-0.00962182	0.04522145	-0.07747265	-0.05353888	-0.05078883	-0.02501216	-0.08196373	-0.00014635	0.05870808	-0.01430441	-0.04421719	-0.06468440	0.00928528	-0.01287663	-0.00873044	0.10667053	-0.08493846	-0.05866887	0.11840605	-0.42230918	1.00000000	0.33782797	-0.12438985	-0.03008639	0.02313459	0.04412174	-0.06438863	-0.02189407	0.04220308	-0.02560601	-0.04278909	-0.02012735	-0.06025143	-0.06025143	-0.03338165	0.03590619	0.03841682	0.00584543	-0.02739860	-0.01021239	0.02494807	0.03290298	-0.00371784	-0.00829026	0.00353263	-0.04967476	-0.05081246	-0.02286427	-0.02247526	0.01121656	-0.01625041	0.02291506	-0.02604702	-0.02302199	-0.03022151	0.01553661	-0.02865989	0.00003575	0.00739757	-0.03505886	0.00009234	0.01890976	0.00069036	0.20418838	0.02175284	-0.01086222	0.03008639	0.02427004	-0.00217611	0.01219513	0.00115876	0.01161581	-0.00162080	0.06972946	0.05686576	0.07790320	-0.01991211	-0.00001314	0.00534008	0.02195802	-0.00480326	-0.09745825	-0.02536743	-0.05600038	0.00000000	0.02064111	-0.01948984	-0.01779254	-0.01935490	-0.00126888	-0.00003716	-0.02493456	-0.06827036	-0.08133090	-0.00821715	0.00000000	-0.00944406	-0.00834770	-0.02587258	0.00280369	0.00505838	0.09487192	-0.00555971	-0.04412307	0.00532612	0.03704766	0.03704766	0.03704766	0.00000000	0.00000000	0.00000000	0.00000000	0.00000000	0.00000000	0.00000000	0.00000000	0.00000000	0.00000000	0.00000000	0.05772077	-0.05981765	0.09984318	0.00965230	-0.00993077	-0.04024296	-0.01089000	-0.01608999	-0.01383641	0.09982188	0.00854119	0.01358191	-0.00418864	-0.01096490	0.01997537	0.03344923	0.04984488	0.04371194	0.00917311	-0.02698955	-0.04248974	0.00009218	-0.00004028	-0.00010221	-0.05984969	-0.04872910	-0.08408817	-0.04124647	-0.04152108	0.08703773	0.04183366	-0.07129579	-0.06663657	-0.02124302	-0.00720749	0.00132540	-0.05185210	0.02871227	0.03737099	-0.02761439	0.00573281
QueenPieceSquareMiddleGame_3	-0.04169902	-0.00694573	-0.03627762	0.02216391	0.00789161	-0.02328536	-0.07148227	-0.02784646	-0.03023416	-0.01545506	-0.02954204	-0.00088058	-0.00160145	-0.00144768	-0.00190461	-0.00229945	-0.00966296	-0.00695360	0.03059470	-0.04701775	-0.06750287	-0.04683234	-0.04683234	-0.08264175	-0.01391675	-0.05235145	-0.03048867	0.04245329	-0.02562005	-0.06522191	0.00065290	-0.04410922	-0.00502395	-0.04030144	0.01416418	-0.14277852	-0.00770411	-0.01182167	-0.01411878	-0.04873692	-0.04758123	-0.05232770	-0.11615521	-0.08834773	-0.04567688	0.02489940	0.00666867	0.05841640	-0.04793748	-0.00895117	0.11470658	-0.62119416	0.33782797	1.00000000	-0.04681501	-0.05562328	0.14032516	-0.05773132	-0.15514153	0.05077783	0.02712399	-0.00019667	0.00276285	-0.00585134	-0.02280103	-0.02280103	-0.00516285	0.00222670	-0.01402974	-0.00010328	-0.00069045	0.00000000	0.00009071	0.00445036	-0.02705038	-0.00004092	-0.01501067	-0.06998302	-0.05970680	-0.02239257	-0.00435108	0.01184079	-0.03343289	0.00185662	-0.01823462	-0.01506360	-0.04489317	-0.03249453	0.00508166	0.00108741	-0.00502685	0.01382330	0.00539857	-0.08014406	-0.06914898	0.02348358	0.12674645	-0.02307759	0.05562328	0.03132967	0.02301665	-0.02098046	0.00906655	0.00255062	0.00011081	-0.00227816	-0.02975362	-0.11334647	-0.06309890	-0.00921313	-0.00915422	-0.00619631	-0.00453689	-0.04023508	-0.01680521	-0.02875737	0.00000000	-0.00117788	-0.00604930	-0.00795822	-0.01060479	-0.01181203	0.00025660	0.04874440	-0.22754055	-0.17217005	-0.02469398	0.00000000	-0.02001725	-0.01995222	-0.01069070	-0.00618714	0.00017551	-0.03045191	-0.19265284	-0.24624348	-0.17208921	0.03414729	0.03414729	0.03414729	0.00000000	0.00000000	0.00000000	0.00000000	0.00000000	0.00000000	0.00000000	0.00000000	0.00000000	0.00000000	0.00000000	-0.02865490	-0.04224559	0.02413276	0.00813403	-0.00789155	-0.03451203	-0.02289139	0.00253219	-0.01903084	-0.04158591	-0.00867075	0.00205087	0.00597097	-0.03109707	-0.02470898	0.02131960	0.01162156	-0.04341701	0.00579769	0.00016926	-0.02270296	-0.00063652	0.00027815	0.00070572	-0.09534971	-0.00544512	-0.09291203	-0.01858809	0.05426248	0.01625614	0.05426248	-0.07129982	-0.11865834	-0.09514358	-0.08269404	-0.06993228	-0.06187088	0.02294203	0.00165260	-0.09269505	-0.02398917
QueenPieceSquareMiddleGame_4	0.04615026	0.02319457	-0.02929088	-0.06094673	0.03378801	0.06288614	-0.00216807	-0.04425239	-0.05850661	-0.10017707	-0.13011625	-0.07064738	-0.03386180	-0.04372383	-0.04340165	-0.04547417	-0.04150041	-0.02213256	-0.13503144	0.07229713	-0.01166237	0.06526476	0.06526476	0.04342203	0.01733850	-0.04629492	0.00919244	0.01187103	-0.04292488	-0.01964933	-0.00377803	-0.03763960	-0.03437078	-0.09779255	0.00895318	-0.05586180	0.02537921	0.03158761	0.05919653	-0.00382006	0.01093323	-0.05371853	0.01664806	-0.00739668	-0.00473628	-0.04766316	-0.04278190	-0.05746125	-0.01300865	0.06299307	0.10113497	0.32881892	-0.12438985	-0.04681501	1.00000000	0.01714229	0.00827915	-0.00502079	0.04457054	0.05071948	-0.04268287	-0.01577846	-0.00846171	-0.00826426	0.04770700	0.04770700	0.02258355	0.01897621	-0.01356915	0.03633605	0.03161209	-0.03949254	-0.00034293	0.05315136	-0.04563813	0.00015468	-0.02049167	-0.05352058	-0.02326396	0.00893260	0.01818939	-0.02142605	-0.00315771	0.04122864	-0.05728155	0.03071662	-0.00457508	-0.00280748	-0.00834918	-0.01083612	-0.03081389	-0.03122337	0.01065042	-0.04207851	0.11813436	-0.11733421	-0.06230300	0.15752075	-0.01714229	0.02369934	0.00553227	0.00831407	0.02177467	-0.02053763	-0.00972756	0.02617576	0.01413686	-0.01048578	0.00730906	0.00473749	0.00369260	-0.00065207	-0.00185290	-0.03247335	-0.08625047	-0.03290538	0.00000000	-0.03512813	-0.00490369	-0.00543204	0.00113931	0.00174325	-0.00097004	-0.07720894	-0.05858128	0.00179775	0.08975230	0.00000000	-0.00013688	-0.00000000	-0.00707239	-0.00673308	-0.00066351	0.04540599	0.02834699	0.00324980	0.02535351	0.01911262	0.01911262	0.01911262	0.00000000	0.00000000	0.00000000	0.00000000	0.00000000	0.00000000	0.00000000	0.00000000	0.00000000	0.00000000	0.00000000	0.01696076	-0.00929499	-0.01215455	-0.04721148	0.04666469	0.09451961	-0.00070888	0.04163705	0.05854234	-0.03675613	-0.01178685	0.07327865	0.00790359	0.01328037	-0.00021735	0.01940283	0.00305424	-0.01876944	-0.01917355	-0.00063988	-0.00478542	0.00240631	-0.00105152	-0.00266789	-0.04348100	0.09592298	0.14214657	-0.02022825	-0.02613999	0.17079594	-0.05635963	0.03784675	0.06188073	-0.05171491	-0.06245604	0.03039579	-0.11061653	-0.02478845	0.13258516	-0.01029277	0.39660217
KingPieceSquareMiddleGame_0	-0.06842195	-0.02749362	0.07643385	-0.04998238	-0.08100219	-0.02308379	-0.08412235	-0.05603309	-0.07173933	-0.06708410	-0.02506599	0.02597644	-0.04248746	-0.05335390	-0.08206769	-0.08557618	-0.06461611	-0.05120332	-0.02083811	-0.04059515	0.01306566	-0.01591671	-0.01591671	-0.05197105	-0.01510374	-0.01134153	-0.00738014	-0.02964607	-0.01184118	0.00688742	-0.02182180	0.01922191	-0.01640812	0.01475721	0.05710642	0.07271452	0.05876406	0.07167811	-0.02379199	0.01343714	0.03198445	0.03992882	0.02975702	0.02384302	0.02798309	-0.00489625	-0.02674606	-0.06506569	0.02342266	-0.03737903	-0.05589193	-0.00465779	-0.03008639	-0.05562328	0.01714229	1.00000000	0.02423592	0.31445224	0.28385084	0.31228116	0.14347550	0.26431881	-0.05346962	-0.01404002	0.05758303	0.05758303	-0.04138390	-0.03293337	-0.06575085	0.02256997	-0.00073873	-0.01437060	0.09992525	-0.00663608	-0.08851537	-0.07509198	0.01491307	0.05112422	0.04397410	0.08280998	0.07008305	-0.03160998	-0.03315167	0.02418409	0.07781287	0.01142129	0.01538825	-0.03222650	-0.05745602	-0.00536244	-0.06927492	0.01834980	-0.06065104	-0.04314752	-0.07033447	-0.08571618	-0.02312947	-0.02292754	-1.00000000	-0.38405918	-0.26292090	-0.03625274	-0.17812741	-0.14226190	0.04076555	-0.02718989	0.01587974	0.03846466	0.01224929	-0.01099497	-0.02235809	0.01705758	0.03049047	0.06998673	0.02551932	-0.00735195	0.00000000	-0.03006581	0.03515781	0.02767267	0.02833953	0.03897647	0.07871427	-0.03138004	0.01640583	0.05176266	0.04083462	0.00000000	-0.03095270	-0.04404998	-0.03458975	-0.04106910	0.01449537	-0.06137684	-0.00483468	0.02393849	0.02269854	-0.03689920	-0.03689920	-0.03689920	0.00000000	0.00000000	0.00000000	0.00000000	0.00000000	0.00000000	0.00000000	0.00000000	0.00000000	0.00000000	0.00000000	0.01554830	0.06484575	-0.01856408	-0.02919381	0.02705491	-0.03430889	0.00020063	0.01843275	0.01288810	0.05404913	-0.07218629	-0.02528776	-0.06467617	-0.00503323	-0.08430002	-0.01412066	-0.00086441	0.02036256	0.00903210	0.00018110	-0.02245861	-0.03403763	0.06832018	0.02951938	-0.02100530	-0.01158336	-0.10533487	-0.05349054	-0.02314734	0.04533336	-0.02314734	-0.01939478	0.00096375	-0.05587169	-0.04568650	-0.04801020	0.00722059	-0.07601378	-0.01266573	-0.01827654	-0.02995708
KingPieceSquareMiddleGame_1	0.02935490	-0.06171168	-0.01310255	-0.02122942	0.07095326	-0.04436838	0.01981296	-0.00197641	0.01976270	0.02301475	0.03293241	-0.01925765	0.01753105	0.02274735	0.00224612	0.00806607	0.00171267	-0.02160309	-0.00604264	0.02439732	-0.11580508	0.05182025	0.05182025	0.11534952	-0.04422228	-0.05002605	-0.07828009	0.06813285	0.04638026	-0.05769721	-0.00999765	-0.03634865	0.02712435	0.07095326	-0.00258918	-0.00755944	-0.04792868	-0.06863088	-0.00983005	-0.02786369	-0.06743525	0.03290648	0.00455541	-0.01809666	-0.06686617	0.02469761	0.06199951	0.34815951	-0.01755257	0.07869375	-0.02737837	-0.06014622	0.02313459	0.14032516	0.00827915	0.02423592	1.00000000	-0.28108302	-0.61946097	0.03075868	-0.01614648	0.06675939	0.02233477	0.03229135	-0.00828716	-0.00828716	0.06330194	-0.05884835	-0.05111374	-0.04374482	0.00459555	0.02681941	-0.02044194	-0.02833874	-0.02918038	-0.05925324	0.02783182	-0.02083395	0.01993282	-0.00923980	0.00374316	-0.03452127	0.01297231	-0.04579701	0.02774619	0.00803512	0.02537059	-0.01328815	-0.04836119	-0.00298767	0.00869469	-0.03210081	-0.00554927	0.09672507	0.03910592	-0.00627585	-0.02906250	0.04992047	-0.02423592	0.37630245	-0.15751047	-0.16683082	-0.11616227	-0.04862788	0.01295912	-0.06241177	-0.11158670	-0.08421254	-0.02540053	-0.02504210	-0.02484021	-0.00213211	0.02003970	-0.02538813	-0.04942280	-0.00696317	0.00000000	-0.00335993	0.01427186	0.01967416	0.02970659	0.04077683	0.00073195	0.01568225	-0.00379438	0.04424502	0.01704116	0.00000000	-0.04120985	-0.03562396	0.00624101	-0.02989497	-0.03955205	0.04151563	0.02025894	0.00815177	-0.00013785	0.03816104	0.03816104	0.03816104	0.00000000	0.00000000	0.00000000	0.00000000	0.00000000	0.00000000	0.00000000	0.00000000	0.00000000	0.00000000	0.00000000	0.00239248	-0.02385963	-0.00299626	0.03035101	-0.03588503	-0.00079343	0.00053489	0.01507534	-0.04656367	0.07636504	-0.04160509	-0.00590356	-0.02914740	-0.01596784	-0.02170286	-0.00878432	-0.04071446	-0.01568112	0.01446752	0.00048283	0.00361087	0.01086535	0.00079343	-0.02035441	-0.01842830	0.00002670	0.01931956	-0.01372343	0.02428458	0.00409727	0.09269183	-0.05069204	-0.04042279	0.03742439	-0.06009367	-0.08126432	0.02008238	0.03739957	0.02267241	0.00128361	-0.03195155
KingPieceSquareMiddleGame_2	-0.05912820	0.02649731	-0.00751998	0.00073184	-0.09595956	-0.03070210	-0.06422574	-0.03448434	-0.02994095	-0.05515657	0.00074057	-0.00156276	-0.01096963	-0.01418135	-0.00815764	-0.02889673	-0.00257734	0.00085790	0.00846284	-0.03434391	0.05240292	-0.06668641	-0.06668641	-0.00977971	0.02000992	0.00812112	0.02650876	0.00365059	-0.03341544	0.05589698	0.01637738	-0.06652014	0.07819428	-0.01654054	-0.03126443	0.03510700	0.02588782	0.04903454	-0.02259675	-0.04235003	0.06955273	0.06482280	0.04596097	0.01318528	-0.02157261	-0.03522212	-0.02400577	0.09387420	0.00258054	-0.08384562	-0.00719771	-0.01533986	0.04412174	-0.05773132	-0.00502079	0.31445224	-0.28108302	1.00000000	-0.14033865	-0.01482247	0.02830199	0.05334782	-0.04871604	-0.01859607	0.00429304	0.00429304	-0.05357559	0.02709986	-0.01231487	0.03123842	-0.01065106	-0.03850560	0.05712575	0.03323941	-0.06471429	0.02227066	-0.03329929	0.02890554	0.02496237	0.04639227	0.01830053	-0.00011444	-0.02892547	0.00563801	0.05651663	-0.00493245	-0.01043987	-0.01342853	0.02498025	0.02597295	0.00749929	-0.03747000	-0.00113149	-0.09667324	-0.05613065	-0.00472953	0.04062533	-0.03071684	-0.31445224	-0.26082975	0.17455847	-0.06929281	-0.01328169	-0.04808263	0.00624734	0.04778344	0.07930549	0.08641270	0.01114128	-0.01635054	-0.03320864	0.00784125	0.00086984	-0.00670669	0.03949985	0.02636253	0.00000000	-0.00209039	-0.00373034	-0.00353086	0.00312224	0.00421774	0.05650258	-0.02352419	-0.02107850	-0.04200552	0.00181281	0.00000000	0.02379016	0.01180306	0.00440231	-0.02136974	0.01309040	-0.07792499	-0.02925307	-0.00025691	-0.01776640	-0.03931832	-0.03931832	-0.03931832	0.00000000	0.00000000	0.00000000	0.00000000	0.00000000	0.00000000	0.00000000	0.00000000	0.00000000	0.00000000	0.00000000	0.03638336	-0.00559372	0.04806921	-0.01679168	0.02372888	-0.03087106	0.00033278	0.00259873	0.01770096	0.05711101	-0.00564875	-0.00744001	-0.01568149	-0.00908059	-0.05013003	0.01261196	0.02062477	0.00914735	-0.01096544	0.00030039	0.02351523	-0.04912895	0.06124848	0.04621178	-0.00345501	-0.01273000	-0.05253961	-0.00177524	-0.02155814	-0.04324336	-0.00191519	0.07095025	0.00352752	-0.11208803	0.00495998	0.03974020	-0.03737147	-0.04600350	0.11895839	-0.03829367	0.03492098
KingPieceSquareMiddleGame_3	0.03832218	0.04873430	0.02834549	0.01812801	-0.02122457	0.08778801	0.01206299	0.02694072	0.00927910	0.01338563	-0.00119689	0.00252572	-0.02179515	-0.02775231	-0.02556054	-0.02300748	-0.03452431	-0.02119401	0.03621011	0.05015303	0.13984080	-0.04566893	-0.04566893	-0.10285572	0.04980890	0.08054611	0.08525918	-0.10456071	0.02270001	0.01913579	-0.04323905	0.10731499	-0.05982832	0.02920097	0.00657918	0.04345497	0.07070954	0.09618731	-0.01927937	0.07991151	0.01965974	-0.00350662	-0.00660310	0.03811780	0.11246980	0.00319457	0.00062432	-0.44778952	0.01885899	0.03008721	-0.00199274	0.08548919	-0.06438863	-0.15514153	0.04457054	0.28385084	-0.61946097	-0.14033865	1.00000000	0.05197002	0.06187853	0.03279819	0.00126361	-0.02644451	0.00460117	0.00460117	-0.00986599	0.02625309	0.01831837	0.04503394	-0.00509241	-0.00963118	0.04248459	0.01779001	0.01663690	-0.00323579	-0.00499737	0.03527403	0.01281841	0.05730259	0.06087167	-0.01566912	-0.00239581	0.05648138	-0.00376329	0.02118464	0.01541964	0.02000064	0.01928346	0.03023010	-0.03271345	0.03145071	0.02996251	-0.02107307	-0.03175098	-0.00699915	0.00053784	-0.03841510	-0.28385084	-0.25718907	-0.11302651	0.23464943	-0.02664085	-0.01996852	0.02692380	0.04991071	0.10132956	0.08423084	0.03143199	0.01708552	0.01920701	0.01929480	0.00528859	0.02217601	0.02670795	0.01077411	0.00000000	0.00337846	0.01876611	0.01589676	0.00635278	-0.00623528	0.02029214	-0.01984596	0.03148670	0.02914110	0.02751006	0.00000000	0.04143709	0.02952230	0.00502814	0.01654687	0.04744130	-0.00271793	0.02065269	0.02793168	0.01241559	-0.01604504	-0.01604504	-0.01604504	0.00000000	0.00000000	0.00000000	0.00000000	0.00000000	0.00000000	0.00000000	0.00000000	0.00000000	0.00000000	0.00000000	0.00086735	0.03006491	-0.02101955	-0.04954797	0.04944156	0.00079780	-0.00053784	0.00604616	0.01566260	-0.04666108	0.01812395	-0.01534744	0.01563669	0.07884428	0.01868147	0.02839099	0.01886944	0.00441992	0.01928362	0.00645007	-0.02756996	0.00182571	-0.00079780	0.00761475	0.03496715	0.00205944	-0.04138647	-0.02055227	-0.01164423	-0.00882828	-0.07060234	-0.02465542	0.00899565	0.00005808	0.00613008	0.01395457	0.03081227	-0.08439517	-0.04343443	-0.01805283	-0.03183699
KingPieceSquareMiddleGame_4	-0.08177927	-0.04300433	0.11868511	-0.09629491	-0.02003618	0.00455617	-0.11201125	-0.05424768	-0.04399612	0.01366744	-0.02750299	-0.00273476	-0.02290016	-0.03379163	-0.03604746	-0.03146818	-0.03957193	-0.02352005	0.00335148	-0.08237564	0.03858743	-0.01468855	-0.01468855	-0.21819668	-0.04485028	-0.04617057	-0.04890623	-0.00736779	-0.00662615	-0.01956463	-0.04367031	-0.01313827	0.03147409	-0.00845457	0.16194273	0.02524419	0.08331398	0.04684716	0.06484348	-0.00732253	0.00252489	-0.02022536	0.00135263	0.02449000	0.00389091	-0.13369309	-0.05302210	-0.07887030	-0.02655932	0.00998488	0.01814041	-0.04078474	-0.02189407	0.05077783	0.05071948	0.31228116	0.03075868	-0.01482247	0.05197002	1.00000000	-0.10594553	-0.06168920	-0.02587318	0.00765405	0.02774638	0.02774638	-0.09982652	-0.02081344	-0.04849256	-0.01188536	-0.02001336	-0.01216635	0.01436771	-0.03031959	-0.04380610	-0.01707024	-0.01262562	0.00365503	0.00076619	0.02813800	0.03528361	0.05320582	0.03141738	0.00388670	-0.00108316	-0.05049112	0.00375848	0.00230638	-0.00574942	-0.00905394	-0.04967992	-0.00830633	-0.00705710	-0.03534944	-0.02628007	-0.04730132	-0.01999424	0.02911617	-0.31228116	-0.22050512	-0.04167159	0.02934632	0.33709086	-0.09533045	-0.05700974	-0.04383361	-0.00555433	-0.03082938	0.00583534	-0.01849960	-0.01482458	-0.02446297	-0.01539094	0.13399952	0.07836569	-0.00494743	0.00000000	-0.07681967	0.01620230	0.00669373	-0.00786900	-0.01097945	-0.01248474	-0.08722326	-0.05603430	0.06608211	0.13775595	0.00000000	-0.03362186	-0.03356400	-0.06189189	-0.01088207	-0.02368092	-0.10269879	-0.06053427	0.04242741	0.06088375	0.06427831	0.06427831	0.06427831	0.00000000	0.00000000	0.00000000	0.00000000	0.00000000	0.00000000	0.00000000	0.00000000	0.00000000	0.00000000	0.00000000	-0.02220259	0.10445532	-0.10841211	0.01366976	-0.02091033	-0.02965827	-0.01882953	-0.01783819	-0.05947818	-0.04095021	-0.00160016	-0.02449141	-0.04468638	-0.04166513	-0.05933950	-0.05977373	-0.04432727	0.06606848	0.01391975	-0.07832494	-0.04646972	-0.00197681	0.00086383	0.00219170	-0.14929580	-0.07792986	-0.02862138	0.05606643	-0.00335148	0.10202993	-0.04059019	-0.07842821	-0.16358743	-0.26512955	-0.22630478	-0.14231639	-0.09221073	-0.05205006	0.06623202	-0.20822878	-0.01274991
KingPieceSquareMiddleGame_5	-0.08821491	0.05136463	0.01639207	-0.04040824	0.00265977	-0.00968481	-0.04898346	-0.02366482	-0.00646461	0.01038314	-0.01522809	-0.00232611	-0.01565577	-0.02686977	-0.06468592	-0.06307639	-0.06890359	-0.02709965	0.05916039	-0.01533085	0.04260271	-0.00145686	-0.00145686	-0.04654146	0.04128573	0.03747983	0.03945721	-0.03263219	-0.04774422	0.05269692	0.00561447	0.02991301	-0.04208444	-0.02360956	0.02681571	0.00316298	-0.00639326	-0.00398498	0.01681132	-0.04478473	0.02367957	-0.01190579	0.02160400	-0.01571425	0.00330950	-0.00937849	-0.04532847	-0.04410570	-0.00065798	-0.07141308	0.01996122	-0.05333378	0.04220308	0.02712399	-0.04268287	0.14347550	-0.01614648	0.02830199	0.06187853	-0.10594553	1.00000000	-0.04669873	-0.09135588	-0.02894704	-0.01729727	-0.01729727	-0.07546036	0.03650869	0.01440059	0.01482223	-0.04235438	-0.05519126	0.10673879	0.02339777	0.06062762	-0.11539919	-0.02863734	-0.00527288	0.04318058	0.02352005	0.01769661	-0.03045418	-0.09585870	0.11224390	-0.00774583	0.04493840	0.03026024	-0.02974318	-0.04135301	-0.11147792	-0.11005593	0.07958279	-0.07077857	-0.01257612	-0.02397996	0.04207899	-0.04452524	-0.02201370	-0.14347550	-0.01290239	-0.15631605	0.03850027	-0.20861168	0.33011512	-0.05174315	0.05008507	0.05883978	0.04566942	0.02366598	0.02153946	0.03753639	0.05715741	0.02047584	0.00530324	0.01129559	0.00805895	0.00000000	-0.00311146	0.02225330	0.02277402	0.01492937	0.04209236	0.06092846	-0.00738173	0.00189203	0.00408928	0.02450270	0.00000000	-0.04241320	-0.04229424	-0.00762221	-0.05672258	0.00046363	0.03673394	0.02427053	0.00386653	0.02199949	-0.02767682	-0.02767682	-0.02767682	0.00000000	0.00000000	0.00000000	0.00000000	0.00000000	0.00000000	0.00000000	0.00000000	0.00000000	0.00000000	0.00000000	0.01159353	-0.01215079	0.03008955	-0.02499373	0.02043801	-0.00073475	0.00049534	-0.05286244	-0.00770547	-0.04186770	-0.09646040	0.01311362	-0.02247206	0.03477834	0.01365172	0.05423134	0.06900462	0.02937215	-0.01568249	0.02031917	-0.01952000	0.03746278	0.00073475	-0.06718038	-0.00757588	0.00945280	-0.01195477	-0.03619633	0.08161389	-0.06337239	0.08161389	-0.00814416	0.03970403	-0.17651067	-0.02267207	-0.00949674	-0.11736336	-0.14581825	-0.16193752	-0.15970366	-0.04505988
KingPieceSquareMiddleGame_6	0.00346316	0.01379506	0.00884769	-0.01471674	0.00064004	0.04369630	-0.05431885	-0.05514634	-0.05501687	-0.08596807	-0.14120473	-0.00055975	0.00516816	0.04399968	0.05055374	0.02619167	0.03430670	0.00030728	-0.09077847	-0.01262700	0.01011133	0.01239766	0.01239766	-0.03588930	0.00672235	-0.02843399	0.02715991	-0.00004392	-0.13931900	0.01295670	0.04501443	0.01589042	0.00047720	-0.08469904	-0.00017906	-0.01344552	-0.01859463	-0.02510795	0.04477041	0.00064233	-0.02875487	-0.00031550	0.00027686	-0.01006294	0.00079639	0.02056822	0.01447840	0.00459309	-0.02126970	0.02017339	0.00044163	-0.01064571	-0.02560601	-0.00019667	-0.01577846	0.26431881	0.06675939	0.05334782	0.03279819	-0.06168920	-0.04669873	1.00000000	0.02006138	0.12148061	0.01436285	0.01436285	-0.07751873	0.02332793	0.02181298	0.03530611	-0.00043889	-0.02988258	0.06348649	0.02602516	0.03187786	-0.06244886	0.03101062	0.01340002	0.01893159	-0.00349139	-0.00539994	-0.03283455	0.00053096	-0.01056921	0.05889902	-0.00046527	-0.07249625	0.00047207	-0.03679028	0.14148084	-0.09676452	-0.10595432	0.08688530	0.00034093	-0.02769372	-0.03549142	-0.00011920	-0.11919027	-0.26431881	-0.02334881	-0.10364946	-0.04286382	-0.27434541	-0.10201848	0.45085649	0.00108321	0.01085188	0.00579982	0.02508201	0.03081103	0.05554553	0.10536825	0.08339447	0.01083993	-0.01777689	-0.01294874	0.00000000	0.05915028	-0.00008155	0.00822046	0.01683712	0.01143182	-0.01614785	0.00981989	0.00695953	-0.00480443	-0.01115639	0.00000000	-0.02759601	-0.02747959	-0.01795902	0.04816512	0.08936621	0.01913617	0.01246974	-0.00571553	0.00119805	-0.01527604	-0.01527604	-0.01527604	0.00000000	0.00000000	0.00000000	0.00000000	0.00000000	0.00000000	0.00000000	0.00000000	0.00000000	0.00000000	0.00000000	-0.00962202	0.00006730	-0.00609060	0.06007846	-0.04764246	0.07054713	0.04779802	-0.00879875	-0.03514389	0.01295355	-0.02237229	0.01519352	0.01226662	0.02427212	0.01465517	0.01468142	-0.02619167	-0.01757776	0.01372068	0.00010759	0.00080466	-0.00040461	0.00017681	0.03035522	-0.04673322	0.05859706	-0.01930794	0.14470291	-0.00068598	0.00029140	0.13651070	-0.00019818	-0.13415346	-0.11900932	-0.03047040	-0.06303775	-0.03184539	-0.01425893	-0.14902042	-0.08812719	-0.10248546
PawnPieceSquareEndGame_0	0.70212373	-0.06973691	-0.04553950	0.04440720	0.00159225	0.11390257	0.19840548	0.19530808	0.14065091	0.12039059	0.03192962	-0.02371143	0.56047528	0.52396120	0.44551979	0.33525620	0.23517045	0.17842198	0.06592457	0.03335907	0.29256243	-0.07004634	-0.07004634	-0.10773246	-0.06282382	-0.02151481	-0.04463266	0.00156594	0.01314517	-0.03340996	-0.01672913	0.01905240	-0.01142869	0.01046889	-0.01224157	0.01850071	0.05825499	0.05023386	-0.00696852	0.01317889	0.05416066	0.01035304	0.00395247	0.01387477	0.02239055	0.05757824	-0.03694772	-0.02915956	0.07097361	-0.00484474	-0.06015064	-0.00490384	-0.04278909	0.00276285	-0.00846171	-0.05346962	0.02233477	-0.04871604	0.00126361	-0.02587318	-0.09135588	0.02006138	1.00000000	0.55145977	0.46507362	0.46507362	0.40990664	-0.03466146	-0.01305450	-0.01350520	-0.01516791	0.05594890	-0.02184863	-0.03901509	0.01240699	0.03907357	0.07741456	-0.05649600	-0.06040377	-0.02665742	0.00962735	-0.05354193	0.01420754	-0.03981667	0.04826022	0.05750341	-0.02628319	0.01129257	0.00559522	0.08214614	-0.02141280	-0.05062286	0.06017121	0.04813145	0.02694236	0.01453494	0.01540814	0.03719315	0.05346962	0.01421813	0.03774347	-0.02234256	0.06362666	0.04436397	-0.02668829	-0.05102612	-0.03432271	-0.01161913	0.01097454	-0.05063827	-0.04180877	-0.02922762	0.00833680	0.01810691	-0.00153431	-0.00333686	0.00000000	0.05005791	-0.11160427	-0.07952069	-0.02571703	-0.04808970	0.02217885	-0.01035861	0.00710880	-0.04050139	-0.04341079	0.00000000	0.06166340	0.05716644	0.03315751	-0.02358970	-0.07708851	-0.01713709	-0.00424956	0.00001037	-0.01395461	0.01348394	0.01348394	0.01348394	0.00000000	0.00000000	0.00000000	0.00000000	0.00000000	0.00000000	0.00000000	0.00000000	0.00000000	0.00000000	0.00000000	0.07368300	0.00390109	-0.00194895	-0.01037913	0.00941034	0.03389017	-0.01540814	0.02168542	0.04501868	0.01943792	-0.05323197	-0.08567211	-0.17004750	0.00558751	0.03861212	-0.03206922	0.01430288	-0.01385081	0.00882624	0.00959398	0.10844750	0.02344368	-0.02285552	-0.03465790	-0.02110941	-0.00970649	0.04907620	0.01983474	-0.04689701	0.02052754	-0.06116768	-0.05106632	-0.01726049	0.09431709	0.07674728	0.05314747	0.06824056	0.09715582	0.02342641	0.04782064	0.02542802
PawnPieceSquareEndGame_1	0.57779106	-0.09123380	-0.00501911	-0.01037961	-0.00783945	0.10866389	0.14936474	0.15867943	0.14773995	0.14390492	0.07397448	0.06455756	0.51947788	0.56294179	0.53818823	0.53569117	0.44063328	0.34519405	0.05998061	0.25442610	0.38970466	0.08429770	0.08429770	-0.17882148	-0.05428468	-0.03809180	-0.04994872	-0.00299471	-0.00312897	-0.01945369	-0.01386430	0.00340833	-0.00030407	-0.00421427	-0.00277639	-0.00192077	0.01912570	0.01042692	0.01208793	-0.00073673	0.00652941	0.00217483	0.01294864	-0.01260799	0.00946522	0.02505026	-0.02744253	-0.01621906	0.02310393	-0.02848131	-0.01341372	-0.00162526	-0.02012735	-0.00585134	-0.00826426	-0.01404002	0.03229135	-0.01859607	-0.02644451	0.00765405	-0.02894704	0.12148061	0.55145977	1.00000000	0.13980233	0.13980233	-0.28473446	-0.08707726	-0.03351746	-0.05370622	-0.02433055	-0.00000000	-0.02017155	-0.03847116	0.02732698	0.06001139	0.01027511	-0.00365933	-0.03957568	0.00354811	0.01404860	0.01183231	-0.03417093	-0.02194195	0.07567257	0.07263408	-0.03905157	-0.02250542	-0.03765025	0.09230728	-0.03097568	-0.12380566	0.09346345	0.00200344	-0.02725526	-0.03801290	-0.01177254	0.01093644	0.01404002	-0.01182397	0.07512148	-0.07650257	-0.02878579	0.12419055	0.11323497	-0.05014109	-0.03153926	-0.01966865	0.00204492	-0.09150068	-0.07892735	0.00367490	0.01488939	0.01592246	0.01620502	0.01923243	0.00000000	0.05123973	-0.03341170	-0.00377139	0.02491571	0.03559970	0.06183996	-0.00879634	0.01214329	-0.00608584	-0.04359315	0.00000000	-0.00523562	-0.00140079	0.02531421	0.01916959	0.03376815	0.00752867	0.01167138	0.01837895	0.00526543	-0.01576188	-0.01576188	-0.01576188	0.00000000	0.00000000	0.00000000	0.00000000	0.00000000	0.00000000	0.00000000	0.00000000	0.00000000	0.00000000	0.00000000	0.07957503	0.00596105	-0.02646660	0.00905454	-0.00805229	0.05824650	-0.02711481	-0.05451191	0.07622965	-0.01143900	-0.01521874	-0.02855063	-0.14043888	-0.00801805	0.01702303	-0.03741976	-0.05072213	0.00619756	0.09445045	0.00294803	0.09335510	0.01896810	-0.01858931	-0.03115717	-0.02333220	-0.04526255	0.01075272	0.01499112	-0.02345800	0.00239896	-0.03744539	-0.05634641	0.00824845	0.07070317	0.02010814	-0.00431450	0.07252955	0.04506107	-0.00181687	0.02414186	0.00002053
PawnPieceSquareEndGame_2	0.25121928	-0.07984750	0.06122088	-0.05508645	-0.02611167	-0.01359016	0.09823407	0.06966421	0.02775057	0.04443816	0.01865834	0.01765194	0.13636677	0.09936836	0.04602436	-0.01084445	-0.02499621	-0.05664738	-0.08728250	-0.03909600	0.13583637	0.08632344	0.08632344	-0.14889397	-0.09510528	-0.03074212	-0.05708740	-0.01203915	0.00411258	-0.03308221	-0.01849198	0.00234338	-0.00510455	-0.01030438	0.06534861	0.09022976	0.10358253	0.09400168	-0.00244448	0.07611682	0.09102962	0.03093456	0.00203846	-0.01094809	0.08552213	-0.03148821	-0.04188681	-0.05006849	0.04751919	-0.00148369	-0.02892430	0.09739140	-0.06025143	-0.02280103	0.04770700	0.05758303	-0.00828716	0.00429304	0.00460117	0.02774638	-0.01729727	0.01436285	0.46507362	0.13980233	1.00000000	1.00000000	0.25964083	-0.00942281	-0.06627813	-0.04144755	0.03213225	-0.04151346	-0.01463536	-0.00654791	-0.09146989	0.03478517	-0.04308055	0.01943171	0.02730445	0.02951225	0.04038109	-0.03629220	0.06685306	0.00478380	0.10349614	-0.01235717	-0.06395465	0.07454173	-0.03495082	-0.00777697	-0.05033443	-0.02102959	0.02577330	-0.00548884	0.02458138	-0.09401539	0.02694163	0.08610234	-0.05758303	-0.01256472	-0.00044230	-0.08215149	0.10754531	-0.07108989	-0.01200621	-0.07263676	-0.03932589	0.01069070	0.01326684	-0.04080330	-0.05582592	-0.04915369	-0.04733678	0.11030470	0.07564790	0.05434622	0.00000000	0.00280843	-0.05407257	-0.05024811	-0.05132593	-0.12269322	-0.03233510	-0.03024301	0.02178533	-0.03264025	-0.03195679	0.00000000	-0.03845521	-0.04072019	-0.02840156	0.01087476	-0.02521733	-0.02800689	-0.00532958	-0.00164342	-0.03009908	-0.00949054	-0.00949054	-0.00949054	0.00000000	0.00000000	0.00000000	0.00000000	0.00000000	0.00000000	0.00000000	0.00000000	0.00000000	0.00000000	0.00000000	0.00928643	0.11194617	-0.09891669	-0.10414865	0.11298530	0.00066319	-0.02694163	0.06446829	0.02360382	-0.02826324	-0.08093405	-0.05053884	-0.10890532	0.00506204	-0.04075403	-0.03671229	-0.03374620	0.06250842	0.10664803	0.01753312	0.10016739	0.00151767	-0.00066319	-0.00168265	0.04744448	-0.00416815	0.06899802	-0.03799645	-0.04825262	0.01574734	-0.02283979	-0.01687699	0.01906421	0.09589754	0.04526891	0.01917073	0.05547598	0.05148027	0.01273821	0.04661222	0.07289713
PawnPieceSquareEndGame_3	0.25121928	-0.07984750	0.06122088	-0.05508645	-0.02611167	-0.01359016	0.09823407	0.06966421	0.02775057	0.04443816	0.01865834	0.01765194	0.13636677	0.09936836	0.04602436	-0.01084445	-0.02499621	-0.05664738	-0.08728250	-0.03909600	0.13583637	0.08632344	0.08632344	-0.14889397	-0.09510528	-0.03074212	-0.05708740	-0.01203915	0.00411258	-0.03308221	-0.01849198	0.00234338	-0.00510455	-0.01030438	0.06534861	0.09022976	0.10358253	0.09400168	-0.00244448	0.07611682	0.09102962	0.03093456	0.00203846	-0.01094809	0.08552213	-0.03148821	-0.04188681	-0.05006849	0.04751919	-0.00148369	-0.02892430	0.09739140	-0.06025143	-0.02280103	0.04770700	0.05758303	-0.00828716	0.00429304	0.00460117	0.02774638	-0.01729727	0.01436285	0.46507362	0.13980233	1.00000000	1.00000000	0.25964083	-0.00942281	-0.06627813	-0.04144755	0.03213225	-0.04151346	-0.01463536	-0.00654791	-0.09146989	0.03478517	-0.04308055	0.01943171	0.02730445	0.02951225	0.04038109	-0.03629220	0.06685306	0.00478380	0.10349614	-0.01235717	-0.06395465	0.07454173	-0.03495082	-0.00777697	-0.05033443	-0.02102959	0.02577330	-0.00548884	0.02458138	-0.09401539	0.02694163	0.08610234	-0.05758303	-0.01256472	-0.00044230	-0.08215149	0.10754531	-0.07108989	-0.01200621	-0.07263676	-0.03932589	0.01069070	0.01326684	-0.04080330	-0.05582592	-0.04915369	-0.04733678	0.11030470	0.07564790	0.05434622	0.00000000	0.00280843	-0.05407257	-0.05024811	-0.05132593	-0.12269322	-0.03233510	-0.03024301	0.02178533	-0.03264025	-0.03195679	0.00000000	-0.03845521	-0.04072019	-0.02840156	0.01087476	-0.02521733	-0.02800689	-0.00532958	-0.00164342	-0.03009908	-0.00949054	-0.00949054	-0.00949054	0.00000000	0.00000000	0.00000000	0.00000000	0.00000000	0.00000000	0.00000000	0.00000000	0.00000000	0.00000000	0.00000000	0.00928643	0.11194617	-0.09891669	-0.10414865	0.11298530	0.00066319	-0.02694163	0.06446829	0.02360382	-0.02826324	-0.08093405	-0.05053884	-0.10890532	0.00506204	-0.04075403	-0.03671229	-0.03374620	0.06250842	0.10664803	0.01753312	0.10016739	0.00151767	-0.00066319	-0.00168265	0.04744448	-0.00416815	0.06899802	-0.03799645	-0.04825262	0.01574734	-0.02283979	-0.01687699	0.01906421	0.09589754	0.04526891	0.01917073	0.05547598	0.05148027	0.01273821	0.04661222	0.07289713
PawnPieceSquareEndGame_4	0.26590277	0.05168950	-0.13383433	0.03219563	0.01944140	0.01267655	0.10564966	0.05140093	0.03664651	0.02407427	0.04563883	-0.04808191	0.17840383	0.09763708	0.07078626	0.01645988	0.00136279	0.00786295	-0.01068439	-0.00293725	-0.18055079	-0.09326920	-0.09326920	0.29493503	0.03762164	0.04245464	0.02037528	-0.00150238	0.03359236	0.00499132	0.02333230	0.00802487	0.00604372	0.01208884	-0.08326238	-0.00977185	-0.03804470	-0.02497347	-0.04019004	0.00868863	0.01828544	0.00864816	-0.00961283	0.01916153	-0.00736567	0.03893083	0.04367242	0.03347246	0.01337947	0.05101777	-0.01702517	0.03635129	-0.03338165	-0.00516285	0.02258355	-0.04138390	0.06330194	-0.05357559	-0.00986599	-0.09982652	-0.07546036	-0.07751873	0.40990664	-0.28473446	0.25964083	0.25964083	1.00000000	0.04106627	0.06182555	0.03349359	-0.00744932	0.11843139	0.00097870	0.03280916	-0.00823951	-0.03405502	0.09885601	-0.11493307	-0.03252532	-0.09628167	-0.05670288	-0.12148147	0.05475800	-0.02076784	-0.01522370	-0.01008344	-0.00777365	0.05016365	0.00790835	0.02963488	-0.03008472	0.00831617	0.01299738	0.03385486	0.06544224	0.00979407	-0.00818492	0.04929160	0.04138390	0.09544232	-0.02928962	-0.00545685	0.02083087	-0.07036527	-0.09225941	0.01767642	0.01343680	-0.00373486	-0.02366353	0.06755041	0.06253996	-0.00305126	-0.02155507	-0.08437644	-0.07248203	-0.03367477	0.00000000	0.01051497	-0.11942024	-0.11615315	-0.06303760	-0.06861691	-0.02814824	-0.01479979	0.00548617	0.01570461	0.00390075	0.00000000	0.05393106	0.03945935	0.02339700	-0.02912130	-0.07180140	-0.00015569	0.00602976	-0.00138568	-0.00877900	0.01597405	0.01597405	0.01597405	0.00000000	0.00000000	0.00000000	0.00000000	0.00000000	0.00000000	0.00000000	0.00000000	0.00000000	0.00000000	0.00000000	0.00511183	-0.08351785	0.09601140	0.01066556	-0.01796185	0.01223243	0.08212653	0.14292820	0.01631139	0.07228000	-0.02221870	-0.03726398	-0.12440591	0.04510755	0.04785147	0.01011927	0.03995504	-0.04308176	-0.05354483	0.01851225	0.01259081	0.00010458	-0.00004570	-0.00011595	-0.00503767	0.02348352	0.07280525	0.00642533	-0.03922424	-0.01935674	-0.00770300	0.02190692	0.02151952	0.10045697	0.07609852	0.05463740	0.08255143	0.05214244	-0.00027152	0.08416582	0.03093083
KnightPieceSquareEndGame_0	-0.11836827	0.67695542	-0.39137445	-0.09042430	-0.07125634	-0.09786411	-0.01189897	0.00338329	-0.00522191	-0.03001635	-0.00049007	-0.01620178	-0.05033437	-0.07130093	-0.07113693	-0.01478577	-0.01637447	0.06093451	0.06914219	-0.13701945	-0.05762393	-0.08571220	-0.08571220	-0.01922121	0.15851825	0.27608738	0.28842511	0.01360615	0.03274685	0.04714196	0.13404642	0.08385839	0.02850605	0.02947481	-0.20367686	-0.13064854	-0.13265795	-0.09874387	-0.03510141	-0.08030196	-0.04906749	-0.02885619	-0.02438150	-0.04407658	-0.04838426	-0.07595318	-0.00289057	-0.00912437	-0.04087814	0.01753923	-0.02499158	-0.02521148	0.03590619	0.00222670	0.01897621	-0.03293337	-0.05884835	0.02709986	0.02625309	-0.02081344	0.03650869	0.02332793	-0.03466146	-0.08707726	-0.00942281	-0.00942281	0.04106627	1.00000000	0.66581190	0.71781880	0.21028518	0.12882064	0.28220615	0.31727758	0.27648510	0.07052617	0.10026262	-0.35200296	-0.29206751	-0.33647004	-0.29986350	-0.15644056	-0.13177616	-0.06949895	-0.14750205	-0.02518863	-0.13678125	-0.09601721	-0.03501536	-0.10626221	-0.07057145	0.00314106	-0.11828503	-0.05661933	-0.05841214	-0.02536134	-0.04382370	-0.01468047	0.03293337	-0.01540365	-0.06412216	0.08904176	-0.05377346	0.09105081	-0.00446783	0.30705324	0.21977666	0.13151643	0.07262757	0.78350352	0.73644734	0.56159383	0.35758596	-0.21549379	-0.16878851	-0.11265852	0.00000000	-0.05394918	-0.39659404	-0.39487547	-0.32212082	-0.26662472	-0.17608834	-0.08533693	-0.04890812	-0.05350738	-0.01937575	0.00000000	-0.03122560	-0.03666668	-0.08132951	0.01528725	0.02727725	0.02171496	0.01370532	0.00851316	-0.01545610	-0.09116322	-0.09116322	-0.09116322	0.00000000	0.00000000	0.00000000	0.00000000	0.00000000	0.00000000	0.00000000	0.00000000	0.00000000	0.00000000	0.00000000	-0.06977877	-0.21565452	0.21538879	-0.04994232	0.05056507	0.02210404	0.07318632	0.00900993	-0.04208684	0.00610032	-0.04245051	-0.02012746	0.02631760	0.12777238	0.30152503	0.10849723	0.15117854	-0.00113292	-0.02257889	0.01305347	-0.03198145	0.00074754	-0.00032666	-0.00082880	0.06946502	0.01968656	-0.00729302	0.03473940	0.02943120	-0.04935020	0.01534928	0.02721686	0.01277046	-0.06128027	-0.00107570	0.02249403	-0.05300358	-0.06690842	0.05351116	-0.03575990	-0.04081334
KnightPieceSquareEndGame_1	-0.05859378	0.62548009	-0.33665152	-0.09998640	0.01862025	-0.07215850	-0.00471174	0.02173404	0.02524835	0.01675616	0.01587957	-0.05735980	-0.02847836	-0.04159900	-0.02276059	0.00681082	0.06259906	0.04458124	0.06379990	-0.08328006	-0.04308428	-0.05901016	-0.05901016	0.04997123	0.34114375	0.41477245	0.24546753	-0.04754601	0.18732150	0.07155712	0.10188730	0.19025610	0.15437523	0.14285623	-0.19065125	-0.10073747	-0.12574828	-0.09199214	-0.03603215	-0.10660195	-0.03636904	-0.01012909	-0.01409678	-0.01226082	-0.08731902	-0.04933889	-0.02220536	-0.01792932	-0.01210236	0.01735972	0.02539296	-0.00956921	0.03841682	-0.01402974	-0.01356915	-0.06575085	-0.05111374	-0.01231487	0.01831837	-0.04849256	0.01440059	0.02181298	-0.01305450	-0.03351746	-0.06627813	-0.06627813	0.06182555	0.66581190	1.00000000	0.61593806	-0.13146555	0.36287732	0.21904661	0.30455490	0.44195145	0.25499776	0.33032947	-0.29260761	-0.24038924	-0.25592974	-0.20794503	-0.12558985	-0.17559590	-0.04147476	-0.12662944	-0.00712774	-0.05306176	-0.14088207	-0.07176828	-0.10217637	-0.05071282	-0.00678619	-0.08735766	0.00023404	-0.03089591	0.02320530	-0.00459633	-0.05586378	0.06575085	0.02700633	-0.04871052	0.02925819	-0.07410853	0.14439883	-0.05130462	0.28597615	0.23825936	0.17112518	0.10026606	0.72128181	0.72252115	0.60688872	0.43681916	-0.19115049	-0.14663143	-0.10754249	0.00000000	-0.05439399	-0.33236806	-0.33625160	-0.26224298	-0.18490808	-0.08927099	-0.10443101	-0.04549187	-0.00644959	-0.04538535	0.00000000	-0.02559064	-0.02634448	-0.03358413	0.05367661	0.00747133	0.03112403	0.02324832	0.02879891	0.00169502	-0.00589766	-0.00589766	-0.00589766	0.00000000	0.00000000	0.00000000	0.00000000	0.00000000	0.00000000	0.00000000	0.00000000	0.00000000	0.00000000	0.00000000	-0.00973028	-0.18810617	0.17672139	-0.01296825	0.01144561	0.03085014	0.05538447	0.02010574	-0.01604025	0.03652492	-0.05033553	-0.02632910	0.04158494	0.22954413	0.51372687	0.18453851	0.30022298	-0.01435856	0.00675665	0.04311675	-0.01380640	0.00163781	-0.00071569	-0.00181585	0.15486924	-0.00280246	-0.00971146	0.09546396	0.03200550	-0.03991763	0.03200550	0.03880129	0.02542795	-0.01652377	0.07124110	0.03709263	-0.02101653	-0.05826280	0.07887376	0.00105813	-0.02993309
KnightPieceSquareEndGame_2	-0.06972246	0.65394161	-0.38741899	-0.10220288	-0.06185743	-0.09029530	-0.01576248	0.00204436	0.00035716	-0.00640103	-0.01578066	0.00210567	-0.01087338	-0.01711021	-0.02125431	0.00969536	-0.02388724	0.06734397	0.03564957	-0.09052780	-0.06411536	-0.05907063	-0.05907063	0.02094834	0.34048829	0.22540429	0.41375662	-0.00473052	0.04321969	0.07333556	0.14032171	0.06011718	0.06801480	0.05704200	-0.22385924	-0.13996485	-0.14734555	-0.11205998	-0.02559103	-0.09548982	-0.04944926	-0.03291334	-0.02804280	-0.02200712	-0.07825459	-0.05876980	-0.03121322	-0.04530260	-0.01803298	-0.00148800	-0.03721253	-0.04118038	0.00584543	-0.00010328	0.03633605	0.02256997	-0.04374482	0.03123842	0.04503394	-0.01188536	0.01482223	0.03530611	-0.01350520	-0.05370622	-0.04144755	-0.04144755	0.03349359	0.71781880	0.61593806	1.00000000	0.10254741	0.05828784	0.41754531	0.40717814	0.32232614	0.20882870	0.13393806	-0.32631496	-0.27432689	-0.35057431	-0.32723604	-0.14376905	-0.14008702	-0.07804595	-0.18861809	-0.04657283	-0.09068087	-0.11179392	-0.06741254	-0.14747238	-0.09890246	0.03656355	-0.10271974	-0.03717194	-0.07941736	0.00004265	-0.00619450	-0.02989132	-0.02256997	-0.06337048	-0.06878804	0.10776411	-0.05411064	0.02824987	0.03113812	0.30846104	0.24878025	0.16835786	0.08970850	0.73782969	0.73963873	0.66807844	0.44738247	-0.22441013	-0.18498114	-0.11737558	0.00000000	-0.04725630	-0.37576834	-0.35848620	-0.28398389	-0.24720267	-0.19377936	-0.07263170	-0.03614864	-0.05612319	-0.08468462	0.00000000	-0.05652457	-0.05232445	-0.09166993	0.03112679	0.01616095	-0.03067057	-0.02529559	-0.03313068	-0.01392273	-0.03976876	-0.03976876	-0.03976876	0.00000000	0.00000000	0.00000000	0.00000000	0.00000000	0.00000000	0.00000000	0.00000000	0.00000000	0.00000000	0.00000000	-0.05435608	-0.22155211	0.22039377	0.02815025	-0.02979961	0.04007983	0.03276607	0.00666531	-0.06315298	0.02091404	-0.03904724	-0.04565424	-0.01204864	0.07985713	0.38277208	0.12068464	0.25594329	-0.02609812	0.02485140	0.01458596	-0.02027456	0.00152208	-0.00066512	-0.00168754	0.04312820	-0.01333161	0.00450786	0.02770378	0.04081063	-0.03877235	0.02806726	0.02173053	0.04227034	-0.06172536	0.00916664	0.01568324	-0.04647436	-0.10107238	0.02950227	-0.03730619	-0.05796389
KnightPieceSquareEndGame_3	0.01215818	0.09376326	-0.09287529	-0.01222637	-0.07265327	0.00689157	0.00661257	-0.01660152	-0.02007637	-0.04683899	-0.01458941	0.09629135	-0.03583115	-0.04010059	-0.04217340	-0.00383131	-0.00610393	0.00107878	-0.01097111	0.04856581	0.03327799	0.01555251	0.01555251	-0.02591793	-0.03222829	-0.10632574	0.03914804	0.17717952	0.00344790	-0.06779522	-0.02007214	-0.04033810	-0.00879530	0.00224701	-0.07396981	-0.05288539	-0.05090939	-0.03435820	0.01643639	0.02480556	-0.01590369	-0.03131570	-0.01360751	-0.08494625	0.02710820	-0.06301396	-0.04333152	-0.04939429	-0.04379018	-0.05068706	-0.06735832	0.00065690	-0.02739860	-0.00069045	0.03161209	-0.00073873	0.00459555	-0.01065106	-0.00509241	-0.02001336	-0.04235438	-0.00043889	-0.01516791	-0.02433055	0.03213225	0.03213225	-0.00744932	0.21028518	-0.13146555	0.10254741	1.00000000	0.00000000	-0.11113781	-0.08699417	-0.05196254	-0.00922251	0.00000000	-0.05724028	-0.10801177	-0.07825798	-0.09293867	-0.00014391	0.03293159	-0.01795427	-0.03320896	0.00579120	-0.21593147	0.03179014	0.04207490	-0.02734873	0.00192169	0.02500107	0.03141136	-0.02540122	0.02956325	-0.09299185	-0.16780518	0.00000000	0.00073873	-0.05416065	0.02525245	-0.00074867	0.01215377	-0.01773768	0.04970294	0.02787140	-0.03156679	-0.07074150	-0.02133028	0.12841242	0.02169798	-0.09199829	0.00109380	-0.07526194	-0.06645689	-0.04545932	0.00000000	-0.00262860	-0.05754483	-0.08657910	-0.09034688	-0.12451782	-0.14258514	-0.00716144	-0.06119647	-0.09307321	-0.10133660	0.00000000	-0.00799941	-0.01607883	-0.06304900	-0.03258748	0.00039168	0.01838142	0.02283143	0.02659859	-0.03354011	-0.08085305	-0.08085305	-0.08085305	0.00000000	0.00000000	0.00000000	0.00000000	0.00000000	0.00000000	0.00000000	0.00000000	0.00000000	0.00000000	0.00000000	-0.03378017	-0.07064837	0.05893535	-0.07332254	0.06998784	-0.00062073	0.00041847	0.01687133	0.02387664	-0.06687680	0.04749713	-0.01005221	0.00010739	-0.04040788	-0.05119351	-0.01288557	-0.02434009	-0.02153841	0.00078966	0.00037773	0.00282492	-0.00142049	0.00062073	0.00157490	-0.03178723	-0.05683393	0.00060011	-0.00223231	0.03772991	-0.03580556	-0.00240829	-0.00765336	0.02960096	0.03209039	-0.01158305	0.00189724	-0.00933565	0.01955529	0.00368799	0.00556883	0.00214906
KnightPieceSquareEndGame_4	0.02759343	0.09259590	-0.05273990	-0.00000000	0.03399778	0.00000000	0.00726168	0.03324507	0.05656226	0.03857762	0.06340440	0.00000000	0.06784526	0.07754675	0.10634895	0.09974019	0.11150052	0.00000000	0.09109508	-0.01011983	0.01360368	-0.08379859	-0.08379859	0.02446050	0.02764470	0.10624875	0.01055618	0.02099819	0.40243540	-0.01186610	-0.02694770	-0.02337415	-0.01425804	0.32297889	0.00000000	-0.03288364	-0.01956935	-0.02718378	0.00000000	-0.06141503	-0.02316192	0.00000000	-0.01985319	0.00000000	-0.08276643	0.02455150	-0.00949786	-0.00000000	-0.00000000	0.02363756	0.00000000	0.00941592	-0.01021239	0.00000000	-0.03949254	-0.01437060	0.02681941	-0.03850560	-0.00963118	-0.01216635	-0.05519126	-0.02988258	0.05594890	-0.00000000	-0.04151346	-0.04151346	0.11843139	0.12882064	0.36287732	0.05828784	0.00000000	1.00000000	-0.08269878	-0.05484344	-0.06508667	-0.03730246	0.79684302	-0.07889203	-0.08553119	-0.05991639	-0.03777809	-0.07838671	-0.08461067	-0.01303932	0.00000000	0.01011027	0.00000000	-0.10258132	-0.02220709	-0.02838209	-0.00000000	-0.00000000	-0.04471100	0.03621926	0.02526585	-0.00860836	0.00000000	0.00000000	0.01437060	0.06627241	-0.01127436	-0.14017847	0.01021608	0.00000000	-0.11785347	0.03277469	0.01185798	-0.02481139	0.00000000	0.11945379	0.10383790	-0.00000000	-0.04964843	-0.01285895	-0.01102263	-0.01104424	0.00000000	0.00000000	-0.07797019	-0.08842247	-0.10175955	-0.01401311	0.00000000	-0.01133940	0.00777356	0.02075433	-0.02821927	0.00000000	0.01100299	0.01094745	-0.01084030	-0.02890884	0.00000000	0.00000000	0.00000000	0.00000000	-0.02202844	0.03707049	0.03707049	0.03707049	0.00000000	0.00000000	0.00000000	0.00000000	0.00000000	0.00000000	0.00000000	0.00000000	0.00000000	0.00000000	0.00000000	0.06068495	0.00000000	0.00243045	-0.03949560	0.04038303	0.00000000	0.00000000	0.00175777	-0.01432305	-0.02914163	-0.07226577	0.01233181	-0.00000000	-0.02850999	-0.03494301	0.00000000	0.00000000	-0.00841587	0.04301200	-0.02571842	-0.02959040	0.00000000	0.00000000	0.00000000	0.03002137	0.00426637	0.03230729	0.04342555	0.00000000	-0.03900577	0.00000000	0.00947431	0.03220367	0.02871731	0.03247360	-0.07598569	0.03100622	0.00000000	0.00000000	0.02486292	0.03080438
KnightPieceSquareEndGame_5	-0.05750495	0.31326968	-0.17301735	-0.00012091	-0.01997624	-0.02870980	-0.01418056	0.00298302	-0.01100542	-0.00997507	-0.00827885	-0.01265090	-0.03729492	-0.03775221	-0.05153461	-0.05945610	-0.05885485	0.05300776	0.02780848	-0.05080598	-0.02012222	-0.05128860	-0.05128860	0.00913656	0.20627559	0.07974701	0.15450354	-0.04455054	-0.03928072	0.32546179	-0.01407696	-0.04251020	-0.03873810	-0.02325641	-0.11141590	-0.06583677	-0.06458677	-0.04641089	-0.00083868	-0.02992347	-0.02807908	-0.02013936	-0.02311338	0.00203390	-0.01314407	0.00709448	0.02493677	0.03422647	-0.01777899	0.05455187	-0.00925704	-0.05050618	0.02494807	0.00009071	-0.00034293	0.09992525	-0.02044194	0.05712575	0.04248459	0.01436771	0.10673879	0.06348649	-0.02184863	-0.02017155	-0.01463536	-0.01463536	0.00097870	0.28220615	0.21904661	0.41754531	-0.11113781	-0.08269878	1.00000000	-0.02863403	-0.07750030	-0.04317615	-0.04648615	-0.13557877	-0.10409095	-0.08014732	-0.06524374	-0.00376254	0.00791850	-0.00518949	-0.01182794	-0.08562569	0.00978313	0.00770005	0.00197118	0.00124595	-0.01227509	-0.07763380	-0.04582696	-0.01413526	-0.01404114	0.02467568	-0.02193654	-0.03298540	-0.09992525	-0.08057465	-0.03703863	0.05173807	-0.05876544	0.04705530	0.01621141	0.14748966	0.16546268	0.15531900	0.06891039	0.35281967	0.39333459	0.43689748	0.32558821	-0.10301165	-0.04816520	-0.03238797	0.00000000	0.02797335	-0.16358139	-0.14218614	-0.10201837	-0.06205732	-0.03769180	-0.04829123	-0.00471005	0.00221601	-0.07381102	0.00000000	0.04669934	0.04858661	-0.03146046	0.00009762	0.07199266	-0.02592361	-0.01400743	-0.00655997	-0.00196949	-0.00010730	-0.00010730	-0.00010730	0.00000000	0.00000000	0.00000000	0.00000000	0.00000000	0.00000000	0.00000000	0.00000000	0.00000000	0.00000000	0.00000000	0.01380609	-0.10247330	0.10880083	0.01344384	-0.00763661	0.01639201	0.01094078	-0.01222257	-0.05841357	0.03619986	0.02774991	-0.00105892	-0.01976735	-0.03870233	-0.08767244	-0.03724436	-0.01752889	-0.00001218	-0.01047845	-0.00997507	-0.03463040	0.00018663	-0.00008155	-0.00020691	-0.02900205	-0.00167121	-0.03904221	-0.01646583	0.00031640	0.00524181	0.00031640	0.03848359	-0.01683515	-0.04854730	-0.01280101	-0.00318176	-0.01522694	-0.08155766	-0.02817219	-0.02172133	-0.02108680
KnightPieceSquareEndGame_6	-0.04978818	0.26658702	-0.20127896	-0.07027798	0.02338152	-0.06580515	-0.00898464	-0.00105750	-0.01003002	-0.02521950	-0.02740125	-0.05958408	0.00068836	-0.00875395	-0.04149854	-0.02443870	-0.05276752	-0.01562962	-0.00691442	-0.04428397	-0.05770622	-0.01057870	-0.01057870	0.01023371	0.12125252	0.17232763	0.18803889	-0.01619168	-0.04995390	-0.01866430	0.36554920	-0.00884524	-0.02427204	-0.04374246	-0.12547548	-0.09880584	-0.08559709	-0.05556571	-0.00164417	-0.04614450	-0.01538308	-0.03659206	-0.03295487	-0.03361681	-0.02779803	-0.08613487	-0.00899847	-0.03789964	-0.03161460	-0.04086143	0.08303410	-0.00332046	0.03290298	0.00445036	0.05315136	-0.00663608	-0.02833874	0.03323941	0.01779001	-0.03031959	0.02339777	0.02602516	-0.03901509	-0.03847116	-0.00654791	-0.00654791	0.03280916	0.31727758	0.30455490	0.40717814	-0.08699417	-0.05484344	-0.02863403	1.00000000	-0.00492602	-0.04368454	-0.06504426	-0.16929553	-0.15368184	-0.21391997	-0.22984059	-0.03445646	-0.04556814	-0.04094067	-0.12047835	-0.02956497	-0.09099377	-0.02626176	-0.00915871	-0.09853321	-0.05745608	0.02255680	-0.05948807	-0.03919145	0.00447108	0.03103666	0.03731456	0.02499996	0.00663608	-0.02842263	-0.06412028	0.05557631	-0.00800087	-0.02132863	0.05920557	0.14837810	0.13673242	0.12886908	0.07866856	0.27020407	0.29860572	0.33133972	0.18020091	-0.12399335	-0.10050731	-0.07003754	0.00000000	-0.06399644	-0.18400289	-0.17457813	-0.11861526	-0.10805491	-0.10237929	-0.01440301	-0.00269440	-0.01818147	0.03816485	0.00000000	-0.07237684	-0.07204748	-0.06154465	0.03454718	-0.01542533	0.00580686	0.00084472	0.01366101	0.00993876	0.02069668	0.02069668	0.02069668	0.00000000	0.00000000	0.00000000	0.00000000	0.00000000	0.00000000	0.00000000	0.00000000	0.00000000	0.00000000	0.00000000	-0.05773712	-0.10576957	0.07466084	0.01306576	-0.00939052	0.01826464	0.06269096	-0.00535803	-0.03014847	-0.00359601	-0.02726753	-0.00585692	0.01288056	0.16326967	0.34500862	0.15781945	0.18770000	-0.03319046	-0.04446575	0.03402093	0.04021396	-0.00063650	0.00027814	0.00070570	0.03245651	0.03396491	0.01902959	-0.00100027	-0.00107913	-0.01176566	-0.00107913	0.01839398	0.00207818	-0.02341960	0.02126980	-0.01581913	-0.02118808	-0.01864988	0.03312967	-0.00909500	0.02123598
KnightPieceSquareEndGame_7	0.01535550	0.22902020	-0.09075623	-0.07383196	-0.06584193	-0.03138883	0.01291248	0.01219308	0.03070942	0.00604287	-0.00711182	0.02081323	-0.00412695	-0.00282857	0.01080682	0.01086620	0.05046392	0.08896731	0.01006757	-0.02416153	0.01204070	-0.00977288	-0.00977288	-0.00057996	0.10045725	0.14889600	0.10041483	-0.02706754	-0.01469001	-0.03188929	0.00149085	0.26505650	-0.03259165	-0.00830907	-0.01934281	-0.01888677	-0.01486572	-0.02104879	-0.01326004	-0.05186497	0.00185803	0.00072437	0.01210340	-0.00402825	-0.05223766	-0.00974365	-0.03375673	-0.04657999	0.00315033	0.02221580	-0.03932389	0.00698497	-0.00371784	-0.02705038	-0.04563813	-0.08851537	-0.02918038	-0.06471429	0.01663690	-0.04380610	0.06062762	0.03187786	0.01240699	0.02732698	-0.09146989	-0.09146989	-0.00823951	0.27648510	0.44195145	0.32232614	-0.05196254	-0.06508667	-0.07750030	-0.00492602	1.00000000	-0.09048352	-0.03377182	-0.11416759	-0.09301223	-0.12422124	-0.08935871	-0.08648409	-0.06930593	-0.02073976	-0.16651533	0.04493780	-0.00010829	-0.06696039	-0.08030564	-0.05697391	-0.04657698	-0.01438801	-0.01306146	-0.03978687	-0.08960169	-0.04350930	-0.01411224	-0.11867704	0.08851537	0.08128082	-0.03593838	0.04774210	-0.08816313	0.08226472	0.10477067	0.07022266	0.06227434	0.07542954	0.03395631	0.31303639	0.31793350	0.37324968	0.33418053	-0.03396746	-0.03131924	-0.01416280	0.00000000	-0.01409487	-0.11622608	-0.13044949	-0.09951013	-0.08942813	-0.09234373	-0.06105836	-0.04728656	-0.02398175	0.00340708	0.00000000	-0.03451477	-0.03705171	-0.02932304	0.03138947	-0.02844891	0.05401404	0.03758415	0.02123756	0.01375930	-0.11722563	-0.11722563	-0.11722563	0.00000000	0.00000000	0.00000000	0.00000000	0.00000000	0.00000000	0.00000000	0.00000000	0.00000000	0.00000000	0.00000000	-0.00639470	-0.04648004	0.05119188	0.05705787	-0.06418546	0.00107280	-0.00072323	0.00579302	0.02119448	0.02193096	-0.01829676	-0.04322599	-0.05348773	0.15333922	0.49558102	0.13704567	0.30673053	0.00860396	-0.02376082	-0.00065283	-0.05110483	0.00245500	-0.00107280	-0.00272188	0.06719420	-0.01565305	-0.01470519	0.15083215	0.10377069	-0.03803600	0.06108134	-0.00373074	0.02726760	-0.04673876	-0.00836381	0.04024280	-0.01766840	-0.09745936	-0.00637390	-0.04866467	-0.07188263
KnightPieceSquareEndGame_8	0.03614567	0.07540521	0.00367694	-0.01241089	0.00013316	0.04382149	-0.02520613	-0.01726044	-0.01965148	0.01345343	0.02212983	-0.00011646	0.03355377	0.02940293	0.07647036	0.07757069	0.07418956	0.00006393	-0.00620035	-0.01055444	0.02920528	-0.00007294	-0.00007294	-0.01598285	0.04831887	0.11507624	0.03505224	-0.01097511	-0.03482327	-0.00814890	-0.01073905	-0.01622485	0.41211342	-0.03537646	-0.00748807	0.00629423	0.00081545	-0.00075451	0.00454852	0.00013364	0.00208151	-0.00006564	0.01388162	0.01437289	0.00016569	-0.02136405	-0.00318790	-0.00508428	0.00875150	-0.01637683	0.00825915	-0.00877127	-0.00829026	-0.00004092	0.00015468	-0.07509198	-0.05925324	0.02227066	-0.00323579	-0.01707024	-0.11539919	-0.06244886	0.03907357	0.06001139	0.03478517	0.03478517	-0.03405502	0.07052617	0.25499776	0.20882870	-0.00922251	-0.03730246	-0.04317615	-0.04368454	-0.09048352	1.00000000	-0.03871059	0.01377458	-0.04734599	0.00150864	0.00380880	-0.00000853	-0.17663593	0.00461065	-0.00004613	0.02102292	0.00625721	-0.09990190	0.00394308	0.05519734	0.00011388	0.02000161	0.08293656	-0.00623405	-0.05414223	-0.03285897	-0.00002480	0.00000000	0.07509198	-0.03617129	-0.02745214	0.09312692	0.02117180	0.04248177	-0.10549472	0.02761107	0.02909254	0.01740336	0.06744915	0.09598565	0.10522232	0.16426582	0.19884705	0.00449371	0.00397671	-0.00365527	0.00000000	-0.00015578	-0.00001697	0.00342054	0.01058861	-0.04884850	0.00003393	-0.03940974	-0.00802452	0.00261331	-0.01460198	0.00000000	0.02298936	0.01905711	0.04155305	0.07544193	0.00002321	-0.02301047	-0.01974919	-0.00257181	-0.02020232	0.01940788	0.01940788	0.01940788	0.00000000	0.00000000	0.00000000	0.00000000	0.00000000	0.00000000	0.00000000	0.00000000	0.00000000	0.00000000	0.00000000	-0.02101692	0.00561498	-0.06007646	-0.05075362	0.05195024	0.05881972	0.03970314	0.00979701	0.02510160	0.00015853	0.01264279	0.00208766	0.11710893	0.11919805	0.41972181	0.04887156	0.21358651	0.01172565	0.11984596	0.04479252	0.05167782	-0.00008418	0.00003679	0.00009333	0.07056848	0.01129991	-0.05876824	-0.03037004	-0.00014272	-0.01545949	-0.00014272	0.04943688	0.03375486	0.04022782	0.01465727	0.08476809	0.01091645	0.01203506	0.00021856	0.01087974	-0.02132212
KnightPieceSquareEndGame_9	0.05727010	0.10676812	-0.07115002	-0.04644460	0.07056232	-0.01533645	0.01883949	0.03450004	0.04891452	0.02668926	0.04386524	0.00000000	0.04693757	0.05364938	0.06897720	0.05573361	0.06311431	0.00000000	0.05672030	0.01050185	0.01254862	-0.03952814	-0.03952814	0.04170206	0.06813461	0.13782442	0.04929602	0.01089542	0.50463256	-0.00769627	-0.01997497	-0.01212825	-0.01479627	0.49393626	-0.03701438	-0.03412497	-0.03680838	-0.02742633	-0.00710296	-0.07966673	-0.02103173	0.00237154	-0.01030131	0.00000000	-0.09447986	0.03184786	-0.00739230	-0.01671710	0.00436396	0.01226493	-0.00000000	0.01709989	0.00353263	-0.01501067	-0.02049167	0.01491307	0.02783182	-0.03329929	-0.00499737	-0.01262562	-0.02863734	0.03101062	0.07741456	0.01027511	-0.04308055	-0.04308055	0.09885601	0.10026262	0.33032947	0.13393806	0.00000000	0.79684302	-0.04648615	-0.06504426	-0.03377182	-0.03871059	1.00000000	-0.06549610	-0.07889769	-0.06884012	-0.05880626	-0.04067287	-0.10975580	-0.04059461	-0.00458285	0.00524596	-0.00000000	-0.11709903	-0.08642021	-0.04838788	-0.04525988	-0.01790353	-0.08506447	0.07517300	0.03495948	-0.01786664	0.00000000	0.00000000	-0.01491307	0.03929951	-0.02924990	-0.13885779	0.03180517	-0.01265937	-0.12230232	0.06122142	0.05537524	0.01287400	-0.00772881	0.10489182	0.11755384	0.06527453	0.01288065	-0.03002481	-0.02001776	-0.01432643	0.00000000	0.00000000	-0.08597058	-0.09176033	-0.10032083	-0.05089731	0.00000000	-0.02941863	0.00403350	0.01794816	-0.07321131	0.00000000	-0.02854587	-0.02840176	-0.03374854	-0.03000012	-0.00000000	-0.00000000	-0.00000000	0.00824279	0.00000000	0.07693972	0.07693972	0.07693972	0.00000000	0.00000000	0.00000000	0.00000000	0.00000000	0.00000000	0.00000000	0.00000000	0.00000000	0.00000000	0.00000000	0.12595150	-0.00834741	0.02143870	-0.06147979	0.06286118	0.00000000	-0.00000000	0.07478908	0.03715934	0.03024169	-0.07499373	-0.03839198	-0.01517598	-0.02218966	-0.02719656	0.00000000	0.00000000	-0.03493426	0.04463566	-0.01334463	-0.01535370	0.00000000	-0.00000000	0.00000000	0.02265792	-0.00575565	0.08283107	0.11266206	-0.00000000	-0.01734780	0.11344060	0.00983196	-0.00556989	0.00496689	0.01444262	-0.11039571	0.03217668	-0.00000000	-0.00000000	0.01128815	-0.03196721
BishopPieceSquareEndGame_0	-0.05120072	-0.40934577	0.67101211	-0.14673255	-0.03856401	0.04993951	-0.01341017	0.00290079	0.02675899	0.00267014	0.01358571	0.01566450	-0.00194205	0.01166974	0.02123111	0.00766049	-0.00284367	-0.04510534	-0.03730747	-0.01800095	-0.01534898	-0.00112748	-0.00112748	-0.01416428	-0.28850104	-0.21704222	-0.22782045	-0.01384578	-0.04600422	-0.11750808	-0.08491081	-0.01794246	0.00554324	-0.03856401	0.00343523	0.33578328	0.25262043	0.28880582	-0.08754961	0.01933217	0.25468234	0.15699160	0.01856538	0.12340149	0.02799114	-0.04613931	-0.05125813	-0.01603488	0.01139789	-0.03717695	-0.02660936	0.04130272	-0.04967476	-0.06998302	-0.05352058	0.05112422	-0.02083395	0.02890554	0.03527403	0.00365503	-0.00527288	0.01340002	-0.05649600	-0.00365933	0.01943171	0.01943171	-0.11493307	-0.35200296	-0.29260761	-0.32631496	-0.05724028	-0.07889203	-0.13557877	-0.16929553	-0.11416759	0.01377458	-0.06549610	1.00000000	0.59979964	0.72685937	0.54820302	0.22083683	0.08326529	0.32494001	0.28910418	0.22630381	0.07615180	0.06723215	-0.13548979	-0.11932052	-0.12014670	0.01031508	-0.00265021	-0.02054193	-0.06031382	-0.01603972	0.05053893	-0.06293407	-0.05112422	0.00143257	-0.05995832	0.02567288	0.03965036	-0.01894377	-0.00754973	-0.29710183	-0.19268968	-0.09276904	-0.04302125	-0.31673613	-0.30693574	-0.21553828	-0.10468215	0.39754383	0.33982308	0.26935524	0.00000000	0.09606850	0.63739628	0.61852343	0.51056426	0.40906547	0.27533858	-0.04811811	0.00271311	0.03664611	0.02390575	0.00000000	-0.13371594	-0.13542288	-0.09846585	-0.09226024	0.00375058	-0.04009858	-0.01975257	0.01782654	-0.01000780	-0.00446289	-0.00446289	-0.00446289	0.00000000	0.00000000	0.00000000	0.00000000	0.00000000	0.00000000	0.00000000	0.00000000	0.00000000	0.00000000	0.00000000	-0.06787035	0.36592425	-0.29852210	-0.00268714	-0.00124887	-0.01839152	0.02498625	-0.01829027	0.03035790	-0.02534694	-0.07630477	0.03994847	-0.00973964	-0.06678808	-0.14671568	-0.10465185	-0.11443278	0.04643435	0.05546355	-0.07402524	-0.03395686	0.01183170	-0.00028007	-0.02044948	0.08668773	-0.03420085	-0.00184502	0.03937764	0.03730747	0.01677098	-0.01098699	0.03798529	0.00620672	0.02675408	0.04416729	0.03271409	0.00934916	-0.01167885	-0.00958798	0.03044031	-0.04519966
BishopPieceSquareEndGame_1	-0.05803657	-0.28145716	0.53602950	-0.11115063	-0.02907386	0.03806449	-0.03459480	-0.04054238	-0.02735319	-0.05279262	-0.01392386	0.01949278	-0.04946450	-0.06071192	-0.05221486	-0.07300697	-0.02273123	-0.02047321	-0.10388108	-0.01279051	-0.01962219	0.03889915	0.03889915	0.02660499	-0.15425356	-0.12711889	-0.13612967	-0.01476744	-0.04758672	-0.07111553	-0.06941497	-0.00073860	0.01120501	-0.03510499	0.18277078	0.41079178	0.16976434	0.15602909	-0.10551456	0.17237781	0.12488295	0.11243919	0.17643332	0.16404762	0.16203901	-0.01205489	-0.01415186	0.00656668	0.01838232	-0.01377485	-0.04919172	0.04573515	-0.05081246	-0.05970680	-0.02326396	0.04397410	0.01993282	0.02496237	0.01281841	0.00076619	0.04318058	0.01893159	-0.06040377	-0.03957568	0.02730445	0.02730445	-0.03252532	-0.29206751	-0.24038924	-0.27432689	-0.10801177	-0.08553119	-0.10409095	-0.15368184	-0.09301223	-0.04734599	-0.07889769	0.59979964	1.00000000	0.54522748	0.44369126	-0.19629340	0.31735332	0.25225971	0.24352874	0.35921719	0.25087359	0.30247571	-0.12718657	-0.05495510	-0.12618183	-0.02317324	-0.00274137	0.00700149	-0.01306909	-0.04586378	0.00036012	-0.05054095	-0.04397410	0.04325062	-0.05935772	0.00290496	-0.02563742	-0.06182981	0.06997489	-0.17653474	-0.11692961	-0.07116593	-0.04142791	-0.25609466	-0.23773194	-0.16491701	-0.17268820	0.25125318	0.23018269	0.19218594	0.00000000	0.05941062	0.60970818	0.63353891	0.62246819	0.52541000	0.31420479	-0.04626398	0.01655161	0.05593541	-0.00571628	0.00000000	-0.08985737	-0.09224763	-0.07073932	-0.13526240	-0.03660728	-0.03718538	-0.02186202	-0.01197000	-0.01469170	-0.00234689	-0.00234689	-0.00234689	0.00000000	0.00000000	0.00000000	0.00000000	0.00000000	0.00000000	0.00000000	0.00000000	0.00000000	0.00000000	0.00000000	-0.04574887	0.21383882	-0.09855019	0.03008216	-0.02512727	0.03802105	0.02996617	-0.05230843	0.03693965	-0.00230212	-0.05860253	0.00796711	-0.01954935	-0.04298658	-0.18297565	-0.07003631	-0.10188856	0.00999770	0.08611444	-0.04138663	-0.00243107	0.03267717	-0.00053419	-0.05683681	0.10112897	-0.01893156	-0.01018793	0.04043912	0.08448898	-0.01125971	-0.01247155	0.05354157	0.01207617	-0.01403134	-0.01122318	0.05767800	-0.01551469	-0.02265737	-0.02544623	0.00575174	-0.03053877
BishopPieceSquareEndGame_2	-0.03471927	-0.31871788	0.60922921	-0.19004259	-0.04119881	0.04220414	-0.05508282	-0.04616286	-0.02725326	-0.02935519	-0.00272259	-0.03968262	0.01865685	0.03896134	0.05937949	0.00514862	0.00458540	-0.05963166	-0.06817153	-0.00490381	0.01159682	0.02398625	0.02398625	-0.03334206	-0.17624817	-0.14117691	-0.16175892	-0.00751736	-0.03285325	-0.06295671	-0.06222012	-0.01642080	-0.00546746	-0.05138393	0.16340226	0.22635785	0.34279493	0.36345642	-0.00581321	0.07681513	0.20169628	0.11743419	0.09020613	0.07521771	0.09067651	-0.06621505	-0.03910630	-0.05763688	-0.00794939	-0.04277157	-0.05091630	0.01411126	-0.02286427	-0.02239257	0.00893260	0.08280998	-0.00923980	0.04639227	0.05730259	0.02813800	0.02352005	-0.00349139	-0.02665742	0.00354811	0.02951225	0.02951225	-0.09628167	-0.33647004	-0.25592974	-0.35057431	-0.07825798	-0.05991639	-0.08014732	-0.21391997	-0.12422124	0.00150864	-0.06884012	0.72685937	0.54522748	1.00000000	0.90663672	0.19259194	0.09594153	0.45367297	0.38329903	0.32623782	0.14425236	0.15454876	-0.16658722	-0.12900816	-0.15120887	0.00833847	-0.00149573	-0.00458439	-0.02962077	-0.01584740	0.02739933	-0.04096864	-0.08280998	-0.01504651	-0.03791351	0.03527575	-0.02145447	0.02919996	-0.01417315	-0.17908335	-0.12073847	-0.05618453	-0.02510085	-0.31606095	-0.31239463	-0.22117838	-0.10433952	0.28732443	0.25510996	0.20051269	0.00000000	0.06916540	0.69030094	0.68520218	0.60008836	0.52245035	0.44139335	-0.06138522	-0.04597087	-0.03137827	0.04011416	0.00000000	-0.17537956	-0.17316592	-0.14562052	-0.12456061	0.00205059	-0.05882788	-0.03969139	-0.01208819	-0.04309358	0.00427567	0.00427567	0.00427567	0.00000000	0.00000000	0.00000000	0.00000000	0.00000000	0.00000000	0.00000000	0.00000000	0.00000000	0.00000000	0.00000000	-0.07746547	0.29105159	-0.18727965	-0.01367799	0.02443802	0.00012661	-0.02057084	-0.00022907	0.00800258	-0.02499050	-0.08573210	-0.00570783	0.01574994	-0.04642077	-0.19054916	-0.05887429	-0.06215115	0.06452494	0.06684414	-0.04014187	-0.04667290	0.01850209	-0.00012661	-0.03244513	0.04458501	-0.01977264	-0.01600683	0.01086294	0.00704093	0.00379776	-0.01260818	0.01035991	-0.00812814	-0.02203133	-0.01097931	-0.00220810	-0.01342247	-0.00527963	0.04223364	-0.01621907	0.00694440
BishopPieceSquareEndGame_3	-0.01824247	-0.28746900	0.52814542	-0.15713392	-0.03229123	0.04570901	-0.04442353	-0.02805969	-0.01433446	-0.01972333	-0.01648763	-0.04481773	0.02712398	0.04606949	0.06527023	0.00020289	0.00665667	-0.06361233	-0.04986586	0.00186216	0.02837319	0.01541145	0.01541145	-0.03950403	-0.15984205	-0.13092966	-0.15167406	-0.01809320	-0.02261482	-0.04322524	-0.06998975	-0.01828610	-0.00452459	-0.03828496	0.21486706	0.15395700	0.42514097	0.40533381	0.05440639	0.04804628	0.16405037	0.10542602	0.11462736	0.06742050	0.06431219	-0.03838726	-0.02441037	-0.05971605	0.00242799	-0.01833589	-0.06053638	0.00030088	-0.02247526	-0.00435108	0.01818939	0.07008305	0.00374316	0.01830053	0.06087167	0.03528361	0.01769661	-0.00539994	0.00962735	0.01404860	0.04038109	0.04038109	-0.05670288	-0.29986350	-0.20794503	-0.32723604	-0.09293867	-0.03777809	-0.06524374	-0.22984059	-0.08935871	0.00380880	-0.05880626	0.54820302	0.44369126	0.90663672	1.00000000	0.10532973	0.04158022	0.40523567	0.37892364	0.31187847	0.12662416	0.11895313	-0.14887017	-0.10533233	-0.12171446	-0.00821215	-0.02801554	0.01233175	-0.02063831	-0.00172631	0.03754718	-0.03767061	-0.07008305	-0.00248278	-0.02670897	0.02617347	-0.02832185	0.05166900	-0.03109175	-0.16873506	-0.11844190	-0.04145914	-0.01559195	-0.27290190	-0.27016484	-0.21427468	-0.10908309	0.24407125	0.20231813	0.16378542	0.00000000	0.05600524	0.60602539	0.59799914	0.53037304	0.48081704	0.48045994	-0.06112280	-0.05845016	-0.05445726	0.02680278	0.00000000	-0.13624692	-0.12979318	-0.12068727	-0.11489566	-0.00850198	-0.05403725	-0.03777688	-0.02422562	-0.05084233	0.01249903	0.01249903	0.01249903	0.00000000	0.00000000	0.00000000	0.00000000	0.00000000	0.00000000	0.00000000	0.00000000	0.00000000	0.00000000	0.00000000	-0.07111908	0.25816463	-0.15959930	-0.01643265	0.03061358	0.02589178	-0.04508173	0.01133813	-0.01429850	0.00048165	-0.04745759	-0.02421371	0.00647765	-0.05359237	-0.19632344	-0.06032167	-0.04247205	0.06605245	0.06421783	-0.01802304	-0.04610276	0.01520355	0.00018627	-0.02709608	0.01331595	-0.01611485	-0.02484331	0.00507198	-0.00072269	0.00399090	-0.02481248	0.00229666	-0.00507421	-0.02981777	-0.02821618	-0.00411930	-0.02295857	-0.00476677	0.05486136	-0.02339574	0.01082754
BishopPieceSquareEndGame_4	-0.02252180	-0.11826271	0.18521524	-0.05885194	-0.03709977	-0.05257236	-0.01581859	0.00015962	-0.02579876	-0.02113253	-0.05789709	-0.11030736	0.00634801	0.00733552	0.01839987	0.00437825	-0.00543678	-0.03012615	0.03021563	0.01112994	-0.00539305	0.00824521	0.00824521	-0.07887615	-0.04140619	-0.06276449	-0.06349756	0.02302930	0.00032203	-0.01121521	-0.00847577	-0.03326630	0.00015647	0.00020987	0.05082654	-0.12169135	0.02947201	0.01869877	0.22124184	-0.06718709	-0.07138546	-0.04524555	-0.04348355	-0.00700698	-0.06331919	-0.06734946	-0.04280794	-0.05016881	-0.00928165	-0.07769085	-0.01272711	-0.03061523	0.01121656	0.01184079	-0.02142605	-0.03160998	-0.03452127	-0.00011444	-0.01566912	0.05320582	-0.03045418	-0.03283455	-0.05354193	0.01183231	-0.03629220	-0.03629220	-0.12148147	-0.15644056	-0.12558985	-0.14376905	-0.00014391	-0.07838671	-0.00376254	-0.03445646	-0.08648409	-0.00000853	-0.04067287	0.22083683	-0.19629340	0.19259194	0.10532973	1.00000000	-0.04625236	-0.13940609	-0.00976538	-0.07781859	-0.00935710	-0.07864712	-0.01206333	-0.13437247	-0.02489113	0.05045615	-0.03284387	-0.02969885	-0.04142890	0.01906510	0.03122817	-0.03126548	0.03160998	-0.02583802	0.06190187	-0.04901704	0.10063512	0.00001673	-0.01845320	-0.04280570	-0.03222779	0.01041060	0.03274377	-0.15123907	-0.13458774	-0.09200066	0.04096582	0.11997495	0.06977347	-0.01182088	0.00000000	-0.00024551	0.16040871	0.10781783	-0.03914814	-0.04623065	0.00005348	0.04988494	-0.02970855	-0.07559765	-0.03075532	0.00000000	-0.12074084	-0.12614575	-0.12485164	-0.05558809	0.00003658	-0.03626534	-0.01547469	0.03081357	0.04068336	-0.01009414	-0.01009414	-0.01009414	0.00000000	0.00000000	0.00000000	0.00000000	0.00000000	0.00000000	0.00000000	0.00000000	0.00000000	0.00000000	0.00000000	-0.05976204	0.12360480	-0.12002121	-0.00197211	0.00210505	-0.00005797	0.00003908	0.04533996	-0.03117139	-0.08769632	-0.01972723	-0.01024287	-0.00801423	-0.01550675	-0.05750844	-0.02888376	-0.05068667	-0.03462521	-0.09138005	0.01414715	0.01650030	-0.00013267	0.00005797	0.00014709	-0.05500836	-0.01871035	-0.01258764	-0.00020849	0.05975648	-0.00601952	0.02976577	-0.03125671	-0.03220795	-0.00750774	-0.03035507	-0.04151668	-0.01682193	-0.03777578	0.00034445	-0.05277073	-0.02515314
BishopPieceSquareEndGame_5	0.05066295	-0.09515123	0.06237931	0.05190136	-0.00271836	0.01573348	0.05006255	0.01762274	0.01032929	-0.01568934	-0.00112658	0.00237735	-0.00185847	-0.00315762	-0.02574626	-0.08397537	-0.00162096	-0.00130508	-0.06765745	0.04164138	-0.00713502	0.05563271	0.05563271	0.01169335	-0.02855086	-0.07326575	-0.04970468	0.01262325	-0.08362193	-0.00583323	-0.03157887	-0.03426370	0.01486263	-0.06312643	0.00921060	0.12126194	-0.00215872	-0.00159214	-0.01177650	0.36101756	0.00209203	-0.00948812	-0.02469293	-0.00528233	0.36917307	0.04351463	0.00882476	0.03039895	0.01063506	-0.00167999	-0.05745152	0.01732995	-0.01625041	-0.03343289	-0.00315771	-0.03315167	0.01297231	-0.02892547	-0.00239581	0.03141738	-0.09585870	0.00053096	0.01420754	-0.03417093	0.06685306	0.06685306	0.05475800	-0.13177616	-0.17559590	-0.14008702	0.03293159	-0.08461067	0.00791850	-0.04556814	-0.06930593	-0.17663593	-0.10975580	0.08326529	0.31735332	0.09594153	0.04158022	-0.04625236	1.00000000	0.04488910	-0.06183213	-0.03395227	-0.00326729	0.84858344	0.01157438	0.05709995	0.00751564	-0.04046362	0.10764605	0.04145550	0.01286932	0.00797918	0.00050625	0.00000000	0.03315167	0.00944839	0.06627438	-0.05947549	0.03975325	-0.07246762	0.07947413	-0.04342379	-0.03906645	-0.04667550	-0.05359443	-0.11997474	-0.12409135	-0.12464616	-0.11894528	0.03012139	0.02327383	-0.01041689	0.00000000	0.00318001	0.06961600	0.09310291	0.08519108	0.08424103	-0.00069275	0.07918210	0.05331527	0.02860001	0.01395582	0.00000000	-0.00009775	-0.01296779	0.01207042	0.01802088	-0.00047385	-0.00255827	-0.00228061	-0.00395171	0.00360964	-0.00098802	-0.00098802	-0.00098802	0.00000000	0.00000000	0.00000000	0.00000000	0.00000000	0.00000000	0.00000000	0.00000000	0.00000000	0.00000000	0.00000000	0.01211251	0.03782709	0.02010975	0.07232882	-0.03683348	0.10087615	0.06699355	0.01238368	0.04746340	0.03128347	0.00941626	0.00850895	-0.00012992	-0.00177300	-0.08293867	-0.02078477	-0.03417180	0.01484138	0.00541342	0.03000776	0.03163378	0.00171846	-0.00075094	-0.00190527	0.02067433	-0.00528115	-0.04800018	-0.04873912	0.00291348	0.00536299	-0.06183049	0.01206450	0.01664156	0.05755972	-0.01346330	0.05171006	0.04343134	-0.01089721	-0.00446162	0.04296217	0.01564479
BishopPieceSquareEndGame_6	-0.07587270	-0.11415678	0.27336626	-0.06607543	0.01066709	0.06091207	-0.04341412	-0.04229266	-0.01946780	-0.01437815	-0.02387241	0.03816387	-0.05383038	-0.03741806	-0.02684598	0.04341815	0.02116402	0.00251406	-0.05841093	-0.03807335	-0.01226157	-0.03242020	-0.03242020	0.03536338	-0.10349372	-0.07358011	-0.08755969	-0.00179683	-0.01492253	-0.04697861	-0.01102454	0.00360025	-0.01691827	-0.06380861	0.06820481	0.14631021	0.20052845	0.22961485	-0.07836592	0.03188225	0.43940437	0.01754756	-0.02612450	-0.06999668	0.03711159	0.01337563	-0.05964134	-0.01886010	0.01424978	-0.03128408	0.02020750	0.01227388	0.02291506	0.00185662	0.04122864	0.02418409	-0.04579701	0.00563801	0.05648138	0.00388670	0.11224390	-0.01056921	-0.03981667	-0.02194195	0.00478380	0.00478380	-0.02076784	-0.06949895	-0.04147476	-0.07804595	-0.01795427	-0.01303932	-0.00518949	-0.04094067	-0.02073976	0.00461065	-0.04059461	0.32494001	0.25225971	0.45367297	0.40523567	-0.13940609	0.04488910	1.00000000	-0.02035578	-0.03379816	-0.10120358	0.07736287	-0.07803785	-0.03149176	-0.12508818	-0.01863401	0.01470863	-0.00423571	-0.00365140	0.03000507	0.07314164	-0.01040178	-0.02418409	0.00405069	-0.06618205	0.04943453	-0.08543798	0.15574454	-0.03092666	-0.13099102	-0.08046520	-0.02317743	-0.00314402	-0.02196360	-0.03171841	0.02075212	-0.02803971	0.13710319	0.12393805	0.12855978	0.00000000	0.06738455	0.29734652	0.30848312	0.29402718	0.26684168	0.15969472	-0.01746573	-0.01259421	-0.00015786	0.10640943	0.00000000	-0.06433801	-0.05395845	-0.03413605	-0.02053208	0.02241447	-0.05420995	-0.03010229	-0.00543746	-0.05688465	0.05688705	0.05688705	0.05688705	0.00000000	0.00000000	0.00000000	0.00000000	0.00000000	0.00000000	0.00000000	0.00000000	0.00000000	0.00000000	0.00000000	-0.03911941	0.12609820	-0.08565798	0.05677827	-0.04699611	-0.10752959	-0.04193454	-0.03504629	0.00040854	0.00723162	-0.03710291	0.03116473	0.04529988	-0.02195653	-0.09897203	-0.02562506	-0.04341815	0.04755395	0.06023847	-0.04724251	-0.03460489	0.00110346	-0.00048220	-0.00122342	0.02307378	-0.00575359	0.05465139	0.01758881	0.00187081	0.02158407	0.02182615	0.04377897	-0.05153130	-0.07123599	-0.01429088	-0.02921626	-0.04262837	0.00113072	0.00368346	-0.03879202	0.02925900
BishopPieceSquareEndGame_7	0.04282043	-0.12692608	0.18524694	-0.07258484	-0.02408834	-0.00474211	0.04733844	0.05019317	0.05863340	0.02245177	0.04751095	0.01555174	0.04691667	0.04446816	0.00253143	-0.07308778	-0.07201973	-0.09481873	-0.03482860	0.01514746	0.00447445	0.02010204	0.02010204	-0.01438842	-0.05815427	-0.03181284	-0.06408997	-0.01825319	-0.01484566	-0.02397516	-0.04012850	-0.00303478	0.00084626	-0.01147664	-0.01090255	0.14119287	0.07168028	0.08264396	-0.05263434	-0.02164318	-0.00874958	0.33062351	-0.01751154	-0.02787125	-0.01086877	-0.05763552	-0.02423732	-0.00166095	0.01219884	-0.03437253	-0.01081965	0.01255697	-0.02604702	-0.01823462	-0.05728155	0.07781287	0.02774619	0.05651663	-0.00376329	-0.00108316	-0.00774583	0.05889902	0.04826022	0.07567257	0.10349614	0.10349614	-0.01522370	-0.14750205	-0.12662944	-0.18861809	-0.03320896	0.00000000	-0.01182794	-0.12047835	-0.16651533	-0.00004613	-0.00458285	0.28910418	0.24352874	0.38329903	0.37892364	-0.00976538	-0.06183213	-0.02035578	1.00000000	-0.02332791	-0.03761448	-0.06004795	-0.02954647	-0.02735159	0.00918848	-0.00870379	-0.05969057	-0.01730975	-0.00433219	-0.03739386	-0.00021138	-0.01409147	-0.07781287	-0.02735868	-0.01373188	-0.00983275	-0.03933729	0.02724202	0.03343424	-0.07102692	-0.04820346	-0.04033629	-0.03656052	-0.12033589	-0.12093905	-0.13721219	-0.13450844	0.07805489	0.08705300	0.10404154	0.00000000	0.05178465	0.22401284	0.22839133	0.28403123	0.31137533	0.47274483	-0.04147533	-0.00495988	-0.01023105	-0.00233788	0.00000000	-0.05710202	-0.04873231	-0.03452938	-0.05399494	0.02657855	-0.03179968	-0.02373622	-0.02192189	-0.01603448	-0.00875514	-0.00875514	-0.00875514	0.00000000	0.00000000	0.00000000	0.00000000	0.00000000	0.00000000	0.00000000	0.00000000	0.00000000	0.00000000	0.00000000	-0.00505758	0.09958222	-0.00178515	0.01668277	-0.02456777	-0.02121719	-0.14071132	-0.05211884	0.01206103	-0.01126070	-0.04861084	0.00712107	0.02898675	0.00426564	-0.10795465	-0.02603604	-0.02367953	-0.01244086	0.01901373	-0.02525029	0.01606264	-0.00071754	0.00031355	0.00079555	0.03996359	-0.02079587	0.00253556	-0.00112763	-0.04176729	0.00051677	-0.02825037	0.00902070	0.04614536	0.03988317	0.02627238	0.00095837	0.04704301	-0.00610591	-0.01587943	0.02279633	0.00870363
BishopPieceSquareEndGame_8	0.07049747	-0.04622908	0.19715820	-0.12572063	-0.02649101	0.01828769	0.02191365	-0.00289396	-0.00727215	-0.02872182	-0.03491079	-0.07783627	0.03683979	0.02837820	0.03196887	-0.00460451	-0.04162197	-0.01964918	-0.03870761	0.03895052	0.01324113	0.00732157	0.00732157	0.00393211	-0.03954509	-0.00681604	-0.02218830	0.00280869	0.01314878	-0.02316129	-0.01010784	0.01414369	0.02599360	0.00719420	0.06193592	0.13723442	0.08522002	0.08440557	-0.02714115	-0.02368819	-0.00948284	-0.01023125	0.37570964	-0.04127631	-0.03921034	0.00009557	0.03102958	0.01218290	-0.00058927	-0.03867685	-0.03820147	0.01702274	-0.02302199	-0.01506360	0.03071662	0.01142129	0.00803512	-0.00493245	0.02118464	-0.05049112	0.04493840	-0.00046527	0.05750341	0.07263408	-0.01235717	-0.01235717	-0.01008344	-0.02518863	-0.00712774	-0.04657283	0.00579120	0.01011027	-0.08562569	-0.02956497	0.04493780	0.02102292	0.00524596	0.22630381	0.35921719	0.32623782	0.31187847	-0.07781859	-0.03395227	-0.03379816	-0.02332791	1.00000000	-0.05662855	-0.05051419	-0.15578072	-0.15008518	-0.14024085	-0.01338190	-0.04369873	0.00126884	0.00541202	-0.06629031	-0.01657493	-0.00806520	-0.01142129	0.02030866	-0.06339377	0.08939446	-0.09845962	0.03472343	0.03362498	-0.02936984	-0.02339302	-0.01353397	0.01744652	-0.03620249	-0.05249049	-0.05301065	-0.01289532	0.03306218	0.04773383	0.06436260	0.00000000	-0.00278655	0.31422800	0.33096933	0.32768518	0.35990024	0.19927436	-0.04691476	-0.01591032	-0.01396361	-0.05749739	0.00000000	-0.10893269	-0.10846798	-0.16196881	-0.22584031	-0.05998038	0.02105356	0.01411019	-0.00777999	-0.02048518	-0.04635809	-0.04635809	-0.04635809	0.00000000	0.00000000	0.00000000	0.00000000	0.00000000	0.00000000	0.00000000	0.00000000	0.00000000	0.00000000	0.00000000	-0.05642492	0.04123808	0.02205482	-0.07381506	0.06962046	0.11898323	0.08110023	-0.01433469	-0.02942682	0.01933507	-0.06280463	-0.02898387	-0.07854338	-0.00651719	0.01002794	-0.00496721	0.00677645	-0.01538751	0.02823347	-0.01416069	-0.03051202	-0.00150584	0.00065803	0.00166954	0.06558272	-0.02709602	-0.02101783	-0.00236645	-0.00255300	0.00423936	0.02839245	-0.00341963	0.00972802	0.00827517	-0.01490558	0.00201124	0.02411611	0.01524127	0.00390960	0.01338172	-0.00644215
BishopPieceSquareEndGame_9	-0.02046504	-0.06092464	0.10330956	0.03350050	0.02940351	-0.00981484	-0.03429057	-0.03559933	-0.03357169	-0.04480123	-0.00163226	0.00344445	-0.01655446	-0.04260047	-0.01285795	-0.05206843	-0.05205305	-0.00189088	-0.02208884	-0.00045591	-0.00033168	0.03577732	0.03577732	0.01694203	0.01455125	-0.00737944	-0.01184076	-0.00487801	-0.00604344	0.01118628	-0.01649387	0.00078799	-0.00992795	-0.00393853	0.07106186	0.15624711	0.04425232	0.03120268	-0.00363737	0.02616261	-0.05730614	-0.00926456	-0.02117391	0.59533892	0.01133337	-0.03627494	-0.03145884	0.01183961	-0.00727390	-0.00243407	-0.03722687	0.00664005	-0.03022151	-0.04489317	-0.00457508	0.01538825	0.02537059	-0.01043987	0.01541964	0.00375848	0.03026024	-0.07249625	-0.02628319	-0.03905157	-0.06395465	-0.06395465	-0.00777365	-0.13678125	-0.05306176	-0.09068087	-0.21593147	0.00000000	0.00978313	-0.09099377	-0.00010829	0.00625721	-0.00000000	0.07615180	0.25087359	0.14425236	0.12662416	-0.00935710	-0.00326729	-0.10120358	-0.03761448	-0.05662855	1.00000000	-0.00290490	0.07393892	0.05340404	0.06791885	0.09082962	0.00249389	0.06006323	0.02174316	0.07276758	-0.08309318	-0.02794063	-0.01538825	0.08564722	-0.03389632	0.01380996	0.01501602	-0.03620481	-0.02520064	0.01261996	0.00881281	-0.00375258	-0.00826267	-0.12651614	-0.09415697	-0.04693988	-0.01408991	0.05625262	0.05263807	0.03770956	0.00000000	0.00460738	0.10564300	0.12044027	0.16584363	0.15297484	0.09458683	-0.02428480	0.01244557	-0.00266299	-0.00399558	0.00000000	0.06460300	0.06441777	0.07861784	0.03674146	-0.00068654	0.01801695	-0.00330429	0.00985404	0.03223431	0.01674624	0.01674624	0.01674624	0.00000000	0.00000000	0.00000000	0.00000000	0.00000000	0.00000000	0.00000000	0.00000000	0.00000000	0.00000000	0.00000000	-0.00923218	0.03114032	-0.01674759	-0.02496395	0.01594066	0.00108801	0.05515096	-0.01394931	0.02311576	-0.00468883	0.02471658	-0.00430091	0.08586302	-0.00256883	-0.04306119	-0.01720813	-0.02693714	0.00190090	-0.06202130	-0.00066209	0.02406818	0.07701480	-0.00108801	-0.13421153	0.05404339	0.00845708	-0.00163430	0.02520675	0.03102264	-0.06463805	-0.02258020	0.02909424	0.02542723	0.02354873	0.07376052	0.04138660	0.00781110	0.03280781	-0.00646427	0.05005449	-0.01887195
BishopPieceSquareEndGame_10	0.04735544	-0.06834460	0.07868816	0.02986197	-0.00241686	0.01540338	0.00279491	0.00293629	-0.00616004	-0.02995445	-0.00100163	0.00211368	0.00159550	0.00090486	-0.01334494	-0.06364295	-0.00144117	-0.00116033	-0.06538641	0.06076086	0.02911195	0.05383859	0.05383859	0.02110229	-0.01942898	-0.05030474	-0.03433772	0.00016586	-0.10003402	0.00134627	-0.00854178	-0.03314891	-0.00180193	-0.07077258	0.04575337	0.12911025	0.04983945	0.04666108	0.00001474	0.45621699	0.01710587	-0.00931096	-0.03525975	-0.00469646	0.55803104	0.00695491	-0.00624894	0.00543489	0.02958643	-0.00149366	-0.02861953	0.03884696	0.01553661	-0.03249453	-0.00280748	-0.03222650	-0.01328815	-0.01342853	0.02000064	0.00230638	-0.02974318	0.00047207	0.01129257	-0.02250542	0.07454173	0.07454173	0.05016365	-0.09601721	-0.14088207	-0.11179392	0.03179014	-0.10258132	0.00770005	-0.02626176	-0.06696039	-0.09990190	-0.11709903	0.06723215	0.30247571	0.15454876	0.11895313	-0.07864712	0.84858344	0.07736287	-0.06004795	-0.05051419	-0.00290490	1.00000000	0.01773221	0.07192356	0.00747743	-0.05910059	0.10426827	0.01951895	0.00781342	-0.00197187	0.00045010	0.00000000	0.03222650	0.01474554	0.02546120	-0.01383588	0.01480375	-0.04223898	0.03842063	-0.02668341	-0.01713614	-0.03437209	-0.06048520	-0.09523125	-0.09857880	-0.08472508	-0.10099931	0.06248387	0.05446319	-0.00344581	0.00000000	0.00282730	0.05069713	0.07901407	0.05917972	0.03330648	-0.00061592	0.06388585	0.04740195	0.02807734	0.02186420	0.00000000	-0.01272837	-0.02515528	0.02422408	0.05061973	-0.00042129	-0.00227453	-0.00202767	-0.00351341	0.02922101	-0.00087843	-0.00087843	-0.00087843	0.00000000	0.00000000	0.00000000	0.00000000	0.00000000	0.00000000	0.00000000	0.00000000	0.00000000	0.00000000	0.00000000	-0.00898537	0.06443682	-0.02516975	0.03632423	0.00359573	0.09778047	0.06501889	0.04332250	0.06276901	0.01386328	0.00923674	-0.00247057	0.00828529	-0.00157636	-0.04028441	-0.03023915	-0.05094962	0.04341119	0.02694768	0.02914188	0.03095827	0.00152786	-0.00066765	-0.00169395	0.03614983	0.00813066	-0.03899184	-0.04749102	0.00259034	0.00530167	-0.06020573	0.02251863	0.01942070	0.03422058	-0.00219858	0.04160973	-0.00665712	0.03404098	-0.00396677	0.00784653	0.01538423
RookPieceSquareEndGame_0	-0.00493280	-0.05060291	-0.10500510	0.69215497	-0.18159064	0.00335409	-0.06429787	-0.04537447	-0.05334167	-0.04429694	-0.02707168	-0.01913494	0.04615861	0.05404486	0.03364243	0.01517063	0.01777391	0.00479547	-0.00203914	-0.00179336	0.00753768	-0.04869528	-0.04869528	0.00021728	-0.04146951	-0.03453290	-0.00525106	0.00339473	-0.06547784	0.00114364	-0.00694179	-0.01380732	-0.01914976	-0.06003695	-0.01499252	-0.03520493	-0.04131102	-0.04814491	0.01161875	0.00763756	-0.01893870	-0.00758804	-0.07077619	0.02151040	-0.00236735	-0.14128763	0.03742774	0.02872440	-0.03090694	-0.03792033	0.04244686	-0.00275176	-0.02865989	0.00508166	-0.00834918	-0.05745602	-0.04836119	0.02498025	0.01928346	-0.00574942	-0.04135301	-0.03679028	0.00559522	-0.03765025	-0.03495082	-0.03495082	0.00790835	-0.03501536	-0.07176828	-0.06741254	0.04207490	-0.02220709	0.00197118	-0.00915871	-0.08030564	0.00394308	-0.08642021	-0.13548979	-0.12718657	-0.16658722	-0.14887017	-0.01206333	0.01157438	-0.07803785	-0.02954647	-0.15578072	0.07393892	0.01773221	1.00000000	0.42401711	0.54720615	0.36144330	0.21898110	-0.22622429	-0.11274737	-0.08987130	-0.07051023	-0.07971810	0.05745602	0.00465063	0.01367025	0.02044363	0.00559006	-0.01911482	-0.06302177	-0.01137162	-0.00645162	0.00590109	0.01806070	-0.07444761	-0.06826415	-0.07528907	-0.01636180	-0.01423230	-0.01569533	-0.01988081	0.00000000	0.02448251	-0.17247385	-0.14967041	-0.12597843	-0.11240198	-0.04290978	0.24579168	0.15573821	0.09816416	0.12528347	0.00000000	0.61225897	0.59902546	0.50836732	0.31520003	0.19312836	-0.02933717	-0.01046397	0.00464258	-0.01497566	-0.17356934	-0.17356934	-0.17356934	0.00000000	0.00000000	0.00000000	0.00000000	0.00000000	0.00000000	0.00000000	0.00000000	0.00000000	0.00000000	0.00000000	-0.08082584	-0.04021287	0.00601478	0.00068763	-0.00401762	-0.02575349	0.03507796	-0.04270268	-0.07365308	-0.03624045	0.42598148	0.03534903	0.09993367	-0.04112774	-0.05985931	-0.01636564	-0.01755595	0.01169571	-0.02407032	0.01567184	0.05280590	0.05847657	-0.00052558	-0.03467094	-0.03502654	0.01920645	-0.03108420	0.05589403	0.00203914	0.03378198	-0.01495370	0.04477247	0.00497268	-0.04056375	-0.00173075	0.00784313	-0.06680391	0.01559326	-0.03658002	-0.01824248	-0.04970494
RookPieceSquareEndGame_1	0.08315192	-0.11321341	-0.06658297	0.44008760	-0.10775111	0.03628164	-0.01190855	-0.01637321	-0.01714386	0.00013504	-0.00626543	0.01828480	0.13558123	0.12464423	0.12966504	0.11910413	0.16992993	0.12025394	-0.00482707	0.03606755	0.01552190	0.00972217	0.00972217	0.03419877	-0.06992630	-0.04960238	-0.04500840	-0.00452492	-0.04731070	-0.00352445	-0.02861838	-0.01196621	0.02730733	-0.03634643	0.01556763	-0.00883224	-0.02111599	-0.01989654	-0.00781959	0.02608094	-0.00124821	-0.00526055	-0.02406977	-0.00687675	0.01814785	0.12946707	0.24444115	0.02932843	-0.06214292	0.15748316	-0.04638499	-0.03480748	0.00003575	0.00108741	-0.01083612	-0.00536244	-0.00298767	0.02597295	0.03023010	-0.00905394	-0.11147792	0.14148084	0.08214614	0.09230728	-0.00777697	-0.00777697	0.02963488	-0.10626221	-0.10217637	-0.14747238	-0.02734873	-0.02838209	0.00124595	-0.09853321	-0.05697391	0.05519734	-0.04838788	-0.11932052	-0.05495510	-0.12900816	-0.10533233	-0.13437247	0.05709995	-0.03149176	-0.02735159	-0.15008518	0.05340404	0.07192356	0.42401711	1.00000000	0.24100532	-0.35659017	0.46669183	-0.07898343	-0.09834038	0.00786294	-0.02521793	-0.03881328	0.00536244	0.07992492	-0.05057042	0.00262585	-0.07379755	-0.01413136	0.01012319	-0.01789593	-0.02230724	-0.01569528	-0.03214567	-0.17870331	-0.18307012	-0.07261079	-0.06090596	0.00028376	-0.00213282	0.00874667	0.00000000	0.06103118	-0.12347471	-0.10930766	-0.08500761	-0.11371847	-0.05069736	0.11466851	0.07117299	0.09391247	0.10933987	0.00000000	0.43145477	0.41573193	0.38420037	0.24895926	0.14975412	-0.05488265	-0.03616021	-0.02498300	-0.01329307	-0.07072735	-0.07072735	-0.07072735	0.00000000	0.00000000	0.00000000	0.00000000	0.00000000	0.00000000	0.00000000	0.00000000	0.00000000	0.00000000	0.00000000	0.03425527	-0.02320201	-0.03758206	0.07495464	-0.07584107	0.00097760	0.05109492	0.09095534	-0.01585523	0.03548777	0.35213515	0.01136896	-0.05080621	-0.02577419	-0.03491353	-0.03286853	-0.04593792	-0.00372891	0.10618414	-0.01227398	0.02578511	0.01269425	-0.00097760	-0.00856713	0.00207556	0.08078485	-0.06463260	0.00351573	-0.03654044	-0.03766987	0.00069032	0.01776762	0.00292749	-0.00326668	0.03154082	0.04532056	0.05397392	0.03530228	-0.01395320	0.03334869	-0.05409358
RookPieceSquareEndGame_2	0.00148425	-0.05531605	-0.12399922	0.45169970	-0.13723955	-0.00268668	0.01360574	0.00946807	-0.00305619	-0.01542671	-0.01345159	-0.02089073	0.04213984	0.07716324	0.02873010	0.00578218	0.03369568	0.05418040	0.00759103	0.00909131	0.00117035	0.01482500	0.01482500	0.02993667	-0.02260152	-0.01683547	-0.02714780	-0.00224983	-0.01990159	-0.00756617	-0.01755650	-0.00868214	0.01283484	-0.02850364	-0.05895118	-0.02515452	-0.04646460	-0.04550783	-0.00895648	0.00790165	-0.02798010	0.00084984	-0.02815031	0.02598680	-0.00156181	0.01702000	0.06791903	0.18799407	-0.01593540	-0.00997928	-0.02376011	-0.01635596	0.00739757	-0.00502685	-0.03081389	-0.06927492	0.00869469	0.00749929	-0.03271345	-0.04967992	-0.11005593	-0.09676452	-0.02141280	-0.03097568	-0.05033443	-0.05033443	-0.03008472	-0.07057145	-0.05071282	-0.09890246	0.00192169	-0.00000000	-0.01227509	-0.05745608	-0.04657698	0.00011388	-0.04525988	-0.12014670	-0.12618183	-0.15120887	-0.12171446	-0.02489113	0.00751564	-0.12508818	0.00918848	-0.14024085	0.06791885	0.00747743	0.54720615	0.24100532	1.00000000	0.14087541	0.01564120	-0.12786468	-0.09668109	-0.03332288	-0.03261479	-0.07289657	0.06927492	0.05873925	0.07815802	-0.07613563	0.04395291	-0.03711128	-0.09429704	-0.01236638	-0.01441606	-0.00844137	0.00624735	-0.08147191	-0.07797522	-0.10289642	0.00152296	-0.04821029	-0.04330946	-0.02005145	0.00000000	0.03658210	-0.15606841	-0.14397280	-0.15183154	-0.10302135	-0.00524861	0.13965791	0.09383959	0.06890954	0.05787357	0.00000000	0.41963358	0.41761537	0.41273377	0.27662517	0.10289784	-0.01551835	-0.00732709	0.00239261	-0.00182967	-0.13682759	-0.13682759	-0.13682759	0.00000000	0.00000000	0.00000000	0.00000000	0.00000000	0.00000000	0.00000000	0.00000000	0.00000000	0.00000000	0.00000000	-0.06726635	-0.05455435	0.02624362	0.01163520	-0.00932286	-0.01888704	-0.02703125	-0.01340086	0.00312131	0.03140352	0.43467025	0.06219687	0.10361508	-0.03995940	-0.05908754	-0.00408142	-0.00488987	0.02484350	-0.03787763	0.05935132	0.07907145	0.04462213	-0.00077416	-0.02690624	-0.01931550	0.05246099	-0.06293936	-0.02246845	-0.06056405	0.01427775	-0.01606672	0.01739606	0.04368588	0.03623862	0.04331142	0.02768076	0.01908082	0.07546202	-0.01294351	0.04284485	-0.04746315
RookPieceSquareEndGame_3	-0.04176541	0.02552908	-0.00677681	0.18757152	-0.07614842	0.06695188	-0.01375078	0.00572789	-0.01806366	-0.04961172	0.01381680	-0.04351952	-0.04882354	-0.05353662	-0.04456636	-0.07867072	-0.07152203	-0.05889854	0.03573185	0.01146359	0.00096868	-0.01989656	-0.01989656	0.00500773	0.02520596	0.01304152	0.02685637	0.01010965	0.00075601	-0.01199916	0.00365729	-0.00131731	0.00495903	-0.01593040	-0.01392175	-0.00474367	-0.01667710	-0.02419114	0.00360394	-0.00939467	-0.01374343	-0.00613052	-0.04667307	0.04012388	-0.01537954	-0.12648624	-0.18155389	-0.03397599	0.08384224	-0.09104309	0.05322272	0.02364458	-0.03505886	0.01382330	-0.03122337	0.01834980	-0.03210081	-0.03747000	0.03145071	-0.00830633	0.07958279	-0.10595432	-0.05062286	-0.12380566	-0.02102959	-0.02102959	0.00831617	0.00314106	-0.00678619	0.03656355	0.02500107	-0.00000000	-0.07763380	0.02255680	-0.01438801	0.02000161	-0.01790353	0.01031508	-0.02317324	0.00833847	-0.00821215	0.05045615	-0.04046362	-0.01863401	-0.00870379	-0.01338190	0.09082962	-0.05910059	0.36144330	-0.35659017	0.14087541	1.00000000	-0.12990157	-0.12221103	-0.02267421	-0.08831030	-0.03679399	-0.04587519	-0.01834980	-0.10029467	0.01098324	0.04497927	0.01582495	0.02753919	-0.03247763	0.00083383	0.01790051	0.01645008	0.03369844	0.04147276	0.03667784	-0.04042862	0.02422319	-0.01236127	-0.01368431	-0.02952961	0.00000000	-0.02363092	0.00621465	0.00316398	-0.03291837	-0.01827691	-0.01243030	0.16093345	0.10549397	0.02749261	0.05502666	0.00000000	0.07442979	0.07403641	0.08392455	0.12552041	0.14322443	-0.02807028	-0.00877226	0.01606405	-0.00853656	-0.06548143	-0.06548143	-0.06548143	0.00000000	0.00000000	0.00000000	0.00000000	0.00000000	0.00000000	0.00000000	0.00000000	0.00000000	0.00000000	0.00000000	-0.04649312	0.00523268	0.02975077	-0.03769990	0.03095203	-0.02735707	0.03679399	-0.05262531	-0.03627835	-0.07449219	0.04968711	0.01169568	0.08950462	0.01409350	-0.00559844	0.03390443	0.01937118	0.02576789	-0.02579878	0.00836525	-0.02796869	-0.00031146	0.00013610	0.00034532	-0.01224340	-0.02771264	0.04327892	0.01349540	0.03467573	0.05047037	-0.01812995	0.02120536	0.02982513	0.01166043	0.01389404	-0.01916050	-0.03949195	0.01400131	-0.05695220	0.01523316	0.00047122
RookPieceSquareEndGame_4	0.08535354	-0.08730074	0.00447323	0.16520244	-0.04048719	0.04143933	0.01633341	0.01891966	0.02030892	0.00571498	0.00085991	-0.00181461	0.07219857	0.08600806	0.11534562	0.14574050	0.12813581	0.06229795	-0.01298186	0.04880508	0.02174076	0.02429577	0.02429577	0.02218294	-0.02867829	-0.02289983	-0.02868837	-0.00452369	-0.03880053	-0.00565738	-0.01311288	-0.00310912	0.02534665	-0.04758087	0.00835011	-0.00201700	-0.00566795	0.00021742	0.00803681	0.02771099	-0.00260365	-0.00102279	-0.00462567	-0.00160714	0.03021269	-0.01528486	0.09103007	0.02006098	-0.02157149	0.11965052	0.02101040	-0.00111248	0.00009234	0.00539857	0.01065042	-0.06065104	-0.00554927	-0.00113149	0.02996251	-0.00705710	-0.07077857	0.08688530	0.06017121	0.09346345	0.02577330	0.02577330	0.01299738	-0.11828503	-0.08735766	-0.10271974	0.03141136	-0.04471100	-0.04582696	-0.05948807	-0.01306146	0.08293656	-0.08506447	-0.00265021	-0.00274137	-0.00149573	-0.02801554	-0.03284387	0.10764605	0.01470863	-0.05969057	-0.04369873	0.00249389	0.10426827	0.21898110	0.46669183	0.01564120	-0.12990157	1.00000000	-0.05935233	-0.03530317	0.00169287	-0.00038641	-0.01188901	0.06065104	0.03690549	0.04743048	-0.02728080	0.08689460	-0.03037830	0.07751209	-0.00743001	-0.00935551	0.00456541	0.00672090	-0.14552374	-0.15673815	-0.06964025	-0.01970840	-0.00242144	-0.00243213	-0.00165052	0.00000000	-0.00242727	0.01193707	0.01639953	0.01636477	-0.01849338	-0.10522547	0.03420025	0.02093955	0.04360733	0.09042479	0.00000000	0.16996304	0.16903077	0.18605924	0.15011060	0.12648735	0.01119628	0.00769213	0.00633092	0.01001219	-0.05338951	-0.05338951	-0.05338951	0.00000000	0.00000000	0.00000000	0.00000000	0.00000000	0.00000000	0.00000000	0.00000000	0.00000000	0.00000000	0.00000000	0.00679316	-0.01320855	-0.03140830	-0.08212792	0.08147917	-0.00057319	0.02416579	0.00668514	-0.00933167	0.02071150	0.11406772	0.00679928	-0.00600344	-0.00459533	-0.00717243	-0.01464445	-0.02727832	0.01940142	-0.02395073	-0.04258065	0.02730485	-0.00131169	0.00057319	0.00145428	0.00623837	0.03506881	-0.02016439	0.01606027	-0.02503237	-0.00370597	-0.02503237	0.01517215	0.03097336	0.00366755	0.03092605	0.00809373	0.04070927	0.00052595	0.00340552	0.02427187	-0.00444292
QueenPieceSquareEndGame_0	0.02466053	-0.05457584	-0.03750009	-0.20042178	0.72230258	-0.02361942	0.02109886	-0.01397071	-0.00531794	0.02578863	0.03142706	0.00152651	0.01887466	0.01763328	0.00200538	-0.00918135	-0.03701988	0.01778414	-0.01110907	-0.01046497	0.00040047	0.01254471	0.01254471	0.02522718	-0.03059820	-0.01112726	-0.02321742	0.00011978	0.03133214	-0.00449766	-0.03491732	0.00881516	0.02761791	0.03273301	-0.03206671	-0.00894159	-0.01441009	-0.00580845	0.00632098	0.02938997	-0.02141207	0.00086040	0.00595628	0.03086890	0.02300914	-0.02496866	0.02131867	-0.00624253	-0.06353839	-0.02505050	-0.29858345	0.05887292	0.01890976	-0.08014406	-0.04207851	-0.04314752	0.09672507	-0.09667324	-0.02107307	-0.03534944	-0.01257612	0.00034093	0.04813145	0.00200344	-0.00548884	-0.00548884	0.03385486	-0.05661933	0.00023404	-0.03717194	-0.02540122	0.03621926	-0.01413526	-0.03919145	-0.03978687	-0.00623405	0.07517300	-0.02054193	0.00700149	-0.00458439	0.01233175	-0.02969885	0.04145550	-0.00423571	-0.01730975	0.00126884	0.06006323	0.01951895	-0.22622429	-0.07898343	-0.12786468	-0.12221103	-0.05935233	1.00000000	0.64136720	0.50492042	0.00032506	0.37560863	0.04314752	0.19569352	-0.08607487	-0.07696051	-0.01850649	-0.01869622	-0.00019209	-0.03619213	-0.02658795	-0.01738944	-0.04574268	-0.04675062	-0.02941989	-0.03219375	-0.03861248	-0.04912292	-0.03815355	-0.01928918	0.00000000	-0.07055885	0.00516443	0.00498182	0.00052244	0.00790500	-0.02021455	-0.10440316	-0.06825115	-0.07985880	-0.08047100	0.00000000	-0.14512415	-0.14432906	-0.10493366	-0.07271679	-0.03636469	0.18930103	0.12147227	0.04579416	0.11215562	0.62907570	0.62907570	0.62907570	0.00000000	0.00000000	0.00000000	0.00000000	0.00000000	0.00000000	0.00000000	0.00000000	0.00000000	0.00000000	0.00000000	0.14009492	-0.00018354	0.03078248	0.06446698	-0.06665266	0.04334274	0.02856955	-0.06067938	0.00505671	0.05333513	-0.08785345	-0.04925087	-0.04457555	-0.00113845	-0.00009967	-0.02669198	0.00140054	-0.05341494	-0.00879219	-0.00029342	-0.03220317	0.27199902	-0.25764554	-0.34558315	0.10046091	0.07254246	0.29115833	-0.06432527	-0.02584417	-0.10816442	0.02958569	0.01975701	0.07192125	0.20805904	0.28304520	0.06017428	0.08881142	0.18308923	-0.00286483	0.19305612	0.14672026
QueenPieceSquareEndGame_1	0.01317654	-0.03138241	-0.06351493	-0.15301064	0.65087408	0.00009584	0.02082289	0.00003920	0.01256014	0.01322121	0.01390507	0.00220861	-0.01305910	-0.00979098	-0.00824460	-0.00654947	-0.00389621	0.00744785	0.01447856	0.00149747	-0.01405436	0.02204242	0.02204242	0.03613330	0.00199645	0.00022706	-0.00012447	-0.00106461	0.01984994	0.00029381	0.00848801	-0.00041340	-0.03718653	0.01350893	-0.03125536	-0.01628205	-0.02555988	-0.01507140	-0.01685878	0.00832747	-0.00602177	-0.00468305	0.00905123	0.00465246	0.00856820	-0.07391873	-0.05600736	-0.01432416	-0.00830013	-0.04336635	0.06740607	0.22269069	0.00069036	-0.06914898	0.11813436	-0.07033447	0.03910592	-0.05613065	-0.03175098	-0.02628007	-0.02397996	-0.02769372	0.02694236	-0.02725526	0.02458138	0.02458138	0.06544224	-0.05841214	-0.03089591	-0.07941736	0.02956325	0.02526585	-0.01404114	0.00447108	-0.08960169	-0.05414223	0.03495948	-0.06031382	-0.01306909	-0.02962077	-0.02063831	-0.04142890	0.01286932	-0.00365140	-0.00433219	0.00541202	0.02174316	0.00781342	-0.11274737	-0.09834038	-0.09668109	-0.02267421	-0.03530317	0.64136720	1.00000000	0.38668025	-0.20109288	0.58450005	0.07033447	0.17361593	-0.04300381	-0.11034736	0.01043140	-0.03184477	-0.01615881	0.01041062	0.00332059	-0.00752570	-0.00412723	-0.07064988	-0.06890721	-0.07212432	-0.03635279	-0.04428714	-0.03967826	-0.03094669	0.00000000	-0.03080896	-0.05024113	-0.05212827	-0.03643851	-0.03684512	-0.04431502	-0.09088911	-0.04670786	-0.02345941	-0.03417094	0.00000000	-0.09998547	-0.09939035	-0.10168966	-0.07585758	-0.05075033	0.19611536	0.12567783	0.05626686	0.11215200	0.54544219	0.54544219	0.54544219	0.00000000	0.00000000	0.00000000	0.00000000	0.00000000	0.00000000	0.00000000	0.00000000	0.00000000	0.00000000	0.00000000	0.11237954	-0.02492444	0.01371515	0.03211343	-0.03390155	0.07046125	0.04656110	0.00155648	-0.01839095	-0.01331454	-0.09279000	0.00402761	0.01712199	-0.00332792	-0.00220422	0.02896414	0.03097428	-0.02888069	-0.03511964	-0.02165126	-0.02759738	0.26550494	-0.27975209	-0.33470467	0.07466273	0.08258852	0.43615862	-0.10501507	-0.10040476	-0.00246378	-0.08751583	0.06110484	0.12810606	0.26980056	0.33026772	0.10000334	0.07995366	0.25338390	0.04660930	0.27993083	0.50062504
QueenPieceSquareEndGame_2	-0.02901480	-0.01608502	-0.03568609	-0.05287501	0.52178254	0.00003785	0.01598035	0.01399305	0.01280975	0.01194860	-0.01129641	0.01846306	0.01179973	0.00624021	-0.00209075	-0.00584376	-0.04557219	0.01199444	0.07178850	-0.03445864	-0.02128677	-0.05729437	-0.05729437	0.01851918	-0.00225928	0.00192672	0.00931887	-0.01753101	-0.01218571	0.00987461	0.01332700	-0.00102116	-0.02261332	-0.01086812	-0.03364082	-0.05317060	-0.01814083	-0.01524665	0.00766528	0.00471849	0.00566307	-0.00529210	-0.03624862	0.01434773	-0.00731649	0.00876936	0.03767702	0.02083730	-0.04393711	-0.02444210	0.06600727	-0.03950593	0.20418838	0.02348358	-0.11733421	-0.08571618	-0.00627585	-0.00472953	-0.00699915	-0.04730132	0.04207899	-0.03549142	0.01453494	-0.03801290	-0.09401539	-0.09401539	0.00979407	-0.02536134	0.02320530	0.00004265	-0.09299185	-0.00860836	0.02467568	0.03103666	-0.04350930	-0.03285897	-0.01786664	-0.01603972	-0.04586378	-0.01584740	-0.00172631	0.01906510	0.00797918	0.03000507	-0.03739386	-0.06629031	0.07276758	-0.00197187	-0.08987130	0.00786294	-0.03332288	-0.08831030	0.00169287	0.50492042	0.38668025	1.00000000	0.06917277	0.13734196	0.08571618	0.10779826	-0.00592756	-0.02982541	0.01077926	0.03507098	-0.03681713	-0.00136469	0.00040193	0.00791841	-0.02578273	-0.02681850	-0.00562288	0.02481047	-0.02523534	-0.03598069	-0.03733178	-0.03575616	0.00000000	0.05489337	-0.01140529	-0.00710428	-0.00410529	0.02149022	0.02751115	-0.01505300	-0.01314396	0.00089211	0.02449501	0.00000000	-0.05048599	-0.04749676	-0.03211233	-0.00608395	-0.01332195	0.10960489	0.06650715	0.05546374	0.12419611	0.47706435	0.47706435	0.47706435	0.00000000	0.00000000	0.00000000	0.00000000	0.00000000	0.00000000	0.00000000	0.00000000	0.00000000	0.00000000	0.00000000	0.10893933	-0.00415877	0.06381213	0.03273856	-0.03460327	0.02111220	0.01323708	-0.06704935	-0.01718836	0.04071799	0.00526910	-0.01813528	0.00339709	-0.00517968	-0.00436389	0.00845864	0.03913101	-0.00619584	-0.01649058	-0.05004156	-0.06041946	0.26810972	-0.24522236	-0.34648536	0.01923671	0.03165492	0.16356072	-0.14388256	-0.02348304	-0.02673615	-0.07617990	-0.04027757	0.05841206	0.21908097	0.36880306	0.14426383	0.08724446	0.29635811	0.10801357	0.28496203	0.13851627
QueenPieceSquareEndGame_3	0.02806682	-0.03198989	0.05051017	-0.05687691	0.05485502	0.00039791	0.01193387	0.01372508	0.00018802	-0.04093214	-0.03346848	-0.00053370	-0.01762441	-0.01991261	-0.02073325	-0.02399331	-0.04815522	-0.05830320	0.00065406	0.01621723	-0.00603525	0.02397554	0.02397554	-0.00634200	-0.01013110	-0.01651534	-0.01200050	-0.00004188	0.00093640	-0.00894575	0.00606552	-0.00722578	0.00045499	0.00061025	0.02259311	-0.00201767	0.02715482	0.01581901	0.00992427	0.00061244	0.02801707	0.01428418	-0.01029487	-0.06349674	0.00075933	0.00002448	-0.02976381	-0.00352916	-0.00015097	0.00037715	0.07527941	-0.12282627	0.02175284	0.12674645	-0.06230300	-0.02312947	-0.02906250	0.04062533	0.00053784	-0.01999424	-0.04452524	-0.00011920	0.01540814	-0.01177254	0.02694163	0.02694163	-0.00818492	-0.04382370	-0.00459633	-0.00619450	-0.16780518	0.00000000	-0.02193654	0.03731456	-0.01411224	-0.00002480	0.00000000	0.05053893	0.00036012	0.02739933	0.03754718	0.03122817	0.00050625	0.07314164	-0.00021138	-0.01657493	-0.08309318	0.00045010	-0.07051023	-0.02521793	-0.03261479	-0.03679399	-0.00038641	0.00032506	-0.20109288	0.06917277	1.00000000	-0.09091426	0.02312947	0.00039653	0.03608979	-0.00020333	-0.01707440	-0.01941512	0.00006716	-0.03034318	-0.01803300	-0.02910921	-0.02361754	-0.01460603	-0.01481683	-0.01662205	-0.03931094	0.03085236	0.01822456	0.00968082	0.00000000	-0.00071389	0.04657392	0.03135144	0.01605347	0.04443743	0.00015552	0.01840907	-0.01196891	-0.04321422	-0.02189338	0.00000000	-0.08775657	-0.08733538	-0.05171540	-0.04632698	0.00010638	-0.03476810	-0.02224278	0.00088713	-0.01057346	0.08894290	0.08894290	0.08894290	0.00000000	0.00000000	0.00000000	0.00000000	0.00000000	0.00000000	0.00000000	0.00000000	0.00000000	0.00000000	0.00000000	-0.03822174	0.02573244	0.01164334	-0.01833788	0.01900764	-0.00016858	0.00011365	-0.00278005	-0.02208170	0.01235066	-0.04295030	-0.00027054	0.00002917	-0.02234637	-0.02784162	0.00000000	-0.00048966	0.02016696	0.02594970	0.00010259	0.00076721	-0.00038578	0.00016858	0.00042772	-0.05979911	-0.00267181	-0.00931267	-0.00060626	0.08655339	0.00027784	0.08655339	-0.04553885	-0.06796367	-0.07528730	-0.05125774	-0.07222761	-0.04891508	0.01390465	0.00100160	-0.09890166	-0.09771550
QueenPieceSquareEndGame_4	0.01650895	-0.00820733	-0.05890064	-0.08568539	0.32545013	0.00000000	-0.02317125	-0.03315049	-0.03760089	0.00000000	-0.01685974	0.00000000	0.00000000	-0.00515508	0.00530232	0.02448158	0.02425818	0.00000000	0.01453375	-0.00807284	0.00120578	0.07900235	0.07900235	0.02230026	0.00000000	-0.00353155	0.00631569	0.00000000	0.00000000	-0.00473293	0.00614195	-0.02237535	0.00000000	0.00000000	-0.02276254	-0.02468901	-0.01951367	-0.01204731	-0.01092018	0.00000000	-0.00461921	0.00000000	-0.00527912	-0.02155964	0.00000000	-0.02937798	0.01136501	-0.01186204	-0.02012764	-0.01885625	-0.03742704	0.08262440	-0.01086222	-0.02307759	0.15752075	-0.02292754	0.04992047	-0.03071684	-0.03841510	0.02911617	-0.02201370	-0.11919027	0.03719315	0.01093644	0.08610234	0.08610234	0.04929160	-0.01468047	-0.05586378	-0.02989132	0.00000000	0.00000000	-0.03298540	0.02499996	-0.11867704	0.00000000	0.00000000	-0.06293407	-0.05054095	-0.04096864	-0.03767061	-0.03126548	0.00000000	-0.01040178	-0.01409147	-0.00806520	-0.02794063	0.00000000	-0.07971810	-0.03881328	-0.07289657	-0.04587519	-0.01188901	0.37560863	0.58450005	0.13734196	-0.09091426	1.00000000	0.02292754	0.11328664	-0.04496915	-0.05082897	0.05704727	0.02919401	-0.12087584	0.02614516	0.01891880	0.00989632	-0.01188236	-0.05131062	-0.05271254	-0.06690258	-0.07921149	-0.01538684	-0.01318952	-0.00440513	0.00000000	-0.05710790	-0.08552321	-0.08621156	-0.06494083	-0.08942875	-0.06220366	-0.03618284	-0.01860346	0.00000000	0.00000000	0.00000000	-0.07021883	-0.06986433	-0.04323784	-0.03459192	0.00000000	0.03534041	0.02275347	0.01267257	0.09372061	0.32529220	0.32529220	0.32529220	0.00000000	0.00000000	0.00000000	0.00000000	0.00000000	0.00000000	0.00000000	0.00000000	0.00000000	0.00000000	0.00000000	0.04840984	-0.01283341	-0.01744947	-0.00630132	0.00644290	0.00000000	0.00000000	0.01261994	0.00000000	0.00000000	-0.04323610	0.00491869	0.01166587	-0.02274311	-0.02787488	0.00000000	0.00000000	-0.01342709	-0.03431170	-0.04103240	-0.04720994	0.21308705	-0.26971366	-0.25661759	0.04789753	0.03131117	0.38279450	-0.24249124	-0.13080373	-0.00889024	-0.08720249	0.08313675	0.08563214	0.12599669	0.15172910	0.09698498	0.01855081	0.10311886	-0.02861561	0.14131548	0.45460772
KingPieceSquareEndGame_0	0.06842195	0.02749362	-0.07643385	0.04998238	0.08100219	0.02308379	0.08412235	0.05603309	0.07173933	0.06708410	0.02506599	-0.02597644	0.04248746	0.05335390	0.08206769	0.08557618	0.06461611	0.05120332	0.02083811	0.04059515	-0.01306566	0.01591671	0.01591671	0.05197105	0.01510374	0.01134153	0.00738014	0.02964607	0.01184118	-0.00688742	0.02182180	-0.01922191	0.01640812	-0.01475721	-0.05710642	-0.07271452	-0.05876406	-0.07167811	0.02379199	-0.01343714	-0.03198445	-0.03992882	-0.02975702	-0.02384302	-0.02798309	0.00489625	0.02674606	0.06506569	-0.02342266	0.03737903	0.05589193	0.00465779	0.03008639	0.05562328	-0.01714229	-1.00000000	-0.02423592	-0.31445224	-0.28385084	-0.31228116	-0.14347550	-0.26431881	0.05346962	0.01404002	-0.05758303	-0.05758303	0.04138390	0.03293337	0.06575085	-0.02256997	0.00073873	0.01437060	-0.09992525	0.00663608	0.08851537	0.07509198	-0.01491307	-0.05112422	-0.04397410	-0.08280998	-0.07008305	0.03160998	0.03315167	-0.02418409	-0.07781287	-0.01142129	-0.01538825	0.03222650	0.05745602	0.00536244	0.06927492	-0.01834980	0.06065104	0.04314752	0.07033447	0.08571618	0.02312947	0.02292754	1.00000000	0.38405918	0.26292090	0.03625274	0.17812741	0.14226190	-0.04076555	0.02718989	-0.01587974	-0.03846466	-0.01224929	0.01099497	0.02235809	-0.01705758	-0.03049047	-0.06998673	-0.02551932	0.00735195	0.00000000	0.03006581	-0.03515781	-0.02767267	-0.02833953	-0.03897647	-0.07871427	0.03138004	-0.01640583	-0.05176266	-0.04083462	0.00000000	0.03095270	0.04404998	0.03458975	0.04106910	-0.01449537	0.06137684	0.00483468	-0.02393849	-0.02269854	0.03689920	0.03689920	0.03689920	0.00000000	0.00000000	0.00000000	0.00000000	0.00000000	0.00000000	0.00000000	0.00000000	0.00000000	0.00000000	0.00000000	-0.01554830	-0.06484575	0.01856408	0.02919381	-0.02705491	0.03430889	-0.00020063	-0.01843275	-0.01288810	-0.05404913	0.07218629	0.02528776	0.06467617	0.00503323	0.08430002	0.01412066	0.00086441	-0.02036256	-0.00903210	-0.00018110	0.02245861	0.03403763	-0.06832018	-0.02951938	0.02100530	0.01158336	0.10533487	0.05349054	0.02314734	-0.04533336	0.02314734	0.01939478	-0.00096375	0.05587169	0.04568650	0.04801020	-0.00722059	0.07601378	0.01266573	0.01827654	0.02995708
KingPieceSquareEndGame_1	0.07397023	-0.02339050	-0.01964652	0.03234753	0.21416983	0.03387052	0.03728716	0.02481940	0.02433413	0.00305091	0.05514376	-0.01587214	0.03451449	0.04720579	0.03533692	0.03490092	0.01216565	0.00871320	0.01703667	0.08694009	-0.03543987	0.01732198	0.01732198	0.11383291	-0.02144680	0.00305199	-0.01409661	0.02241173	0.04118349	-0.00732134	-0.00993720	-0.00081326	0.00975152	0.02490818	-0.03155202	0.00037368	-0.02341405	-0.03097238	-0.01285296	-0.00213681	-0.02791007	0.01437723	0.01311333	0.03526690	-0.01581363	0.03896466	0.04467888	0.12728375	0.00498577	0.04254663	0.04206134	0.03291840	0.02427004	0.03132967	0.02369934	-0.38405918	0.37630245	-0.26082975	-0.25718907	-0.22050512	-0.01290239	-0.02334881	0.01421813	-0.01182397	-0.01256472	-0.01256472	0.09544232	-0.01540365	0.02700633	-0.06337048	-0.05416065	0.06627241	-0.08057465	-0.02842263	0.08128082	-0.03617129	0.03929951	0.00143257	0.04325062	-0.01504651	-0.00248278	-0.02583802	0.00944839	0.00405069	-0.02735868	0.02030866	0.08564722	0.01474554	0.00465063	0.07992492	0.05873925	-0.10029467	0.03690549	0.19569352	0.17361593	0.10779826	0.00039653	0.11328664	0.38405918	1.00000000	-0.30823009	-0.32021666	-0.21666088	-0.01633876	-0.07610710	0.01203537	-0.01881145	-0.02504902	-0.02026125	-0.06108791	-0.05340425	-0.00592280	-0.02077838	-0.05480882	-0.02852222	0.01453060	0.00000000	0.00249078	0.04677674	0.06250635	0.10314383	0.07155499	-0.01087798	0.04398467	0.01291022	-0.00510747	-0.00216003	0.00000000	-0.00299335	-0.00290205	0.02238575	-0.06826684	-0.05221400	0.08607531	0.03223884	0.00532716	-0.01761099	0.15645816	0.15645816	0.15645816	0.00000000	0.00000000	0.00000000	0.00000000	0.00000000	0.00000000	0.00000000	0.00000000	0.00000000	0.00000000	0.00000000	0.01109598	-0.04287027	0.01478479	0.02419588	-0.03420287	0.00058818	0.01470922	-0.01266672	-0.05584756	0.03222833	-0.02974110	-0.01049769	0.04254144	0.01750553	0.06935116	-0.00930282	-0.00642698	-0.03466774	0.01065378	-0.00035793	0.02869963	0.12953728	-0.13502998	-0.15783156	0.02559877	-0.00176149	0.12707764	-0.03241972	-0.02669602	-0.04085233	0.04574908	-0.00687535	0.01801455	0.12438297	0.07922816	-0.02596939	0.04942959	0.10683075	0.05356047	0.07484383	0.05104211
KingPieceSquareEndGame_2	0.00489980	-0.01869558	-0.06661699	-0.03415540	-0.06499865	-0.00972430	-0.03014481	-0.02144890	-0.00316195	0.00801736	-0.02693771	0.00052797	0.00137206	0.01561883	0.06877109	0.05764396	0.05083816	0.02289703	-0.00639845	-0.02402977	0.01312786	0.03399904	0.03399904	-0.03895344	0.02747622	0.00725408	0.00437377	-0.00990170	-0.01151315	-0.00332450	0.00250650	-0.00023059	0.01305292	-0.01670244	-0.03135836	-0.03464203	-0.00292475	-0.00849800	0.01395010	-0.01999349	-0.01492065	-0.01845936	-0.01488483	0.00735865	-0.02165348	-0.06977844	-0.03352012	-0.02389124	-0.01312579	-0.03022092	0.02179986	-0.01448135	-0.00217611	0.02301665	0.00553227	-0.26292090	-0.15751047	0.17455847	-0.11302651	-0.04167159	-0.15631605	-0.10364946	0.03774347	0.07512148	-0.00044230	-0.00044230	-0.02928962	-0.06412216	-0.04871052	-0.06878804	0.02525245	-0.01127436	-0.03703863	-0.06412028	-0.03593838	-0.02745214	-0.02924990	-0.05995832	-0.05935772	-0.03791351	-0.02670897	0.06190187	0.06627438	-0.06618205	-0.01373188	-0.06339377	-0.03389632	0.02546120	0.01367025	-0.05057042	0.07815802	0.01098324	0.04743048	-0.08607487	-0.04300381	-0.00592756	0.03608979	-0.04496915	0.26292090	-0.30823009	1.00000000	-0.38599671	0.21361812	0.03461057	0.15938028	0.00932468	0.00660936	0.00725731	0.03747058	-0.04356527	-0.05984171	-0.10600445	-0.04731324	-0.01428380	-0.00932980	-0.00783366	0.00000000	-0.04449222	-0.10145499	-0.10234911	-0.14437583	-0.12358678	-0.04938537	-0.00747251	-0.00533739	-0.01403171	-0.03624573	0.00000000	-0.03475620	-0.02764731	-0.04808036	0.00019963	-0.00010523	-0.01455335	-0.00951068	-0.00338506	0.01741394	-0.05873187	-0.05873187	-0.05873187	0.00000000	0.00000000	0.00000000	0.00000000	0.00000000	0.00000000	0.00000000	0.00000000	0.00000000	0.00000000	0.00000000	0.00332856	-0.02545621	-0.00077684	0.06053242	-0.06214748	0.02685012	-0.01810111	0.03160483	-0.00980607	-0.02141756	0.05674737	0.00221411	-0.01387840	-0.01839395	-0.11034333	0.01107827	-0.03826784	-0.01330861	-0.04434104	-0.01633917	0.03660567	-0.07376587	0.05319992	0.09548605	-0.00201391	-0.00705396	-0.03128268	0.02801710	0.05240980	-0.03369700	0.00064703	0.02112303	-0.02595539	-0.08416789	-0.04155452	0.00428773	-0.03480897	-0.06272387	0.03298119	-0.06207895	-0.01030178
KingPieceSquareEndGame_3	-0.01501489	0.07125600	0.01509247	0.02599824	-0.09595634	0.00071189	0.04985269	0.05124573	0.04742870	0.05524428	0.00045248	-0.00095483	-0.00732304	-0.03793106	-0.05369530	-0.02650018	-0.02828379	0.00052417	0.04017539	-0.01612284	0.02425939	-0.08214575	-0.08214575	-0.01508688	0.02872926	0.00994386	0.03314639	0.00367134	-0.03422375	0.01680912	0.00810443	0.00708927	-0.00427352	-0.02923575	-0.00285084	-0.01258242	-0.00029676	0.00863270	-0.00422513	0.02300968	0.02429789	-0.02173930	-0.00188906	-0.00752194	0.02498453	0.01318442	0.04757319	-0.04080182	-0.02427806	0.04284626	-0.03272851	-0.00892019	0.01219513	-0.02098046	0.00831407	-0.03625274	-0.16683082	-0.06929281	0.23464943	0.02934632	0.03850027	-0.04286382	-0.02234256	-0.07650257	-0.08215149	-0.08215149	-0.00545685	0.08904176	0.02925819	0.10776411	-0.00074867	-0.14017847	0.05173807	0.05557631	0.04774210	0.09312692	-0.13885779	0.02567288	0.00290496	0.03527575	0.02617347	-0.04901704	-0.05947549	0.04943453	-0.00983275	0.08939446	0.01380996	-0.01383588	0.02044363	0.00262585	-0.07613563	0.04497927	-0.02728080	-0.07696051	-0.11034736	-0.02982541	-0.00020333	-0.05082897	0.03625274	-0.32021666	-0.38599671	1.00000000	0.06422982	0.11325929	-0.11402162	0.01822018	0.01851124	0.01431997	-0.01036410	0.10173842	0.11495984	0.09744388	0.02710464	-0.01133311	0.00114059	-0.00238417	0.00000000	0.04981095	0.04507028	0.05609017	0.06866151	0.07950204	0.06983669	-0.03989455	-0.03250829	-0.00819544	0.04138417	0.00000000	0.07070844	0.07031241	0.06993369	0.04605734	-0.01249730	0.00102749	0.00091598	-0.00124704	0.00990378	-0.09880878	-0.09880878	-0.09880878	0.00000000	0.00000000	0.00000000	0.00000000	0.00000000	0.00000000	0.00000000	0.00000000	0.00000000	0.00000000	0.00000000	-0.02074403	0.00585512	0.03123759	-0.07790466	0.08587996	-0.00030160	0.02053607	-0.02441704	0.03715495	0.00649891	0.02307822	-0.00928445	0.03136068	0.01597142	0.11227698	-0.00000000	0.02102494	0.02106559	0.04642604	0.00936033	-0.07253610	-0.05984984	0.06062238	0.07728772	-0.01057582	0.01714130	-0.04937976	0.02990538	0.01833246	-0.00149121	0.01833246	-0.01386048	-0.05647751	-0.05613567	-0.06687447	0.01176707	-0.00453607	-0.04892276	-0.04940653	-0.07270224	-0.08139245
KingPieceSquareEndGame_4	0.03532164	-0.04577113	0.03333309	-0.04694572	0.00415747	0.03441644	0.00652242	0.01267175	0.02285375	0.01909078	0.00172300	-0.00363593	0.06268104	0.06213344	0.04698164	-0.04494682	-0.08740609	-0.01901441	0.00445588	0.00771821	0.03454856	0.03040997	0.03040997	-0.07719114	-0.02355033	-0.02323599	-0.03948125	-0.00629185	-0.02239979	-0.01512160	-0.01263626	-0.01579610	-0.02952844	-0.02501774	0.01312083	-0.01429907	0.02965792	0.01337891	0.02453731	-0.00461154	-0.00540804	-0.00466418	-0.02659669	0.00034789	0.00517306	-0.07708575	-0.03364668	-0.02829656	-0.00824591	-0.00419215	0.02971006	-0.00854826	0.00115876	0.00906655	0.02177467	-0.17812741	-0.11616227	-0.01328169	-0.02664085	0.33709086	-0.20861168	-0.27434541	0.06362666	-0.02878579	0.10754531	0.10754531	0.02083087	-0.05377346	-0.07410853	-0.05411064	0.01215377	0.01021608	-0.05876544	-0.00800087	-0.08816313	0.02117180	0.03180517	0.03965036	-0.02563742	-0.02145447	-0.02832185	0.10063512	0.03975325	-0.08543798	-0.03933729	-0.09845962	0.01501602	0.01480375	0.00559006	-0.07379755	0.04395291	0.01582495	0.08689460	-0.01850649	0.01043140	0.01077926	-0.01707440	0.05704727	0.17812741	-0.21666088	0.21361812	0.06422982	1.00000000	-0.38351250	-0.27887050	-0.00796424	-0.00243798	0.00750983	0.02231600	-0.07322188	-0.06583906	-0.11623961	-0.08318787	0.03914635	0.03272051	-0.00197055	0.00000000	-0.02534142	0.00225822	0.00000000	-0.03908522	-0.06603924	-0.11046633	0.01188793	-0.00148983	0.00639193	0.06879470	0.00000000	-0.06909348	-0.05323582	-0.02052776	0.03997211	-0.05013169	-0.07212216	-0.04954555	-0.02122126	-0.01322210	0.06513518	0.06513518	0.06513518	0.00000000	0.00000000	0.00000000	0.00000000	0.00000000	0.00000000	0.00000000	0.00000000	0.00000000	0.00000000	0.00000000	-0.01042404	0.03265005	-0.05485722	-0.04810571	0.04863212	-0.04950583	-0.04812618	0.02027960	-0.01113390	-0.02422640	0.05881080	-0.00713440	-0.03744992	-0.04214245	-0.07972625	-0.04015357	-0.05600795	0.03868932	0.00453695	-0.03608489	-0.00323761	-0.00262822	0.00114849	-0.01753467	-0.01860780	-0.04627133	0.03902769	0.07040103	-0.00445588	0.02261407	-0.03572519	0.02581397	-0.08072281	-0.06110629	-0.05858754	-0.00518397	-0.04498970	0.03803049	0.05812895	-0.06037235	0.03481682
KingPieceSquareEndGame_5	-0.01201694	0.06992391	-0.02162616	-0.00622179	-0.02348643	-0.03550565	0.02713514	0.02251222	0.02245937	0.03070219	-0.00732727	0.00022851	-0.00790323	-0.03120563	-0.03880013	0.08102970	0.10717487	0.03750689	0.01216605	-0.06224936	0.02271924	-0.05710281	-0.05710281	-0.01876877	0.02558344	0.01841213	0.01775788	-0.01432671	-0.00040092	0.01801596	0.00003287	0.02225506	-0.00993500	-0.01187386	-0.01210995	0.00681024	-0.00911986	-0.00728882	-0.00424912	-0.00026222	0.02360559	0.00168995	0.00892861	-0.02820187	-0.00032511	0.01256855	-0.01645403	-0.02049829	0.00581012	-0.03245687	-0.00819302	-0.01495123	0.01161581	0.00255062	-0.02053763	-0.14226190	-0.04862788	-0.04808263	-0.01996852	-0.09533045	0.33011512	-0.10201848	0.04436397	0.12419055	-0.07108989	-0.07108989	-0.07036527	0.09105081	0.14439883	0.02824987	-0.01773768	0.00000000	0.04705530	-0.02132863	0.08226472	0.04248177	-0.01265937	-0.01894377	-0.06182981	0.02919996	0.05166900	0.00001673	-0.07246762	0.15574454	0.02724202	0.03472343	-0.03620481	-0.04223898	-0.01911482	-0.01413136	-0.03711128	0.02753919	-0.03037830	-0.01869622	-0.03184477	0.03507098	-0.01941512	0.02919401	0.14226190	-0.01633876	0.03461057	0.11325929	-0.38351250	1.00000000	-0.27606333	0.01075261	0.01582154	0.01034454	0.01011196	0.10982709	0.11274719	0.10379797	0.09314371	-0.00662126	-0.00027296	0.00528603	0.00000000	0.04921045	-0.02992790	-0.02349071	-0.02772809	0.01926541	0.07983629	-0.01950147	-0.00549627	-0.01457977	-0.04845915	0.00000000	0.01126544	0.01121791	0.02584489	0.00502358	-0.04862709	0.03001814	0.01926590	0.01047243	0.01706744	-0.05074342	-0.05074342	-0.05074342	0.00000000	0.00000000	0.00000000	0.00000000	0.00000000	0.00000000	0.00000000	0.00000000	0.00000000	0.00000000	0.00000000	0.02051043	-0.00552247	0.01825950	0.04292664	-0.04951893	0.00007218	0.03887891	-0.04564083	0.01434669	-0.02021879	-0.07108910	0.00222191	0.04494322	0.00469864	0.04175911	0.01198671	0.03165714	0.00142652	-0.05702157	0.00874068	0.02999297	0.01117682	-0.11555787	-0.01849617	0.00323012	0.00114395	0.03060146	-0.01457323	0.03761830	-0.03057186	0.03761830	-0.00962748	0.00893272	-0.03479310	0.00768514	0.05687890	-0.01612442	-0.06482443	-0.07394445	-0.02877860	-0.01077170
KingPieceSquareEndGame_6	0.00130079	0.00677803	-0.00498490	-0.05922262	-0.00036061	0.01021511	-0.01732167	-0.01594645	-0.00455514	-0.00006062	-0.00014945	0.00031537	-0.00291180	0.02395220	0.06238595	0.03226220	0.02367719	0.00848321	-0.00038649	0.01904078	0.01995500	0.04688385	0.04688385	-0.00613615	0.01576069	0.01810702	0.02202027	0.00002475	0.01525614	0.00388772	0.01093410	0.01749250	-0.00026886	0.01566642	0.00010089	-0.00336708	-0.01258672	-0.00649996	0.00058886	-0.00036190	-0.00563686	-0.00844073	0.00296370	0.00566958	-0.00044870	-0.01158838	-0.01263473	-0.00492442	-0.00387559	0.01092021	-0.00024882	0.01043672	-0.00162080	0.00011081	-0.00972756	0.04076555	0.01295912	0.00624734	0.02692380	-0.05700974	-0.05174315	0.45085649	-0.02668829	0.11323497	-0.01200621	-0.01200621	-0.09225941	-0.00446783	-0.05130462	0.03113812	0.04970294	-0.11785347	0.01621141	0.05920557	0.10477067	-0.10549472	-0.12230232	-0.00754973	0.06997489	-0.01417315	-0.03109175	-0.01845320	0.07947413	-0.03092666	0.03343424	0.03362498	-0.02520064	0.03842063	-0.06302177	0.01012319	-0.09429704	-0.03247763	0.07751209	-0.00019209	-0.01615881	-0.03681713	0.00006716	-0.12087584	-0.04076555	-0.07610710	0.15938028	-0.11402162	-0.27887050	-0.27606333	1.00000000	0.00556988	0.00506595	0.00842874	0.01395596	0.00863092	0.02210566	0.04935820	0.02322942	-0.00610735	-0.00557295	-0.00311734	0.00000000	-0.03332599	0.00004595	-0.00463151	0.00010793	0.00016515	-0.04604085	-0.00553264	-0.00392108	-0.01033830	-0.00701731	0.00000000	-0.06744350	-0.06709012	-0.09208704	0.02737531	0.08374905	0.01010281	0.00642053	0.00322020	0.00624801	-0.00886884	-0.00886884	-0.00886884	0.00000000	0.00000000	0.00000000	0.00000000	0.00000000	0.00000000	0.00000000	0.00000000	0.00000000	0.00000000	0.00000000	-0.01174347	-0.00003792	-0.01948346	0.01828364	-0.01884675	0.07979307	0.02679567	-0.06713410	-0.02071203	-0.00042931	-0.01294549	0.00887995	0.02755848	0.01320481	0.07410621	0.02481508	0.01475670	-0.01390064	0.02268428	-0.00006062	-0.00045335	0.00022796	-0.00009962	0.01659701	-0.01098104	0.03938988	-0.02406133	0.08224388	0.05191868	-0.00016418	0.02615258	-0.00882099	-0.03068512	-0.05027578	-0.03969276	-0.06478175	-0.01859983	-0.05290429	-0.01750222	-0.04704407	-0.04390972
KnightMobilityMiddleGameBase	-0.05564563	0.83076919	-0.61195384	-0.07619976	-0.02426538	-0.12567555	-0.06046892	-0.03625198	-0.03631305	-0.02925414	-0.03720973	-0.03198555	-0.00171607	0.00541884	0.00298276	0.00399919	0.00227436	-0.01277314	0.07430952	-0.03035998	-0.07110386	0.03239988	0.03239988	0.09996214	0.87851494	0.62866374	0.70773122	0.06782507	0.12074945	0.31269490	0.22538446	0.12400929	0.11100871	0.13173193	-0.55620454	-0.31538680	-0.42545878	-0.30355091	-0.09646845	-0.07883360	-0.19455948	-0.09205879	-0.07527523	0.01898587	-0.00386226	-0.08583912	0.02207081	-0.03388398	-0.10050819	0.00524946	0.01339567	-0.07107257	0.06972946	-0.00227816	0.02617576	-0.02718989	-0.06241177	0.04778344	0.04991071	-0.04383361	0.05008507	0.00108321	-0.05102612	-0.05014109	-0.07263676	-0.07263676	0.01767642	0.30705324	0.28597615	0.30846104	0.02787140	0.03277469	0.14748966	0.14837810	0.07022266	0.02761107	0.06122142	-0.29710183	-0.17653474	-0.17908335	-0.16873506	-0.04280570	-0.04342379	-0.13099102	-0.07102692	-0.02936984	0.01261996	-0.02668341	-0.01137162	-0.01789593	-0.01236638	0.00083383	-0.00743001	-0.03619213	0.01041062	-0.00136469	-0.03034318	0.02614516	0.02718989	0.01203537	0.00932468	0.01822018	-0.00796424	0.01075261	0.00556988	1.00000000	0.77761852	0.40000782	0.19002058	0.08551125	0.07400872	0.06831744	0.03375000	-0.68985090	-0.52673511	-0.34743587	0.00000000	-0.03293021	-0.08515649	-0.07934131	-0.06370879	-0.04632709	-0.00856910	-0.10901916	-0.05530778	-0.03773026	-0.03929158	0.00000000	0.00989793	0.00803710	-0.02345750	-0.01143085	-0.00749289	-0.02554667	-0.07009088	-0.05179691	-0.03194355	0.00138628	0.00138628	0.00138628	0.00000000	0.00000000	0.00000000	0.00000000	0.00000000	0.00000000	0.00000000	0.00000000	0.00000000	0.00000000	0.00000000	-0.00016429	-0.61473989	0.63423900	-0.04937263	0.04813984	0.04807324	0.04080183	0.01106862	-0.04381271	0.06426681	-0.01422514	-0.04394028	-0.02442152	0.21092256	0.07664389	0.21899161	0.07767436	-0.10371933	-0.01971120	0.02738962	0.01475187	0.00350582	-0.00153198	-0.00388693	0.05854073	-0.01659463	-0.02149358	-0.01043106	0.01597542	-0.04854731	0.01597542	0.05040632	0.08369787	-0.05899588	0.04008199	-0.00747172	-0.08472931	-0.07574505	-0.00251831	-0.02301328	0.01448428
KnightMobilityMiddleGameIncrement_1	-0.03865078	0.64759921	-0.45894941	-0.07179120	-0.02169424	-0.08774801	-0.03767261	-0.01879934	-0.02494219	-0.01574400	0.01206090	-0.01804728	-0.00325574	0.00305079	-0.00041379	-0.00000000	0.00052586	-0.00838308	0.03421546	-0.02659143	0.03178970	0.03549026	0.03549026	0.06341266	0.69976751	0.62643232	0.61675312	-0.13911104	0.08177144	0.41060339	0.23067184	0.15184429	0.08166158	0.09683040	-0.44394936	-0.21642608	-0.26225977	-0.14137056	-0.09221632	-0.07105070	-0.06867200	-0.03255579	-0.05259647	-0.00701048	0.00231866	-0.08578363	-0.00858593	-0.06667709	-0.07002978	0.02452570	0.00450291	-0.06811932	0.05686576	-0.02975362	0.01413686	0.01587974	-0.11158670	0.07930549	0.10132956	-0.00555433	0.05883978	0.01085188	-0.03432271	-0.03153926	-0.03932589	-0.03932589	0.01343680	0.21977666	0.23825936	0.24878025	-0.03156679	0.01185798	0.16546268	0.13673242	0.06227434	0.02909254	0.05537524	-0.19268968	-0.11692961	-0.12073847	-0.11844190	-0.03222779	-0.03906645	-0.08046520	-0.04820346	-0.02339302	0.00881281	-0.01713614	-0.00645162	-0.02230724	-0.01441606	0.01790051	-0.00935551	-0.02658795	0.00332059	0.00040193	-0.01803300	0.01891880	-0.01587974	-0.01881145	0.00660936	0.01851124	-0.00243798	0.01582154	0.00506595	0.77761852	1.00000000	0.55255510	0.19171930	0.06974126	0.08584876	0.08272147	0.03065077	-0.51613924	-0.38284645	-0.23322350	0.00000000	-0.01819820	-0.06573109	-0.05708566	-0.04587582	-0.03271417	-0.00444984	-0.07965216	0.02371298	0.01564815	-0.00483113	0.00000000	-0.01295763	-0.01272183	-0.04274091	-0.00802368	-0.00673310	-0.03390000	-0.02293588	0.01153796	-0.00525691	0.01057742	0.01057742	0.01057742	0.00000000	0.00000000	0.00000000	0.00000000	0.00000000	0.00000000	0.00000000	0.00000000	0.00000000	0.00000000	0.00000000	0.00006297	-0.46253510	0.46433402	-0.04048784	0.03938634	0.04341245	0.03695287	0.01177273	-0.01790777	0.05843219	-0.01274678	-0.01836105	-0.01964957	0.18621374	0.07804092	0.16312437	0.07514804	-0.03233056	-0.01595455	0.06324285	0.00875013	0.00301048	-0.00131553	-0.00333774	0.06249697	-0.02646266	-0.02946907	0.00473101	0.02325139	-0.02899483	0.01417768	0.03922287	0.07415052	-0.05847528	0.05496893	0.00607074	-0.07125929	-0.07130890	-0.00186097	-0.02482972	-0.00966845
KnightMobilityMiddleGameIncrement_2	-0.01839091	0.34235296	-0.22544000	-0.03081630	-0.03264575	-0.02770314	-0.00303951	0.02072143	0.00558724	-0.00275823	0.00971814	0.00273046	-0.01195396	-0.00474898	-0.00705925	-0.00383768	0.00341975	-0.00149892	0.02196797	-0.02408915	0.10044487	-0.03930604	-0.03930604	-0.06526441	0.35551553	0.39666185	0.34465542	-0.19307462	0.00685843	0.42188177	0.12876594	0.10192176	0.02243557	0.02640150	-0.21842245	-0.18621063	-0.04800910	0.00221506	0.07761301	-0.08846567	0.02913733	-0.03259494	0.02508490	-0.02484270	-0.05563427	-0.04276623	0.01535920	-0.00992253	-0.05765658	0.04322949	-0.02252573	-0.00571659	0.07790320	-0.11334647	-0.01048578	0.03846466	-0.08421254	0.08641270	0.08423084	-0.03082938	0.04566942	0.00579982	-0.01161913	-0.01966865	0.01069070	0.01069070	-0.00373486	0.13151643	0.17112518	0.16835786	-0.07074150	-0.02481139	0.15531900	0.12886908	0.07542954	0.01740336	0.01287400	-0.09276904	-0.07116593	-0.05618453	-0.04145914	0.01041060	-0.04667550	-0.02317743	-0.04033629	-0.01353397	-0.00375258	-0.03437209	0.00590109	-0.01569528	-0.00844137	0.01645008	0.00456541	-0.01738944	-0.00752570	0.00791841	-0.02910921	0.00989632	-0.03846466	-0.02504902	0.00725731	0.01431997	0.00750983	0.01034454	0.00842874	0.40000782	0.55255510	1.00000000	0.43127199	0.05397933	0.06924649	0.12691737	0.05452923	-0.24941089	-0.15737146	-0.07830049	0.00000000	0.01608582	-0.03853501	-0.03583345	-0.02911058	-0.02290808	-0.00079565	-0.02722236	0.04503291	0.04686590	0.02623935	0.00000000	-0.01348925	-0.01330945	-0.03477422	-0.00147802	-0.00054423	-0.02602110	0.03948849	0.07271504	0.06939852	-0.01401155	-0.01401155	-0.01401155	0.00000000	0.00000000	0.00000000	0.00000000	0.00000000	0.00000000	0.00000000	0.00000000	0.00000000	0.00000000	0.00000000	0.01637086	-0.20429598	0.21565389	-0.02965399	0.02900171	0.05958429	0.03900609	0.02857162	0.04083124	0.10763192	-0.00147475	-0.00932480	-0.02554804	0.09699582	0.06961400	0.07009209	0.06113634	0.03641286	-0.00389857	0.04414283	0.00635340	0.00197371	-0.00086248	-0.00218826	0.07936221	0.00151716	-0.01416024	0.01818598	-0.02513225	-0.01884161	0.02233187	0.00754871	0.04754506	-0.02546905	0.05517134	0.02111878	-0.05400635	-0.05018347	0.01356618	-0.02244647	-0.03508660
KnightMobilityMiddleGameIncrement_3	-0.01654328	0.15552156	-0.06601608	-0.04512504	-0.02915645	-0.02825667	0.01771744	0.05485538	0.06659368	0.01059228	-0.00033055	-0.02720398	-0.01940941	-0.00092647	0.00214844	-0.00703976	-0.00893078	-0.00804136	0.03713812	-0.03807838	0.03625636	-0.04404471	-0.04404471	-0.10247268	0.16024558	0.15360141	0.09823436	-0.03497606	-0.00122386	0.16511048	0.00973383	0.05233802	-0.03032761	-0.00788731	-0.05035528	-0.13209026	0.00021680	-0.00461374	0.10407040	-0.09045058	-0.00159996	-0.04916902	-0.00034501	-0.01845773	-0.07693497	-0.08194940	-0.03240193	-0.01709359	-0.03137233	-0.01035142	0.01901741	0.01130266	-0.01991211	-0.06309890	0.00730906	0.01224929	-0.02540053	0.01114128	0.03143199	0.00583534	0.02366598	0.02508201	0.01097454	0.00204492	0.01326684	0.01326684	-0.02366353	0.07262757	0.10026606	0.08970850	-0.02133028	0.00000000	0.06891039	0.07866856	0.03395631	0.06744915	-0.00772881	-0.04302125	-0.04142791	-0.02510085	-0.01559195	0.03274377	-0.05359443	-0.00314402	-0.03656052	0.01744652	-0.00826267	-0.06048520	0.01806070	-0.03214567	0.00624735	0.03369844	0.00672090	-0.04574268	-0.00412723	-0.02578273	-0.02361754	-0.01188236	-0.01224929	-0.02026125	0.03747058	-0.01036410	0.02231600	0.01011196	0.01395596	0.19002058	0.19171930	0.43127199	1.00000000	0.01525753	0.01542833	0.06544763	0.17561986	-0.06713896	-0.03071504	-0.01265269	0.00000000	0.00093304	-0.02022274	-0.01639035	-0.01249351	-0.01132360	-0.00020326	-0.06662423	-0.06216751	0.00454440	-0.01846323	0.00000000	0.00914934	0.00913169	0.00429510	-0.00576475	-0.00013903	-0.00075062	0.02312297	0.03528092	0.08731844	-0.03121182	-0.03121182	-0.03121182	0.00000000	0.00000000	0.00000000	0.00000000	0.00000000	0.00000000	0.00000000	0.00000000	0.00000000	0.00000000	0.00000000	-0.04116011	-0.02692233	0.04661601	0.01737839	-0.01136870	0.07072673	0.02361754	0.01389705	0.02886047	0.02335862	-0.01921414	0.01064004	-0.00003812	0.03515172	0.08739641	-0.01463626	0.05183822	0.01225210	-0.03167352	0.06422409	0.02367977	0.00050421	-0.00022033	-0.00055902	0.08498622	-0.01181059	0.04030920	0.03701530	0.00085484	-0.00268714	0.02365062	-0.01555881	-0.00742911	-0.00939455	0.03603602	0.00566482	-0.04922145	-0.03614419	0.01365185	-0.03664992	-0.01361038
KnightMobilityEndGameBase	-0.11918079	0.62429928	-0.32024306	-0.11296623	-0.06152506	-0.09905249	0.00917346	0.01902076	0.01446167	-0.00666659	0.01619066	0.01747029	-0.06420560	-0.08347468	-0.08231686	-0.02392457	-0.00278398	0.06127546	0.04655841	-0.12501093	-0.08108095	-0.11155895	-0.11155895	0.01925082	0.25028461	0.19250891	0.19999568	0.01352656	0.04268894	0.06309724	0.06342679	0.06363374	0.02912694	0.01719903	-0.14307597	-0.06571235	-0.07481392	-0.05214207	-0.03121609	-0.05560037	-0.00535957	-0.00808602	-0.01374884	-0.02143416	-0.03869755	-0.06317918	-0.03447467	-0.00403143	-0.00858249	0.02414392	-0.02434593	0.01096670	-0.00001314	-0.00921313	0.00473749	-0.01099497	-0.02504210	-0.01635054	0.01708552	-0.01849960	0.02153946	0.03081103	-0.05063827	-0.09150068	-0.04080330	-0.04080330	0.06755041	0.78350352	0.72128181	0.73782969	0.12841242	0.11945379	0.35281967	0.27020407	0.31303639	0.09598565	0.10489182	-0.31673613	-0.25609466	-0.31606095	-0.27290190	-0.15123907	-0.11997474	-0.02196360	-0.12033589	-0.03620249	-0.12651614	-0.09523125	-0.07444761	-0.17870331	-0.08147191	0.04147276	-0.14552374	-0.04675062	-0.07064988	-0.02681850	-0.01460603	-0.05131062	0.01099497	-0.06108791	-0.04356527	0.10173842	-0.07322188	0.10982709	0.00863092	0.08551125	0.06974126	0.05397933	0.01525753	1.00000000	0.95679812	0.71201292	0.42139171	-0.12244859	-0.10098492	-0.05298897	0.00000000	-0.01807332	-0.40618887	-0.41455158	-0.32194057	-0.24142417	-0.16057258	-0.07892454	-0.04021042	-0.02715278	-0.04749208	0.00000000	-0.06512146	-0.06196553	-0.06980987	0.04844341	0.02739392	0.02821749	0.01809867	0.02000688	0.00322580	-0.09071529	-0.09071529	-0.09071529	0.00000000	0.00000000	0.00000000	0.00000000	0.00000000	0.00000000	0.00000000	0.00000000	0.00000000	0.00000000	0.00000000	-0.06894458	-0.16559428	0.15257317	-0.00535518	0.00535083	0.02182883	0.05858907	0.01129433	-0.06670506	0.00902068	-0.03500114	-0.00780110	0.05642371	0.08049461	0.34161517	0.07223149	0.18184249	-0.03032608	-0.00010375	0.01318430	-0.04605015	0.00018663	-0.00008155	-0.00020691	0.04437642	0.00195112	0.01147265	0.06732976	0.07062862	-0.02737390	0.01437885	0.00984181	-0.01131147	-0.05224157	-0.00623639	0.02712072	-0.03616771	-0.08211197	0.04566156	-0.03531466	-0.05179814
KnightMobilityEndGameIncrement_1	-0.11423205	0.59101388	-0.30114778	-0.10700319	-0.03725866	-0.08288701	-0.00266792	0.00778762	0.00208680	-0.02061419	0.00504158	0.01883174	-0.06067348	-0.07838937	-0.07657227	-0.02133358	-0.00882127	0.06246429	0.02748477	-0.12720611	-0.08328627	-0.11002613	-0.11002613	0.02012315	0.24102491	0.19528945	0.19743829	-0.00823500	0.04230407	0.07101555	0.07342713	0.06375059	0.04424347	0.02564411	-0.12596165	-0.06058641	-0.07205730	-0.05222948	-0.02679990	-0.05813405	-0.00982969	-0.00418443	-0.01806011	-0.01684076	-0.04101274	-0.06170127	-0.04196723	0.00170478	-0.00412089	0.02417880	-0.01330774	0.00568217	0.00534008	-0.00915422	0.00369260	-0.02235809	-0.02484021	-0.03320864	0.01920701	-0.01482458	0.03753639	0.05554553	-0.04180877	-0.07892735	-0.05582592	-0.05582592	0.06253996	0.73644734	0.72252115	0.73963873	0.02169798	0.10383790	0.39333459	0.29860572	0.31793350	0.10522232	0.11755384	-0.30693574	-0.23773194	-0.31239463	-0.27016484	-0.13458774	-0.12409135	-0.03171841	-0.12093905	-0.05249049	-0.09415697	-0.09857880	-0.06826415	-0.18307012	-0.07797522	0.03667784	-0.15673815	-0.02941989	-0.06890721	-0.00562288	-0.01481683	-0.05271254	0.02235809	-0.05340425	-0.05984171	0.11495984	-0.06583906	0.11274719	0.02210566	0.07400872	0.08584876	0.06924649	0.01542833	0.95679812	1.00000000	0.76177339	0.43241293	-0.11062696	-0.08877623	-0.04858019	0.00000000	-0.01738450	-0.38882110	-0.38432894	-0.29546859	-0.22533419	-0.15491224	-0.07261392	-0.03380952	-0.01847758	-0.03862709	0.00000000	-0.06402882	-0.05787142	-0.07773425	0.05774232	0.02796616	0.02803705	0.01774502	0.02328278	0.01306652	-0.06416644	-0.06416644	-0.06416644	0.00000000	0.00000000	0.00000000	0.00000000	0.00000000	0.00000000	0.00000000	0.00000000	0.00000000	0.00000000	0.00000000	-0.07808635	-0.15321630	0.13102957	0.01026180	-0.01104741	0.02270451	0.06000157	0.01249147	-0.06980529	0.01191490	-0.03165974	0.00710159	0.05405169	0.08957014	0.35550907	0.08348064	0.20384523	-0.02674749	-0.01183055	0.00657683	-0.05640045	0.00083081	-0.00036305	-0.00092112	0.03788824	-0.00010995	0.01352536	0.08165169	0.07364185	-0.01827227	0.03030187	0.02044053	-0.02671141	-0.06051610	-0.00610024	0.02700814	-0.04012673	-0.08461169	0.04524989	-0.03508842	-0.06639331
KnightMobilityEndGameIncrement_2	-0.05315366	0.44920667	-0.20436786	-0.07642536	-0.02052035	-0.06109820	-0.00458283	0.00445234	0.00259421	-0.02274204	0.01837870	0.03976516	-0.00868164	-0.01772400	-0.02580282	0.00855793	0.02644369	0.09675082	0.03148575	-0.07878361	-0.05567657	-0.07124954	-0.07124954	0.01609086	0.18175559	0.16788109	0.16674328	-0.02153435	0.01882672	0.07092464	0.06674116	0.08074664	0.07073018	0.01939765	-0.07731911	-0.04697414	-0.04221138	-0.03339140	-0.02319274	-0.05464553	0.01332141	-0.01045619	-0.01578304	-0.01299057	-0.04442902	-0.01083256	-0.01792561	-0.00184595	0.00013887	0.05516047	0.01338448	-0.00517366	0.02195802	-0.00619631	-0.00065207	0.01705758	-0.00213211	0.00784125	0.01929480	-0.02446297	0.05715741	0.10536825	-0.02922762	0.00367490	-0.04915369	-0.04915369	-0.00305126	0.56159383	0.60688872	0.66807844	-0.09199829	-0.00000000	0.43689748	0.33133972	0.37324968	0.16426582	0.06527453	-0.21553828	-0.16491701	-0.22117838	-0.21427468	-0.09200066	-0.12464616	0.02075212	-0.13721219	-0.05301065	-0.04693988	-0.08472508	-0.07528907	-0.07261079	-0.10289642	-0.04042862	-0.06964025	-0.03219375	-0.07212432	0.02481047	-0.01662205	-0.06690258	-0.01705758	-0.00592280	-0.10600445	0.09744388	-0.11623961	0.10379797	0.04935820	0.06831744	0.08272147	0.12691737	0.06544763	0.71201292	0.76177339	1.00000000	0.62638707	-0.06801243	-0.05235467	-0.02997705	0.00000000	0.00065668	-0.27457118	-0.26531766	-0.19398616	-0.16016247	-0.10314229	-0.05687570	-0.03462636	-0.00695515	0.00357218	0.00000000	-0.04200696	-0.03534791	-0.03834305	0.08504287	0.03121430	0.03848372	0.02464643	0.02949381	0.01403681	-0.05461124	-0.05461124	-0.05461124	0.00000000	0.00000000	0.00000000	0.00000000	0.00000000	0.00000000	0.00000000	0.00000000	0.00000000	0.00000000	0.00000000	-0.05034424	-0.08505924	0.05278417	0.01223093	-0.01037206	0.02496631	0.05007524	0.04177059	-0.06797830	0.01216280	0.01034107	-0.01785016	-0.00861207	0.14190090	0.43588867	0.11331121	0.24367575	-0.01237488	0.03294461	0.00745486	-0.04413464	0.00035487	-0.00015507	-0.00039344	0.03898436	-0.00154975	0.00033819	0.08978576	0.08082012	-0.01661202	0.04873272	0.01964103	-0.02728531	-0.06842825	-0.00595756	0.01736953	-0.02781608	-0.08361919	0.03066723	-0.05316217	-0.05026858
KnightMobilityEndGameIncrement_3	0.00335643	0.26239775	-0.09536669	-0.05042657	-0.02522621	-0.00617620	-0.00090854	0.02189475	0.03227121	-0.00026814	-0.00066107	-0.04510502	0.00283929	0.01162241	0.00799269	-0.01727847	0.00609444	0.08857783	-0.00170959	-0.01776983	-0.00838923	-0.04678257	-0.04678257	-0.00771160	0.08412664	0.08317103	0.08456321	0.00010947	-0.00244759	0.03987841	0.02963473	0.05787944	0.08800480	-0.01341065	-0.03426255	-0.03506150	-0.01486893	-0.01405567	0.00736226	-0.04428905	0.00726483	-0.01192128	-0.00068998	-0.01249234	-0.05951388	-0.05125961	-0.03773316	-0.00455632	0.00624051	0.03187410	0.01520496	-0.00292062	-0.00480326	-0.00453689	-0.00185290	0.03049047	0.02003970	0.00086984	0.00528859	-0.01539094	0.02047584	0.08339447	0.00833680	0.01488939	-0.04733678	-0.04733678	-0.02155507	0.35758596	0.43681916	0.44738247	0.00109380	-0.04964843	0.32558821	0.18020091	0.33418053	0.19884705	0.01288065	-0.10468215	-0.17268820	-0.10433952	-0.10908309	0.04096582	-0.11894528	-0.02803971	-0.13450844	-0.01289532	-0.01408991	-0.10099931	-0.01636180	-0.06090596	0.00152296	0.02422319	-0.01970840	-0.03861248	-0.03635279	-0.02523534	-0.03931094	-0.07921149	-0.03049047	-0.02077838	-0.04731324	0.02710464	-0.08318787	0.09314371	0.02322942	0.03375000	0.03065077	0.05452923	0.17561986	0.42139171	0.43241293	0.62638707	1.00000000	-0.00913908	-0.00549719	-0.00227419	0.00000000	-0.04789364	-0.16238287	-0.16389471	-0.15513039	-0.13563234	-0.09525596	-0.09540879	-0.06057021	-0.02168691	-0.04084740	0.00000000	0.03053440	0.03043732	-0.00045209	0.11104393	0.04915267	0.04468838	0.02840031	0.01424411	-0.01829722	-0.06499696	-0.06499696	-0.06499696	0.00000000	0.00000000	0.00000000	0.00000000	0.00000000	0.00000000	0.00000000	0.00000000	0.00000000	0.00000000	0.00000000	-0.06881794	-0.02253191	-0.03212307	0.04244161	-0.04406889	0.00044064	-0.03990506	0.06102522	-0.01197166	-0.00696290	0.00552534	0.00499294	0.03041810	0.16740133	0.43709511	0.10976606	0.19326294	-0.01469003	-0.07530230	0.01760816	-0.02257298	0.00100837	-0.00044064	-0.00111799	0.01402844	0.00045965	-0.04434747	0.06195296	0.03970051	0.00702008	0.03970051	-0.00609148	-0.05365647	-0.04939459	-0.04014535	-0.00134681	-0.01223062	-0.09025451	0.02231552	-0.06551914	-0.01223129
BishopMobilityMiddleGameBase	-0.06743400	-0.61086217	0.84119976	-0.10491091	-0.11058139	0.11546313	-0.09958898	-0.08709603	-0.05273757	-0.02090429	-0.00778081	0.00036131	-0.01249631	-0.00629671	0.00087351	-0.00447513	-0.00024635	-0.00680977	-0.06932033	-0.12211016	0.05306587	-0.03817409	-0.03817409	-0.18883187	-0.66002511	-0.43791619	-0.49832711	-0.07557574	-0.08515722	-0.24441297	-0.14409997	-0.07590068	-0.06447820	-0.06467795	0.77578828	0.42759775	0.55850417	0.39520157	0.15839595	0.15437298	0.21401665	0.09153612	0.08559911	0.10137146	0.13358638	-0.12156353	-0.09526565	-0.12967360	0.05763770	-0.06408568	-0.08897116	0.05263934	-0.09745825	-0.04023508	-0.03247335	0.06998673	-0.02538813	-0.00670669	0.02217601	0.13399952	0.00530324	0.01083993	0.01810691	0.01592246	0.11030470	0.11030470	-0.08437644	-0.21549379	-0.19115049	-0.22441013	-0.07526194	-0.01285895	-0.10301165	-0.12399335	-0.03396746	0.00449371	-0.03002481	0.39754383	0.25125318	0.28732443	0.24407125	0.11997495	0.03012139	0.13710319	0.07805489	0.03306218	0.05625262	0.06248387	-0.01423230	0.00028376	-0.04821029	-0.01236127	-0.00242144	-0.04912292	-0.04428714	-0.03598069	0.03085236	-0.01538684	-0.06998673	-0.05480882	-0.01428380	-0.01133311	0.03914635	-0.00662126	-0.00610735	-0.68985090	-0.51613924	-0.24941089	-0.06713896	-0.12244859	-0.11062696	-0.06801243	-0.00913908	1.00000000	0.75064549	0.44775944	0.00000000	0.06492202	0.03865330	0.04952353	0.02760259	0.02037091	0.01393244	-0.05124880	-0.03248093	-0.00063517	0.02244170	0.00000000	-0.08122835	-0.08671595	-0.05085682	-0.00506771	0.00632927	-0.07615507	-0.02345346	0.03085794	0.06399939	-0.05687596	-0.05687596	-0.05687596	0.00000000	0.00000000	0.00000000	0.00000000	0.00000000	0.00000000	0.00000000	0.00000000	0.00000000	0.00000000	0.00000000	-0.08118783	0.77612782	-0.77226961	-0.02029253	0.01766602	0.03054775	0.01018154	0.02877970	0.00463487	-0.19722542	-0.01483102	0.02016349	0.00524561	-0.17734137	-0.05349391	-0.21795886	-0.09359091	0.17270093	0.01727712	-0.06025899	-0.02715448	0.00026117	-0.00011413	-0.00028956	0.02918241	-0.02461232	0.01947633	0.05513430	0.03980138	0.02489056	0.03980138	-0.00157769	-0.07283802	-0.05846014	-0.03461707	-0.03591512	-0.01293606	-0.00786179	0.02515309	-0.05557457	-0.03366852
BishopMobilityMiddleGameIncrement_1	-0.06429775	-0.47149674	0.63469692	-0.08013576	-0.08211972	0.06048391	-0.05797977	-0.06031919	-0.02142121	0.02323723	0.05076455	0.00299385	-0.01019265	-0.00597092	0.00142574	-0.00274681	0.00421557	-0.00164351	-0.05146451	-0.09721922	0.13018892	-0.01105646	-0.01105646	-0.18443290	-0.50521927	-0.28617025	-0.43889241	-0.03054862	-0.03630411	-0.15032726	-0.11006615	-0.03521358	-0.02675510	-0.00604651	0.54917241	0.49488823	0.44938257	0.34042423	-0.05250276	0.14820239	0.27130076	0.17589983	0.14455466	0.09552835	0.14900746	-0.08727763	-0.07120913	-0.06472300	0.06054900	-0.02400168	-0.06390315	0.01770705	-0.02536743	-0.01680521	-0.08625047	0.02551932	-0.04942280	0.03949985	0.02670795	0.07836569	0.01129559	-0.01777689	-0.00153431	0.01620502	0.07564790	0.07564790	-0.07248203	-0.16878851	-0.14663143	-0.18498114	-0.06645689	-0.01102263	-0.04816520	-0.10050731	-0.03131924	0.00397671	-0.02001776	0.33982308	0.23018269	0.25510996	0.20231813	0.06977347	0.02327383	0.12393805	0.08705300	0.04773383	0.05263807	0.05446319	-0.01569533	-0.00213282	-0.04330946	-0.01368431	-0.00243213	-0.03815355	-0.03967826	-0.03733178	0.01822456	-0.01318952	-0.02551932	-0.02852222	-0.00932980	0.00114059	0.03272051	-0.00027296	-0.00557295	-0.52673511	-0.38284645	-0.15737146	-0.03071504	-0.10098492	-0.08877623	-0.05235467	-0.00549719	0.75064549	1.00000000	0.66576573	0.00000000	0.07028854	0.03502848	0.06670924	0.04499362	0.01670499	0.01116067	-0.03852316	0.01795787	0.07053506	0.02483272	0.00000000	-0.06294714	-0.06757500	-0.04948262	-0.00109855	0.00489042	-0.05107699	0.05875002	0.05753583	0.06837809	-0.04986932	-0.04986932	-0.04986932	0.00000000	0.00000000	0.00000000	0.00000000	0.00000000	0.00000000	0.00000000	0.00000000	0.00000000	0.00000000	0.00000000	-0.05529392	0.57311504	-0.56376899	-0.04584535	0.04542968	0.04007702	0.01694950	0.01830757	0.03987912	-0.11762577	-0.00858690	0.00151765	-0.00919049	-0.14961842	-0.04602997	-0.15975601	-0.08249890	0.11804145	0.01041254	-0.01248182	-0.02713521	0.00216410	-0.00094567	-0.00239935	0.11686662	-0.02253940	0.00971671	0.04360866	0.01210351	-0.00843769	0.02897251	0.03176294	-0.02791033	0.00724376	0.01621488	0.03463235	0.00166271	0.00711145	0.04973724	-0.00200951	-0.01753496
BishopMobilityMiddleGameIncrement_2	-0.01967912	-0.30391852	0.39126008	-0.00883339	-0.06775246	-0.00076121	-0.04981843	-0.05367147	-0.03204904	0.02705057	0.05688507	-0.02694579	-0.00756495	-0.00542683	-0.00057039	-0.00137610	0.00034872	-0.00508216	-0.04726241	-0.02870580	0.15043861	-0.03866745	-0.03866745	-0.10435125	-0.31782196	-0.16824307	-0.28067545	-0.05162699	-0.02791018	-0.06911877	-0.13929210	0.02857394	-0.06741570	0.01372659	0.28146667	0.43984832	0.36247466	0.32127494	-0.13418377	0.08552289	0.28957559	0.23621926	0.12588271	0.03688843	0.06073273	0.01120097	-0.02693188	0.00555919	0.07267867	0.00442234	-0.06851249	0.05113700	-0.05600038	-0.02875737	-0.03290538	-0.00735195	-0.00696317	0.02636253	0.01077411	-0.00494743	0.00805895	-0.01294874	-0.00333686	0.01923243	0.05434622	0.05434622	-0.03367477	-0.11265852	-0.10754249	-0.11737558	-0.04545932	-0.01104424	-0.03238797	-0.07003754	-0.01416280	-0.00365527	-0.01432643	0.26935524	0.19218594	0.20051269	0.16378542	-0.01182088	-0.01041689	0.12855978	0.10404154	0.06436260	0.03770956	-0.00344581	-0.01988081	0.00874667	-0.02005145	-0.02952961	-0.00165052	-0.01928918	-0.03094669	-0.03575616	0.00968082	-0.00440513	0.00735195	0.01453060	-0.00783366	-0.00238417	-0.00197055	0.00528603	-0.00311734	-0.34743587	-0.23322350	-0.07830049	-0.01265269	-0.05298897	-0.04858019	-0.02997705	-0.00227419	0.44775944	0.66576573	1.00000000	0.00000000	0.06081016	0.04429715	0.06228274	0.08950871	0.04114016	0.01086606	0.04140833	0.08201453	0.08160005	0.06725396	0.00000000	-0.05290754	-0.05247329	-0.02478981	-0.00962977	0.00193457	-0.05234588	0.06002838	0.05093072	0.03099196	-0.03608893	-0.03608893	-0.03608893	0.00000000	0.00000000	0.00000000	0.00000000	0.00000000	0.00000000	0.00000000	0.00000000	0.00000000	0.00000000	0.00000000	-0.03391743	0.34775066	-0.30597122	-0.05258551	0.05179395	0.01435995	0.00794069	0.00524783	0.00959761	-0.03034414	0.00896688	-0.00936922	-0.01379015	-0.11104796	-0.03808682	-0.11123451	-0.05319320	0.02192861	-0.00330446	0.03102714	-0.01502397	0.00295343	-0.00129060	-0.00327449	0.14004455	0.00079654	0.03485823	0.01135578	-0.06260104	-0.00471175	0.01345827	0.04392903	0.00328946	0.07166657	0.04309133	0.09239593	0.04368080	-0.01184400	0.03670355	0.04356299	0.01220209
BishopMobilityMiddleGameIncrement_3	0.00000000	0.00000000	0.00000000	0.00000000	0.00000000	0.00000000	0.00000000	0.00000000	0.00000000	0.00000000	0.00000000	0.00000000	0.00000000	0.00000000	0.00000000	0.00000000	0.00000000	0.00000000	0.00000000	0.00000000	0.00000000	0.00000000	0.00000000	0.00000000	0.00000000	0.00000000	0.00000000	0.00000000	0.00000000	0.00000000	0.00000000	0.00000000	0.00000000	0.00000000	0.00000000	0.00000000	0.00000000	0.00000000	0.00000000	0.00000000	0.00000000	0.00000000	0.00000000	0.00000000	0.00000000	0.00000000	0.00000000	0.00000000	0.00000000	0.00000000	0.00000000	0.00000000	0.00000000	0.00000000	0.00000000	0.00000000	0.00000000	0.00000000	0.00000000	0.00000000	0.00000000	0.00000000	0.00000000	0.00000000	0.00000000	0.00000000	0.00000000	0.00000000	0.00000000	0.00000000	0.00000000	0.00000000	0.00000000	0.00000000	0.00000000	0.00000000	0.00000000	0.00000000	0.00000000	0.00000000	0.00000000	0.00000000	0.00000000	0.00000000	0.00000000	0.00000000	0.00000000	0.00000000	0.00000000	0.00000000	0.00000000	0.00000000	0.00000000	0.00000000	0.00000000	0.00000000	0.00000000	0.00000000	0.00000000	0.00000000	0.00000000	0.00000000	0.00000000	0.00000000	0.00000000	0.00000000	0.00000000	0.00000000	0.00000000	0.00000000	0.00000000	0.00000000	0.00000000	0.00000000	0.00000000	0.00000000	1.00000000	0.00000000	0.00000000	0.00000000	0.00000000	0.00000000	0.00000000	0.00000000	0.00000000	0.00000000	0.00000000	0.00000000	0.00000000	0.00000000	0.00000000	0.00000000	0.00000000	0.00000000	0.00000000	0.00000000	0.00000000	0.00000000	0.00000000	0.00000000	0.00000000	0.00000000	0.00000000	0.00000000	0.00000000	0.00000000	0.00000000	0.00000000	0.00000000	0.00000000	0.00000000	0.00000000	0.00000000	0.00000000	0.00000000	0.00000000	0.00000000	0.00000000	0.00000000	0.00000000	0.00000000	0.00000000	0.00000000	0.00000000	0.00000000	0.00000000	0.00000000	0.00000000	0.00000000	0.00000000	0.00000000	0.00000000	0.00000000	0.00000000	0.00000000	0.00000000	0.00000000	0.00000000	0.00000000	0.00000000	0.00000000	0.00000000	0.00000000	0.00000000	0.00000000	0.00000000	0.00000000	0.00000000	0.00000000	0.00000000	0.00000000	0.00000000
BishopMobilityMiddleGameIncrement_4	0.05185355	-0.03596127	0.06356177	0.07333853	-0.06431453	0.00249947	0.01673926	0.01957522	0.00118102	-0.02513162	0.00158866	-0.00335244	0.05928507	0.04331295	0.02964455	0.01845481	0.04292225	0.00184036	0.00410846	0.01058623	0.03177513	-0.00209966	-0.00209966	0.01619760	-0.00822540	-0.03275021	-0.03835187	0.04182737	0.00588199	-0.00862219	0.01495089	-0.06413005	0.00285799	0.00383332	-0.00107243	0.04936324	0.05779758	0.05850034	-0.00625967	0.00384704	0.06572406	0.02559516	0.00165814	0.00744892	0.00476973	0.07397324	0.03197834	-0.01720072	0.01591026	0.00236905	0.00264501	0.00701878	0.02064111	-0.00117788	-0.03512813	-0.03006581	-0.00335993	-0.00209039	0.00337846	-0.07681967	-0.00311146	0.05915028	0.05005791	0.05123973	0.00280843	0.00280843	0.01051497	-0.05394918	-0.05439399	-0.04725630	-0.00262860	0.00000000	0.02797335	-0.06399644	-0.01409487	-0.00015578	0.00000000	0.09606850	0.05941062	0.06916540	0.05600524	-0.00024551	0.00318001	0.06738455	0.05178465	-0.00278655	0.00460738	0.00282730	0.02448251	0.06103118	0.03658210	-0.02363092	-0.00242727	-0.07055885	-0.03080896	0.05489337	-0.00071389	-0.05710790	0.03006581	0.00249078	-0.04449222	0.04981095	-0.02534142	0.04921045	-0.03332599	-0.03293021	-0.01819820	0.01608582	0.00093304	-0.01807332	-0.01738450	0.00065668	-0.04789364	0.06492202	0.07028854	0.06081016	0.00000000	1.00000000	0.01904780	0.01969345	0.01925013	0.11060038	0.11820347	0.00198884	-0.01285510	0.00589356	0.00388884	0.00000000	0.08835894	0.08777572	0.08800309	0.02770599	0.00066820	0.00360756	0.00321602	-0.01034897	-0.03698027	-0.07291377	-0.07291377	-0.07291377	0.00000000	0.00000000	0.00000000	0.00000000	0.00000000	0.00000000	0.00000000	0.00000000	0.00000000	0.00000000	0.00000000	0.05184979	0.03265021	0.04877881	-0.02018787	0.02226041	0.16837166	0.11493619	0.01777122	0.00484486	-0.05385021	0.03802450	0.01066001	0.02949659	-0.02607364	-0.03480239	0.00000000	-0.00307580	0.00859287	0.01212422	0.00064440	0.00481921	-0.00242330	0.00105894	0.00268673	0.02372897	0.01058292	-0.00421412	-0.00380825	-0.00410846	0.00174523	-0.00410846	-0.00118694	0.08949809	0.08352668	0.12437346	0.06416132	0.05010951	0.10461634	-0.06561223	0.12007654	0.03453958
BishopMobilityEndGameBase	-0.05609944	-0.29282583	0.57283553	-0.16348968	-0.01813819	0.03051980	-0.03146908	-0.02236356	-0.03331516	-0.03151281	-0.01136216	0.03614776	-0.03057236	-0.02596775	-0.01599847	-0.01432121	-0.01081577	-0.01984375	-0.03435577	0.04423487	-0.00082910	0.04550786	0.04550786	-0.02245716	-0.09746058	-0.08801439	-0.09895332	0.01143198	0.00064063	-0.03121631	-0.03577153	-0.02025239	-0.00357968	-0.02277711	0.19455576	0.13375454	0.14407706	0.12250969	0.01426109	0.01717889	0.05156183	0.03347087	0.07964238	0.03768828	0.00503681	-0.03013324	-0.03591437	-0.02405669	-0.02305502	-0.01909374	-0.03172073	-0.01208338	-0.01948984	-0.00604930	-0.00490369	0.03515781	0.01427186	-0.00373034	0.01876611	0.01620230	0.02225330	-0.00008155	-0.11160427	-0.03341170	-0.05407257	-0.05407257	-0.11942024	-0.39659404	-0.33236806	-0.37576834	-0.05754483	-0.07797019	-0.16358139	-0.18400289	-0.11622608	-0.00001697	-0.08597058	0.63739628	0.60970818	0.69030094	0.60602539	0.16040871	0.06961600	0.29734652	0.22401284	0.31422800	0.10564300	0.05069713	-0.17247385	-0.12347471	-0.15606841	0.00621465	0.01193707	0.00516443	-0.05024113	-0.01140529	0.04657392	-0.08552321	-0.03515781	0.04677674	-0.10145499	0.04507028	0.00225822	-0.02992790	0.00004595	-0.08515649	-0.06573109	-0.03853501	-0.02022274	-0.40618887	-0.38882110	-0.27457118	-0.16238287	0.03865330	0.03502848	0.04429715	0.00000000	0.01904780	1.00000000	0.95984210	0.81908237	0.64990862	0.37249634	-0.04620048	-0.04425179	-0.01823733	0.03507768	0.00000000	-0.15312113	-0.14937554	-0.13004560	-0.15792002	-0.01933430	-0.04192103	-0.02689302	-0.01673386	-0.02927584	0.01532631	0.01532631	0.01532631	0.00000000	0.00000000	0.00000000	0.00000000	0.00000000	0.00000000	0.00000000	0.00000000	0.00000000	0.00000000	0.00000000	-0.06920700	0.17565257	-0.06565610	0.04134510	-0.03768961	-0.04624889	-0.01547280	-0.02540666	0.00052767	-0.02336083	-0.08115198	-0.03047277	-0.05585138	-0.03473883	-0.21453160	-0.02394190	-0.09245971	0.01609381	0.07057345	-0.04905893	-0.07215094	0.02738610	0.00011533	-0.04847795	0.00452088	-0.01719633	-0.02192980	0.03513716	0.05921522	0.00171072	-0.00044747	-0.00271477	-0.00402062	-0.01101728	0.00670973	0.01279421	-0.00596533	0.01656807	0.00068524	0.00781969	-0.04163260
BishopMobilityEndGameIncrement_1	-0.04459556	-0.29434777	0.56002160	-0.14527907	-0.01870504	0.03455650	-0.03395971	-0.03200910	-0.03889958	-0.03537467	-0.00581402	0.01840338	-0.00933185	-0.00533313	0.00548545	-0.00422119	-0.00278845	-0.01515414	-0.02004763	0.03340664	0.00540549	0.03353066	0.03353066	-0.02499303	-0.09886290	-0.09499163	-0.09873339	0.00577644	-0.00922557	-0.02529809	-0.04130156	-0.02186215	0.00000000	-0.02805756	0.19427703	0.15112193	0.14467817	0.12131048	0.00376578	0.03378958	0.05734496	0.03771970	0.09284475	0.04089118	0.01821471	-0.03039265	-0.03070025	-0.01499879	-0.01619552	-0.01300501	-0.03226643	-0.01359879	-0.01779254	-0.00795822	-0.00543204	0.02767267	0.01967416	-0.00353086	0.01589676	0.00669373	0.02277402	0.00822046	-0.07952069	-0.00377139	-0.05024811	-0.05024811	-0.11615315	-0.39487547	-0.33625160	-0.35848620	-0.08657910	-0.08842247	-0.14218614	-0.17457813	-0.13044949	0.00342054	-0.09176033	0.61852343	0.63353891	0.68520218	0.59799914	0.10781783	0.09310291	0.30848312	0.22839133	0.33096933	0.12044027	0.07901407	-0.14967041	-0.10930766	-0.14397280	0.00316398	0.01639953	0.00498182	-0.05212827	-0.00710428	0.03135144	-0.08621156	-0.02767267	0.06250635	-0.10234911	0.05609017	0.00000000	-0.02349071	-0.00463151	-0.07934131	-0.05708566	-0.03583345	-0.01639035	-0.41455158	-0.38432894	-0.26531766	-0.16389471	0.04952353	0.06670924	0.06228274	0.00000000	0.01969345	0.95984210	1.00000000	0.87618874	0.67846165	0.37538720	-0.01559690	-0.01924600	-0.00000000	0.01940725	0.00000000	-0.16042237	-0.15660093	-0.12822950	-0.16302820	-0.01956327	-0.03656102	-0.02353934	-0.01966540	-0.03433915	0.01019780	0.01019780	0.01019780	0.00000000	0.00000000	0.00000000	0.00000000	0.00000000	0.00000000	0.00000000	0.00000000	0.00000000	0.00000000	0.00000000	-0.07679218	0.17702209	-0.05549366	0.04345972	-0.03554897	-0.02325243	0.00000000	-0.03965099	0.01182048	-0.01603326	-0.07951897	-0.02035430	-0.06436689	-0.04705725	-0.23070115	-0.03378844	-0.10975096	0.01852113	0.06211937	-0.04952453	-0.07326076	0.02787258	0.00000000	-0.04916312	0.01051100	-0.01830887	-0.03502713	0.02389205	0.04510717	0.00000000	0.00000000	0.00260631	-0.00442949	-0.00263330	0.00893323	0.01254184	-0.00852957	0.01659474	0.00000000	0.01025939	-0.04660723
BishopMobilityEndGameIncrement_2	0.01366041	-0.23316385	0.46587107	-0.12456727	-0.01839296	0.07222332	-0.02426990	-0.02056697	-0.03193002	-0.03281051	-0.00561539	0.01820355	0.01516874	0.01955190	0.00455472	-0.00577117	0.00924925	-0.00999306	-0.00413989	0.05057323	0.01614052	0.02768041	0.02768041	-0.00421901	-0.07338882	-0.07069165	-0.07643417	0.00890711	-0.01760579	-0.01437757	-0.02973901	-0.01827316	0.00885624	-0.03292327	0.16436219	0.14997493	0.12797751	0.10739622	-0.01915345	0.00973370	0.05822778	0.05811881	0.09281709	0.05195949	0.00122039	-0.02094678	-0.01874463	-0.01343954	-0.01941351	-0.01286380	-0.02605922	-0.00424058	-0.01935490	-0.01060479	0.00113931	0.02833953	0.02970659	0.00312224	0.00635278	-0.00786900	0.01492937	0.01683712	-0.02571703	0.02491571	-0.05132593	-0.05132593	-0.06303760	-0.32212082	-0.26224298	-0.28398389	-0.09034688	-0.10175955	-0.10201837	-0.11861526	-0.09951013	0.01058861	-0.10032083	0.51056426	0.62246819	0.60008836	0.53037304	-0.03914814	0.08519108	0.29402718	0.28403123	0.32768518	0.16584363	0.05917972	-0.12597843	-0.08500761	-0.15183154	-0.03291837	0.01636477	0.00052244	-0.03643851	-0.00410529	0.01605347	-0.06494083	-0.02833953	0.10314383	-0.14437583	0.06866151	-0.03908522	-0.02772809	0.00010793	-0.06370879	-0.04587582	-0.02911058	-0.01249351	-0.32194057	-0.29546859	-0.19398616	-0.15513039	0.02760259	0.04499362	0.08950871	0.00000000	0.01925013	0.81908237	0.87618874	1.00000000	0.77014371	0.38905734	-0.00918383	-0.01480657	0.00150793	0.00501522	0.00000000	-0.14731196	-0.14660336	-0.13253576	-0.15270702	-0.04542003	-0.02432235	-0.01543106	-0.01441633	-0.02745442	0.00035648	0.00035648	0.00035648	0.00000000	0.00000000	0.00000000	0.00000000	0.00000000	0.00000000	0.00000000	0.00000000	0.00000000	0.00000000	0.00000000	-0.05451346	0.13303237	-0.00483192	-0.00246448	-0.00166840	-0.02435466	0.01641879	-0.11465192	0.01348267	-0.00921139	-0.06388187	-0.01448947	-0.04162064	-0.03997659	-0.18413368	-0.02999690	-0.07074057	0.01203000	0.03404667	-0.02914658	-0.03249133	0.02824901	0.00027094	-0.05023328	0.02675618	-0.02034009	-0.03134713	-0.00097438	0.01452206	-0.00272883	-0.01662445	0.00239579	0.00852383	0.01809829	0.02336280	0.03113862	0.00310312	0.02480290	0.00160977	0.03231683	-0.02100443
BishopMobilityEndGameIncrement_3	0.01082675	-0.17151533	0.36839423	-0.10826011	-0.01183890	0.05896479	-0.02193917	-0.02168610	-0.02542967	-0.02497537	0.00062194	0.02493651	-0.01893919	-0.00586350	-0.03273026	-0.04094098	-0.01103671	-0.03530373	-0.01268866	0.05377803	0.01006737	-0.00978921	-0.00978921	0.00634120	-0.03304905	-0.04582479	-0.05022052	0.00813601	0.01546128	-0.00803137	-0.01982511	-0.00492955	-0.00447551	-0.01850870	0.12833348	0.11571417	0.09941086	0.08008402	-0.01319295	0.00150608	0.05072226	0.03512694	0.07594993	0.06123973	-0.01761759	-0.01438959	-0.02195229	0.00882459	-0.00367123	-0.03617093	-0.02657770	-0.00094672	-0.00126888	-0.01181203	0.00174325	0.03897647	0.04077683	0.00421774	-0.00623528	-0.01097945	0.04209236	0.01143182	-0.04808970	0.03559970	-0.12269322	-0.12269322	-0.06861691	-0.26662472	-0.18490808	-0.24720267	-0.12451782	-0.01401311	-0.06205732	-0.10805491	-0.08942813	-0.04884850	-0.05089731	0.40906547	0.52541000	0.52245035	0.48081704	-0.04623065	0.08424103	0.26684168	0.31137533	0.35990024	0.15297484	0.03330648	-0.11240198	-0.11371847	-0.10302135	-0.01827691	-0.01849338	0.00790500	-0.03684512	0.02149022	0.04443743	-0.08942875	-0.03897647	0.07155499	-0.12358678	0.07950204	-0.06603924	0.01926541	0.00016515	-0.04632709	-0.03271417	-0.02290808	-0.01132360	-0.24142417	-0.22533419	-0.16016247	-0.13563234	0.02037091	0.01670499	0.04114016	0.00000000	0.11060038	0.64990862	0.67846165	0.77014371	1.00000000	0.58169455	0.00077861	0.00106753	0.01859391	0.02366707	0.00000000	-0.13377962	-0.13315794	-0.13993610	-0.22168236	-0.05554505	-0.02466137	-0.01552817	-0.01340118	-0.02312065	0.00781806	0.00781806	0.00781806	0.00000000	0.00000000	0.00000000	0.00000000	0.00000000	0.00000000	0.00000000	0.00000000	0.00000000	0.00000000	0.00000000	-0.06065795	0.07590439	0.08108233	-0.02959884	0.02455970	-0.00041457	-0.04443743	-0.13649846	-0.00372318	-0.00107196	-0.08081091	-0.00308461	-0.01140418	-0.03817353	-0.17129540	0.00688469	-0.01324561	0.00171297	0.03428037	-0.03002090	-0.05616481	0.01892879	0.00041457	-0.03400913	0.00821880	-0.03737169	-0.03781457	-0.01852965	0.01983720	-0.00150313	-0.00160842	-0.00046468	0.01187225	0.00453056	0.03776965	0.00126711	-0.01079717	0.01390569	0.00246309	0.01774262	-0.03482458
BishopMobilityEndGameIncrement_4	0.03878325	-0.09661960	0.21299708	-0.03942827	-0.01939225	-0.00861116	-0.00047564	-0.00063512	-0.00540289	-0.00014038	-0.00034608	0.00073032	0.04263345	0.04841233	-0.00428111	-0.00067005	-0.00049795	0.01964488	-0.00089501	0.03028401	0.01073377	-0.00370080	-0.00370080	-0.00276565	0.00254634	-0.00760571	-0.02823348	0.00005731	-0.00128137	-0.00395093	-0.01250265	0.00988778	-0.00062260	-0.00083507	0.03917125	0.04499402	0.06031117	0.05460330	0.00136364	-0.00083806	0.02329396	0.03533838	0.05020941	0.01312925	-0.00103907	-0.00673403	0.00314296	-0.00058168	0.00020658	-0.03922270	-0.00057620	-0.00538367	-0.00003716	0.00025660	-0.00097004	0.07871427	0.00073195	0.05650258	0.02029214	-0.01248474	0.06092846	-0.01614785	0.02217885	0.06183996	-0.03233510	-0.03233510	-0.02814824	-0.17608834	-0.08927099	-0.19377936	-0.14258514	0.00000000	-0.03769180	-0.10237929	-0.09234373	0.00003393	0.00000000	0.27533858	0.31420479	0.44139335	0.48045994	0.00005348	-0.00069275	0.15969472	0.47274483	0.19927436	0.09458683	-0.00061592	-0.04290978	-0.05069736	-0.00524861	-0.01243030	-0.10522547	-0.02021455	-0.04431502	0.02751115	0.00015552	-0.06220366	-0.07871427	-0.01087798	-0.04938537	0.06983669	-0.11046633	0.07983629	-0.04604085	-0.00856910	-0.00444984	-0.00079565	-0.00020326	-0.16057258	-0.15491224	-0.10314229	-0.09525596	0.01393244	0.01116067	0.01086606	0.00000000	0.11820347	0.37249634	0.37538720	0.38905734	0.58169455	1.00000000	-0.01900158	-0.01332327	-0.00506004	-0.01625023	0.00000000	-0.03005912	-0.02987749	-0.05940683	-0.21274651	-0.05837143	-0.02496722	-0.01626944	-0.00988504	-0.00557107	-0.00030352	-0.00030352	-0.00030352	0.00000000	0.00000000	0.00000000	0.00000000	0.00000000	0.00000000	0.00000000	0.00000000	0.00000000	0.00000000	0.00000000	-0.01394519	0.00869332	0.13662917	0.02509360	-0.01719313	0.04636792	-0.09346631	-0.08734372	0.04585270	-0.00099416	-0.08914610	0.00373578	-0.05591571	-0.00054466	-0.07634015	0.00000000	0.03417262	0.00226239	-0.02670560	-0.00014038	0.03125310	0.00052791	-0.00023069	-0.00058529	0.00287512	-0.01776825	-0.03393594	0.00082961	0.00089501	-0.00038019	0.00089501	0.00542998	0.00511224	-0.01976345	0.00430470	0.01588517	-0.00922373	-0.01902716	-0.00137060	-0.00885511	-0.02601982
RookMobilityMiddleGameBase	0.01489370	-0.12810829	-0.06703895	0.61032931	-0.15282175	0.01062207	0.01747649	0.02509550	0.00246932	-0.02070000	0.01271614	-0.08347572	0.00601804	-0.00402662	-0.00343992	-0.00380014	0.01185959	0.01084409	0.01553164	0.01426206	0.03361066	-0.05953768	-0.05953768	-0.02338207	-0.11001771	-0.08330443	-0.07633319	-0.02988479	-0.01325661	-0.02499751	-0.03278774	-0.02736629	-0.01484847	-0.00709732	-0.05161792	-0.02385845	-0.03914786	-0.04383077	-0.02330189	0.05679220	-0.02473696	-0.01512477	-0.04485955	-0.02904661	0.06095322	0.55338942	0.20806708	0.15304241	0.21404795	0.11152429	-0.07565502	-0.06888379	-0.02493456	0.04874440	-0.07720894	-0.03138004	0.01568225	-0.02352419	-0.01984596	-0.08722326	-0.00738173	0.00981989	-0.01035861	-0.00879634	-0.03024301	-0.03024301	-0.01479979	-0.08533693	-0.10443101	-0.07263170	-0.00716144	-0.01133940	-0.04829123	-0.01440301	-0.06105836	-0.03940974	-0.02941863	-0.04811811	-0.04626398	-0.06138522	-0.06112280	0.04988494	0.07918210	-0.01746573	-0.04147533	-0.04691476	-0.02428480	0.06388585	0.24579168	0.11466851	0.13965791	0.16093345	0.03420025	-0.10440316	-0.09088911	-0.01505300	0.01840907	-0.03618284	0.03138004	0.04398467	-0.00747251	-0.03989455	0.01188793	-0.01950147	-0.00553264	-0.10901916	-0.07965216	-0.02722236	-0.06662423	-0.07892454	-0.07261392	-0.05687570	-0.09540879	-0.05124880	-0.03852316	0.04140833	0.00000000	0.00198884	-0.04620048	-0.01559690	-0.00918383	0.00077861	-0.01900158	1.00000000	0.58126921	0.29830969	0.24466724	0.00000000	-0.21665725	-0.20159925	-0.05555114	0.03268747	0.03921751	-0.14225880	-0.07840351	-0.04282209	-0.04048418	-0.06535291	-0.06535291	-0.06535291	0.00000000	0.00000000	0.00000000	0.00000000	0.00000000	0.00000000	0.00000000	0.00000000	0.00000000	0.00000000	0.00000000	-0.06307270	-0.05125719	0.02620999	-0.01662801	0.01628361	0.02730692	0.03586828	-0.04248378	-0.00214875	0.15526950	0.13399653	0.00858449	-0.01865384	-0.06899898	-0.07221144	-0.01671327	-0.01812374	-0.01209444	0.00110959	0.04870827	0.05423290	0.00107476	-0.00046965	-0.00119159	-0.03270734	0.07571463	-0.05717292	0.04305225	-0.08494679	-0.01846611	0.01917593	-0.00248170	-0.03049111	-0.00908365	-0.01185704	0.00338966	0.05505578	-0.01684793	-0.07112641	0.02193561	-0.06519917
RookMobilityMiddleGameIncrement_1	0.01816808	-0.06479637	-0.05058949	0.36726978	-0.09113032	0.02421371	0.05241183	0.03259868	0.02185260	0.01920066	0.03123531	-0.05620627	0.00825116	0.00151206	0.00107059	-0.00020039	0.00964148	0.00687446	0.00543280	0.00854089	0.13951768	-0.09986994	-0.09986994	-0.04270660	-0.05155933	0.09006398	0.00448043	-0.31291643	0.01832173	0.13360670	-0.01395134	-0.02531086	0.02929610	0.03836871	-0.07387721	0.10622697	-0.01374208	0.00449678	-0.09005033	0.05113097	0.04548617	0.06879713	0.06813152	0.04841350	0.06555626	0.32321061	0.20206579	0.10464357	0.09942980	0.11174815	-0.03735038	0.13407099	-0.06827036	-0.22754055	-0.05858128	0.01640583	-0.00379438	-0.02107850	0.03148670	-0.05603430	0.00189203	0.00695953	0.00710880	0.01214329	0.02178533	0.02178533	0.00548617	-0.04890812	-0.04549187	-0.03614864	-0.06119647	0.00777356	-0.00471005	-0.00269440	-0.04728656	-0.00802452	0.00403350	0.00271311	0.01655161	-0.04597087	-0.05845016	-0.02970855	0.05331527	-0.01259421	-0.00495988	-0.01591032	0.01244557	0.04740195	0.15573821	0.07117299	0.09383959	0.10549397	0.02093955	-0.06825115	-0.04670786	-0.01314396	-0.01196891	-0.01860346	-0.01640583	0.01291022	-0.00533739	-0.03250829	-0.00148983	-0.00549627	-0.00392108	-0.05530778	0.02371298	0.04503291	-0.06216751	-0.04021042	-0.03380952	-0.03462636	-0.06057021	-0.03248093	0.01795787	0.08201453	0.00000000	-0.01285510	-0.04425179	-0.01924600	-0.01480657	0.00106753	-0.01332327	0.58126921	1.00000000	0.51440924	0.22182544	0.00000000	-0.11024959	-0.09531270	-0.01245814	0.02593996	0.02668183	-0.08415630	-0.02058052	0.04501953	0.00362799	-0.04119096	-0.04119096	-0.04119096	0.00000000	0.00000000	0.00000000	0.00000000	0.00000000	0.00000000	0.00000000	0.00000000	0.00000000	0.00000000	0.00000000	-0.00986687	-0.04926759	0.01583331	-0.02451750	0.02408393	0.01904182	0.02437192	-0.02075390	0.03758208	0.18275642	0.09327500	-0.00030868	-0.00329445	-0.05116415	-0.03435868	-0.01909589	0.00187035	0.06401670	0.00269157	0.08917393	0.04859459	0.00147357	-0.00064393	-0.00163376	0.02941092	0.07483725	0.00465146	0.03067171	-0.06888151	-0.01440265	-0.02129498	0.05433832	0.01427005	0.03963401	0.02110360	0.01787868	0.07548537	0.03129668	-0.04286478	0.06592749	-0.02904885
RookMobilityMiddleGameIncrement_2	-0.02258281	-0.04281837	-0.01038977	0.19733261	-0.03796605	0.00816590	0.03088978	0.04285692	0.05323039	0.06640793	0.01019396	0.00440600	-0.00344433	-0.00960741	-0.00393985	0.00636086	0.01466731	0.01892297	0.08635838	0.00431753	0.07910364	-0.08873210	-0.08873210	-0.03834536	-0.01409028	0.02443367	-0.02719595	-0.09524048	0.03774302	0.02385892	-0.04932864	0.02886434	0.03767209	0.06411093	-0.04971814	0.11445211	-0.04696231	-0.03157074	-0.14026771	0.06632314	-0.00079638	0.01576363	0.08883576	0.00853340	0.06106759	0.15436136	0.30873053	0.15923305	-0.04437024	0.18919449	0.05105302	0.16769682	-0.08133090	-0.17217005	0.00179775	0.05176266	0.04424502	-0.04200552	0.02914110	0.06608211	0.00408928	-0.00480443	-0.04050139	-0.00608584	-0.03264025	-0.03264025	0.01570461	-0.05350738	-0.00644959	-0.05612319	-0.09307321	0.02075433	0.00221601	-0.01818147	-0.02398175	0.00261331	0.01794816	0.03664611	0.05593541	-0.03137827	-0.05445726	-0.07559765	0.02860001	-0.00015786	-0.01023105	-0.01396361	-0.00266299	0.02807734	0.09816416	0.09391247	0.06890954	0.02749261	0.04360733	-0.07985880	-0.02345941	0.00089211	-0.04321422	0.00000000	-0.05176266	-0.00510747	-0.01403171	-0.00819544	0.00639193	-0.01457977	-0.01033830	-0.03773026	0.01564815	0.04686590	0.00454440	-0.02715278	-0.01847758	-0.00695515	-0.02168691	-0.00063517	0.07053506	0.08160005	0.00000000	0.00589356	-0.01823733	-0.00000000	0.00150793	0.01859391	-0.00506004	0.29830969	0.51440924	1.00000000	0.47045486	0.00000000	-0.04493969	-0.04029137	0.02377023	0.06046437	0.01978513	-0.03477663	0.00406095	0.01267812	0.04035221	-0.01260233	-0.01260233	-0.01260233	0.00000000	0.00000000	0.00000000	0.00000000	0.00000000	0.00000000	0.00000000	0.00000000	0.00000000	0.00000000	0.00000000	-0.00419657	-0.02234365	-0.01137914	-0.05823621	0.05741701	0.03413830	0.02113799	-0.01620574	-0.00081847	0.29459532	0.12885521	0.07986817	-0.00873907	-0.01156982	0.00648104	0.00339889	0.02782135	0.05684966	0.02010030	0.03402597	-0.00060185	0.00318486	-0.00139173	-0.00353108	0.08554383	0.09230360	-0.00033315	0.05547607	-0.03695023	-0.02280201	-0.02636277	0.05111148	0.01628659	0.02539858	0.04304408	0.02518416	0.07048189	0.00706957	0.01257693	0.07360243	0.00114865
RookMobilityMiddleGameIncrement_3	-0.03978985	-0.05539101	0.03739010	0.15069860	-0.07048177	0.02410600	-0.04205762	0.03687406	0.02504619	0.01468202	-0.01807715	-0.02352250	-0.02237543	-0.02683875	-0.02623328	-0.00569847	0.00602691	0.00565849	0.05401937	-0.02837110	0.03227925	-0.01924679	-0.01924679	-0.03447837	-0.06221891	0.01475926	-0.03263361	-0.04954637	-0.05809762	-0.02510390	0.00041824	0.05044303	-0.04190893	-0.03018729	0.02347615	0.01251944	0.01443329	0.00988630	-0.04324513	0.03305864	0.06013072	0.00705572	-0.05111279	0.02557220	0.02202245	0.06291374	0.14524991	0.02412024	-0.02575932	0.15669979	0.00697402	0.04878246	-0.00821715	-0.02469398	0.08975230	0.04083462	0.01704116	0.00181281	0.02751006	0.13775595	0.02450270	-0.01115639	-0.04341079	-0.04359315	-0.03195679	-0.03195679	0.00390075	-0.01937575	-0.04538535	-0.08468462	-0.10133660	-0.02821927	-0.07381102	0.03816485	0.00340708	-0.01460198	-0.07321131	0.02390575	-0.00571628	0.04011416	0.02680278	-0.03075532	0.01395582	0.10640943	-0.00233788	-0.05749739	-0.00399558	0.02186420	0.12528347	0.10933987	0.05787357	0.05502666	0.09042479	-0.08047100	-0.03417094	0.02449501	-0.02189338	0.00000000	-0.04083462	-0.00216003	-0.03624573	0.04138417	0.06879470	-0.04845915	-0.00701731	-0.03929158	-0.00483113	0.02623935	-0.01846323	-0.04749208	-0.03862709	0.00357218	-0.04084740	0.02244170	0.02483272	0.06725396	0.00000000	0.00388884	0.03507768	0.01940725	0.00501522	0.02366707	-0.01625023	0.24466724	0.22182544	0.47045486	1.00000000	0.00000000	-0.04793600	-0.04757506	0.09327668	0.13244090	0.06263547	-0.10814173	-0.08166895	-0.04248881	-0.02362802	0.01343718	0.01343718	0.01343718	0.00000000	0.00000000	0.00000000	0.00000000	0.00000000	0.00000000	0.00000000	0.00000000	0.00000000	0.00000000	0.00000000	-0.06510355	0.01871753	-0.01829658	-0.04677936	0.05280813	0.00091833	0.02189338	0.00403297	-0.03249455	0.21191073	0.24824245	-0.02532184	-0.00593636	0.01472695	0.02051758	-0.00693212	-0.00945704	0.11290802	0.04131360	-0.08184339	-0.07432091	0.00210151	-0.00091833	-0.00232996	0.03031445	0.08568315	0.00586940	0.05477093	0.00356290	0.02930652	-0.03962380	-0.01019971	-0.06870787	-0.04369375	0.00797252	-0.00881077	-0.01528140	-0.01446110	0.13626161	-0.00394131	0.05767001
RookMobilityMiddleGameIncrement_4	0.00000000	0.00000000	0.00000000	0.00000000	0.00000000	0.00000000	0.00000000	0.00000000	0.00000000	0.00000000	0.00000000	0.00000000	0.00000000	0.00000000	0.00000000	0.00000000	0.00000000	0.00000000	0.00000000	0.00000000	0.00000000	0.00000000	0.00000000	0.00000000	0.00000000	0.00000000	0.00000000	0.00000000	0.00000000	0.00000000	0.00000000	0.00000000	0.00000000	0.00000000	0.00000000	0.00000000	0.00000000	0.00000000	0.00000000	0.00000000	0.00000000	0.00000000	0.00000000	0.00000000	0.00000000	0.00000000	0.00000000	0.00000000	0.00000000	0.00000000	0.00000000	0.00000000	0.00000000	0.00000000	0.00000000	0.00000000	0.00000000	0.00000000	0.00000000	0.00000000	0.00000000	0.00000000	0.00000000	0.00000000	0.00000000	0.00000000	0.00000000	0.00000000	0.00000000	0.00000000	0.00000000	0.00000000	0.00000000	0.00000000	0.00000000	0.00000000	0.00000000	0.00000000	0.00000000	0.00000000	0.00000000	0.00000000	0.00000000	0.00000000	0.00000000	0.00000000	0.00000000	0.00000000	0.00000000	0.00000000	0.00000000	0.00000000	0.00000000	0.00000000	0.00000000	0.00000000	0.00000000	0.00000000	0.00000000	0.00000000	0.00000000	0.00000000	0.00000000	0.00000000	0.00000000	0.00000000	0.00000000	0.00000000	0.00000000	0.00000000	0.00000000	0.00000000	0.00000000	0.00000000	0.00000000	0.00000000	0.00000000	0.00000000	0.00000000	0.00000000	0.00000000	0.00000000	0.00000000	0.00000000	0.00000000	0.00000000	0.00000000	1.00000000	0.00000000	0.00000000	0.00000000	0.00000000	0.00000000	0.00000000	0.00000000	0.00000000	0.00000000	0.00000000	0.00000000	0.00000000	0.00000000	0.00000000	0.00000000	0.00000000	0.00000000	0.00000000	0.00000000	0.00000000	0.00000000	0.00000000	0.00000000	0.00000000	0.00000000	0.00000000	0.00000000	0.00000000	0.00000000	0.00000000	0.00000000	0.00000000	0.00000000	0.00000000	0.00000000	0.00000000	0.00000000	0.00000000	0.00000000	0.00000000	0.00000000	0.00000000	0.00000000	0.00000000	0.00000000	0.00000000	0.00000000	0.00000000	0.00000000	0.00000000	0.00000000	0.00000000	0.00000000	0.00000000	0.00000000	0.00000000	0.00000000	0.00000000	0.00000000	0.00000000	0.00000000	0.00000000	0.00000000	0.00000000
RookMobilityEndGameBase	0.04452445	-0.02710490	-0.14948853	0.63973045	-0.16770449	-0.01601248	-0.01796476	-0.02057416	-0.02617518	-0.01190495	-0.05213916	-0.04111794	0.04694901	0.05162675	0.04086334	0.02117892	0.01866692	-0.00005657	0.01671266	0.00778075	-0.00954517	-0.02105845	-0.02105845	0.04428678	-0.01081911	-0.01249585	-0.00093500	0.00971189	-0.03117677	0.01543641	-0.02014754	-0.00292549	-0.00448053	-0.02630325	-0.07688806	-0.02404380	-0.06025797	-0.04865109	-0.03354687	-0.00011826	-0.00897775	-0.02528796	-0.00208979	0.02475025	-0.03074542	0.20422109	0.09645740	0.06710827	0.02075812	-0.02191987	-0.04344467	-0.00166620	-0.00944406	-0.02001725	-0.00013688	-0.03095270	-0.04120985	0.02379016	0.04143709	-0.03362186	-0.04241320	-0.02759601	0.06166340	-0.00523562	-0.03845521	-0.03845521	0.05393106	-0.03122560	-0.02559064	-0.05652457	-0.00799941	0.01100299	0.04669934	-0.07237684	-0.03451477	0.02298936	-0.02854587	-0.13371594	-0.08985737	-0.17537956	-0.13624692	-0.12074084	-0.00009775	-0.06433801	-0.05710202	-0.10893269	0.06460300	-0.01272837	0.61225897	0.43145477	0.41963358	0.07442979	0.16996304	-0.14512415	-0.09998547	-0.05048599	-0.08775657	-0.07021883	0.03095270	-0.00299335	-0.03475620	0.07070844	-0.06909348	0.01126544	-0.06744350	0.00989793	-0.01295763	-0.01348925	0.00914934	-0.06512146	-0.06402882	-0.04200696	0.03053440	-0.08122835	-0.06294714	-0.05290754	0.00000000	0.08835894	-0.15312113	-0.16042237	-0.14731196	-0.13377962	-0.03005912	-0.21665725	-0.11024959	-0.04493969	-0.04793600	0.00000000	1.00000000	0.98146489	0.69128898	0.29394844	0.13691378	-0.06835384	-0.04842994	-0.02953645	-0.02284259	-0.11996142	-0.11996142	-0.11996142	0.00000000	0.00000000	0.00000000	0.00000000	0.00000000	0.00000000	0.00000000	0.00000000	0.00000000	0.00000000	0.00000000	-0.00757658	-0.10905115	0.06589104	0.03031038	-0.02357638	-0.02600854	0.01753376	0.01894918	-0.04427594	0.02230488	0.31720514	0.03804456	0.14416715	0.00431488	-0.00538942	-0.02702906	-0.03772495	-0.05574995	-0.03648249	0.03167391	0.03631715	0.05682964	-0.00003255	-0.03311813	-0.02376808	0.07149352	-0.06919265	-0.01326165	0.01696525	0.04458110	-0.01671266	0.01463090	0.01808388	-0.02380119	0.03276503	0.03267446	-0.01204811	0.08492985	-0.04439920	0.02962931	-0.06179985
RookMobilityEndGameIncrement_1	0.04229086	-0.02680643	-0.15196307	0.63654885	-0.16674061	-0.01359017	-0.01112955	-0.01528584	-0.02022760	-0.00394171	-0.05182735	-0.04101289	0.05545735	0.06338744	0.05297335	0.03057321	0.03107099	-0.01125726	0.01116930	0.01395908	-0.00741318	-0.02101635	-0.02101635	0.04391593	-0.00635542	-0.01289161	0.00000000	0.00643654	-0.03083948	0.01636783	-0.02006058	-0.00429891	-0.00874099	-0.02605322	-0.07871935	-0.02193833	-0.06073545	-0.04837539	-0.03566702	0.00000000	-0.00621232	-0.02381709	-0.00202852	0.02485312	-0.03044432	0.21448341	0.09389154	0.07596721	0.01804628	-0.03622793	-0.04314445	-0.00000000	-0.00834770	-0.01995222	-0.00000000	-0.04404998	-0.03562396	0.01180306	0.02952230	-0.03356400	-0.04229424	-0.02747959	0.05716644	-0.00140079	-0.04072019	-0.04072019	0.03945935	-0.03666668	-0.02634448	-0.05232445	-0.01607883	0.01094745	0.04858661	-0.07204748	-0.03705171	0.01905711	-0.02840176	-0.13542288	-0.09224763	-0.17316592	-0.12979318	-0.12614575	-0.01296779	-0.05395845	-0.04873231	-0.10846798	0.06441777	-0.02515528	0.59902546	0.41573193	0.41761537	0.07403641	0.16903077	-0.14432906	-0.09939035	-0.04749676	-0.08733538	-0.06986433	0.04404998	-0.00290205	-0.02764731	0.07031241	-0.05323582	0.01121791	-0.06709012	0.00803710	-0.01272183	-0.01330945	0.00913169	-0.06196553	-0.05787142	-0.03534791	0.03043732	-0.08671595	-0.06757500	-0.05247329	0.00000000	0.08777572	-0.14937554	-0.15660093	-0.14660336	-0.13315794	-0.02987749	-0.20159925	-0.09531270	-0.04029137	-0.04757506	0.00000000	0.98146489	1.00000000	0.72438379	0.32344055	0.13624302	-0.07468827	-0.05245864	-0.03165165	-0.02250782	-0.11363161	-0.11363161	-0.11363161	0.00000000	0.00000000	0.00000000	0.00000000	0.00000000	0.00000000	0.00000000	0.00000000	0.00000000	0.00000000	0.00000000	-0.01116100	-0.11835086	0.05736522	0.03631959	-0.03218423	-0.02590963	0.01746708	0.00969852	-0.04829467	0.02009866	0.32950384	0.04536062	0.15689290	0.00000000	-0.01071103	-0.02689261	-0.03762857	-0.05675352	-0.03955321	0.03941714	0.04535150	0.05646863	-0.00000000	-0.03286876	-0.03179013	0.06748066	-0.06305948	-0.01331117	0.01675394	0.05636579	-0.01675394	0.01452073	0.01974269	-0.02494091	0.03412829	0.03260849	-0.00712822	0.08453081	-0.04398263	0.02953213	-0.06137573
RookMobilityEndGameIncrement_2	0.00020938	-0.05592992	-0.11208843	0.51582896	-0.12476024	0.01509444	-0.04901974	-0.05368319	-0.04034540	0.00374701	-0.00679991	0.04142372	0.07487259	0.08130295	0.07795603	0.04350138	0.07636342	0.02184829	0.00453459	-0.00010751	0.00322070	0.01438248	0.01438248	0.04677408	-0.01185222	-0.01114624	-0.02098687	0.00006374	-0.03196274	-0.00709534	-0.02091588	0.00248315	0.02527389	-0.02156732	-0.06686283	-0.01395595	-0.06285850	-0.04997386	-0.04626649	0.01770915	-0.00221454	-0.01341512	-0.04258378	0.02690680	-0.01120440	0.14155220	0.11808961	0.06855887	-0.03040395	-0.00774864	-0.03624265	-0.01027451	-0.02587258	-0.01069070	-0.00707239	-0.03458975	0.00624101	0.00440231	0.00502814	-0.06189189	-0.00762221	-0.01795902	0.03315751	0.02531421	-0.02840156	-0.02840156	0.02339700	-0.08132951	-0.03358413	-0.09166993	-0.06304900	-0.01084030	-0.03146046	-0.06154465	-0.02932304	0.04155305	-0.03374854	-0.09846585	-0.07073932	-0.14562052	-0.12068727	-0.12485164	0.01207042	-0.03413605	-0.03452938	-0.16196881	0.07861784	0.02422408	0.50836732	0.38420037	0.41273377	0.08392455	0.18605924	-0.10493366	-0.10168966	-0.03211233	-0.05171540	-0.04323784	0.03458975	0.02238575	-0.04808036	0.06993369	-0.02052776	0.02584489	-0.09208704	-0.02345750	-0.04274091	-0.03477422	0.00429510	-0.06980987	-0.07773425	-0.03834305	-0.00045209	-0.05085682	-0.04948262	-0.02478981	0.00000000	0.08800309	-0.13004560	-0.12822950	-0.13253576	-0.13993610	-0.05940683	-0.05555114	-0.01245814	0.02377023	0.09327668	0.00000000	0.69128898	0.72438379	1.00000000	0.52239914	0.21029704	-0.02776760	-0.01809425	-0.01581559	-0.01733969	-0.11285702	-0.11285702	-0.11285702	0.00000000	0.00000000	0.00000000	0.00000000	0.00000000	0.00000000	0.00000000	0.00000000	0.00000000	0.00000000	0.00000000	-0.03761284	-0.06845997	-0.00001475	0.01831772	-0.01421858	-0.02539948	0.01712316	0.00956625	-0.03160599	0.03427558	0.45470664	0.06030062	0.11092515	-0.00060575	-0.02126543	-0.02662940	-0.03651508	0.01528843	0.04536739	0.04668150	0.03475851	0.05650307	-0.00025656	-0.03319801	-0.02331102	0.07244036	-0.03774226	-0.02543912	0.01758537	0.04016925	0.01758537	0.01179046	0.00242739	0.02014969	0.03013322	0.04995623	0.00621144	0.08608380	-0.03418845	0.04486456	-0.06166327
RookMobilityEndGameIncrement_3	-0.01298247	0.02023171	-0.08961204	0.26490043	-0.10899410	0.05752834	-0.02289460	-0.02608602	-0.03400430	-0.03624884	0.00044907	0.02612797	0.03735227	0.06141329	0.04657946	0.03813151	0.07038773	0.04511069	-0.02095966	0.03698707	0.00335391	0.05798743	0.05798743	0.01136703	0.01277933	0.01009301	-0.00101468	-0.00432359	-0.02548318	-0.00147677	0.01077005	0.00419791	0.01811958	-0.02643584	-0.03783588	-0.02550297	-0.01514487	-0.01439113	-0.01007994	0.02594358	0.01928152	-0.01163300	-0.05041999	0.01304385	0.02814631	0.01494833	0.03844612	0.02181842	-0.02409540	0.01980303	-0.05621795	-0.00849581	0.00280369	-0.00618714	-0.00673308	-0.04106910	-0.02989497	-0.02136974	0.01654687	-0.01088207	-0.05672258	0.04816512	-0.02358970	0.01916959	0.01087476	0.01087476	-0.02912130	0.01528725	0.05367661	0.03112679	-0.03258748	-0.02890884	0.00009762	0.03454718	0.03138947	0.07544193	-0.03000012	-0.09226024	-0.13526240	-0.12456061	-0.11489566	-0.05558809	0.01802088	-0.02053208	-0.05399494	-0.22584031	0.03674146	0.05061973	0.31520003	0.24895926	0.27662517	0.12552041	0.15011060	-0.07271679	-0.07585758	-0.00608395	-0.04632698	-0.03459192	0.04106910	-0.06826684	0.00019963	0.04605734	0.03997211	0.00502358	0.02737531	-0.01143085	-0.00802368	-0.00147802	-0.00576475	0.04844341	0.05774232	0.08504287	0.11104393	-0.00506771	-0.00109855	-0.00962977	0.00000000	0.02770599	-0.15792002	-0.16302820	-0.15270702	-0.22168236	-0.21274651	0.03268747	0.02593996	0.06046437	0.13244090	0.00000000	0.29394844	0.32344055	0.52239914	1.00000000	0.42472451	-0.06173485	-0.03949467	-0.01771301	-0.00985898	-0.06712105	-0.06712105	-0.06712105	0.00000000	0.00000000	0.00000000	0.00000000	0.00000000	0.00000000	0.00000000	0.00000000	0.00000000	0.00000000	0.00000000	-0.03839443	-0.01290807	-0.06096982	-0.01018232	-0.00547523	-0.06871870	0.00020180	0.03703696	-0.01602113	0.03077578	0.50503426	0.00201511	-0.00586687	0.01224542	0.10612890	0.01420302	0.02397192	0.03410575	0.14182063	0.02099987	-0.04654149	0.07387315	0.00029933	-0.04263869	0.00538206	0.04636628	-0.02076606	0.03407422	-0.02328236	0.02304556	-0.00116135	-0.00800448	-0.01858102	0.00191530	0.02539384	0.01936684	0.01667443	0.07003088	0.00177846	0.04073473	-0.01766455
RookMobilityEndGameIncrement_4	-0.04172375	0.00945586	-0.00527055	0.14235449	-0.03441989	0.01434133	0.00690449	0.00784039	0.00920972	0.00630539	-0.00023672	0.00049954	-0.02853541	0.03150597	0.08558292	0.11030252	0.10057902	0.10941770	-0.00061220	0.01756593	0.00113431	0.00789751	0.00789751	0.00071755	-0.00771947	-0.00217213	-0.00059118	0.00003920	-0.00087647	0.00689646	0.00007186	-0.00487250	-0.00042587	-0.00057120	-0.01049366	-0.00388901	-0.00106246	0.00098109	0.00093274	-0.00057324	0.00692531	0.00028156	-0.02001321	-0.00110995	-0.00071073	-0.01835579	-0.01824015	-0.00533276	-0.00404548	-0.01211996	-0.00039413	-0.01042049	0.00505838	0.00017551	-0.00066351	0.01449537	-0.03955205	0.01309040	0.04744130	-0.02368092	0.00046363	0.08936621	-0.07708851	0.03376815	-0.02521733	-0.02521733	-0.07180140	0.02727725	0.00747133	0.01616095	0.00039168	0.00000000	0.07199266	-0.01542533	-0.02844891	0.00002321	-0.00000000	0.00375058	-0.03660728	0.00205059	-0.00850198	0.00003658	-0.00047385	0.02241447	0.02657855	-0.05998038	-0.00068654	-0.00042129	0.19312836	0.14975412	0.10289784	0.14322443	0.12648735	-0.03636469	-0.05075033	-0.01332195	0.00010638	0.00000000	-0.01449537	-0.05221400	-0.00010523	-0.01249730	-0.05013169	-0.04862709	0.08374905	-0.00749289	-0.00673310	-0.00054423	-0.00013903	0.02739392	0.02796616	0.03121430	0.04915267	0.00632927	0.00489042	0.00193457	0.00000000	0.00066820	-0.01933430	-0.01956327	-0.04542003	-0.05554505	-0.05837143	0.03921751	0.02668183	0.01978513	0.06263547	0.00000000	0.13691378	0.13624302	0.21029704	0.42472451	1.00000000	-0.03361802	-0.02177764	-0.00873848	-0.00837979	-0.00943459	-0.00943459	-0.00943459	0.00000000	0.00000000	0.00000000	0.00000000	0.00000000	0.00000000	0.00000000	0.00000000	0.00000000	0.00000000	0.00000000	-0.04276899	0.00794843	-0.02420702	0.02896096	-0.02985292	0.00015779	-0.00010638	0.04372858	-0.00072192	0.00294672	0.33699056	-0.00281621	-0.00730721	-0.01456504	-0.01742751	-0.01746962	-0.03009639	0.03139757	0.03994619	-0.00009602	-0.05963939	0.09206710	-0.00015779	-0.05377977	0.00706145	-0.07268284	-0.00003429	0.00056746	0.00061220	-0.00026005	0.00061220	0.00489325	-0.00585474	-0.00815748	-0.00282898	-0.00048228	0.00719663	-0.00014479	-0.00093750	0.01676303	-0.01588095
QueenMobilityMiddleGameBase	0.01005450	-0.00425141	-0.08515342	-0.16781160	0.48189774	-0.02034278	0.02076274	0.02858352	0.02243731	-0.00051841	-0.00127806	0.04418919	0.00841144	0.00443387	-0.01065665	-0.02150860	-0.00183890	0.00990828	0.09839325	0.05299361	-0.00981304	-0.00303574	-0.00303574	0.04721953	-0.02167341	0.01756073	-0.02119647	-0.00630013	-0.00473198	-0.01735028	0.01232624	0.04521300	-0.06420123	-0.00308385	-0.07877655	-0.02219622	-0.05074543	-0.03638474	-0.02468029	-0.00309489	-0.04281824	-0.00981889	0.01918834	-0.00599255	-0.00383718	-0.19807950	-0.07785954	0.01168580	-0.08269852	-0.01656639	0.41980922	0.22941186	0.09487192	-0.03045191	0.04540599	-0.06137684	0.04151563	-0.07792499	-0.00271793	-0.10269879	0.03673394	0.01913617	-0.01713709	0.00752867	-0.02800689	-0.02800689	-0.00015569	0.02171496	0.03112403	-0.03067057	0.01838142	0.00000000	-0.02592361	0.00580686	0.05401404	-0.02301047	-0.00000000	-0.04009858	-0.03718538	-0.05882788	-0.05403725	-0.03626534	-0.00255827	-0.05420995	-0.03179968	0.02105356	0.01801695	-0.00227453	-0.02933717	-0.05488265	-0.01551835	-0.02807028	0.01119628	0.18930103	0.19611536	0.10960489	-0.03476810	0.03534041	0.06137684	0.08607531	-0.01455335	0.00102749	-0.07212216	0.03001814	0.01010281	-0.02554667	-0.03390000	-0.02602110	-0.00075062	0.02821749	0.02803705	0.03848372	0.04468838	-0.07615507	-0.05107699	-0.05234588	0.00000000	0.00360756	-0.04192103	-0.03656102	-0.02432235	-0.02466137	-0.02496722	-0.14225880	-0.08415630	-0.03477663	-0.10814173	0.00000000	-0.06835384	-0.07468827	-0.02776760	-0.06173485	-0.03361802	1.00000000	0.64311851	0.33543803	0.24470700	-0.30001577	-0.30001577	-0.30001577	0.00000000	0.00000000	0.00000000	0.00000000	0.00000000	0.00000000	0.00000000	0.00000000	0.00000000	0.00000000	0.00000000	0.12540080	-0.02027994	0.04818842	0.01428118	-0.01590448	0.00085190	-0.00057431	-0.00775546	-0.08384883	-0.01270847	-0.06868786	0.01283984	0.00892269	0.02451239	0.03233253	0.01088276	0.00247444	-0.04710459	-0.02109148	-0.01646953	-0.02222959	0.00194951	-0.00085190	-0.00216144	0.09059851	0.01403093	0.08801993	-0.05080325	0.07110417	-0.07743670	0.03720468	0.01858340	0.12041055	0.17859706	0.07775798	0.10107771	0.07411043	-0.04354104	0.01718683	0.06030388	0.09257828
QueenMobilityMiddleGameIncrement_1	0.01680345	-0.04487394	-0.03379107	-0.10120743	0.30950003	0.01886237	0.01293286	0.01782233	0.01421070	0.02007770	0.01573983	0.02911850	0.00489351	0.00196764	-0.00745834	-0.01446078	-0.00163931	0.00601269	0.09163177	0.04211300	0.10806845	0.00454787	0.00454787	-0.03701227	-0.07027095	0.04346381	-0.08820544	0.02534376	-0.00421841	0.03437702	0.04953813	0.06055308	-0.04759804	-0.00274915	-0.02771685	0.07860733	0.03102831	0.05387132	-0.04470817	-0.05180770	0.06223460	0.06888464	0.08073153	-0.03771889	-0.05630141	-0.12756159	-0.04701766	-0.03259387	-0.03290463	0.00773997	0.26976186	0.25722514	-0.00555971	-0.19265284	0.02834699	-0.00483468	0.02025894	-0.02925307	0.02065269	-0.06053427	0.02427053	0.01246974	-0.00424956	0.01167138	-0.00532958	-0.00532958	0.00602976	0.01370532	0.02324832	-0.02529559	0.02283143	0.00000000	-0.01400743	0.00084472	0.03758415	-0.01974919	-0.00000000	-0.01975257	-0.02186202	-0.03969139	-0.03777688	-0.01547469	-0.00228061	-0.03010229	-0.02373622	0.01411019	-0.00330429	-0.00202767	-0.01046397	-0.03616021	-0.00732709	-0.00877226	0.00769213	0.12147227	0.12567783	0.06650715	-0.02224278	0.02275347	0.00483468	0.03223884	-0.00951068	0.00091598	-0.04954555	0.01926590	0.00642053	-0.07009088	-0.02293588	0.03948849	0.02312297	0.01809867	0.01774502	0.02464643	0.02840031	-0.02345346	0.05875002	0.06002838	0.00000000	0.00321602	-0.02689302	-0.02353934	-0.01543106	-0.01552817	-0.01626944	-0.07840351	-0.02058052	0.00406095	-0.08166895	0.00000000	-0.04842994	-0.05245864	-0.01809425	-0.03949467	-0.02177764	0.64311851	1.00000000	0.50666243	0.23822210	-0.19343887	-0.19343887	-0.19343887	0.00000000	0.00000000	0.00000000	0.00000000	0.00000000	0.00000000	0.00000000	0.00000000	0.00000000	0.00000000	0.00000000	0.08979471	0.02540731	0.00675005	0.00059932	-0.00177384	0.00075944	-0.00051198	-0.00502396	-0.04923065	0.02000090	-0.04458452	-0.03571392	0.00570826	0.00389925	0.02077328	-0.00700672	0.00220588	-0.02363791	-0.01384785	-0.02100199	-0.02708838	0.00173793	-0.00075944	-0.00192685	0.10918511	0.00862901	0.08217370	-0.03195036	0.04659797	-0.05242942	0.00294648	0.06138402	0.07041181	0.12510506	0.06604118	0.07656990	0.06249541	-0.03855068	0.00981214	0.03972563	0.05887497
QueenMobilityMiddleGameIncrement_2	0.01181344	-0.02944882	0.01625708	-0.05769144	0.16158281	0.04455252	-0.02047841	-0.02580435	-0.02453022	-0.01510039	0.00272625	0.01904450	0.00177295	-0.00122163	-0.00520351	-0.00894125	-0.00058614	0.00179690	0.02731020	0.02645673	0.19300639	0.04157753	0.04157753	-0.10514902	-0.04234611	0.06196478	-0.07653581	0.02134215	0.03744198	0.02958377	0.02714083	0.05744315	-0.00038052	0.04060364	0.00609227	0.07038514	0.00401498	0.00583079	-0.00592157	-0.00478060	0.03178336	0.06028883	0.05828332	-0.01526731	-0.00592721	-0.08482606	-0.00741963	-0.07442065	-0.04371371	0.03385545	0.16366562	0.26142037	-0.04412307	-0.24624348	0.00324980	0.02393849	0.00815177	-0.00025691	0.02793168	0.04242741	0.00386653	-0.00571553	0.00001037	0.01837895	-0.00164342	-0.00164342	-0.00138568	0.00851316	0.02879891	-0.03313068	0.02659859	0.00000000	-0.00655997	0.01366101	0.02123756	-0.00257181	0.00824279	0.01782654	-0.01197000	-0.01208819	-0.02422562	0.03081357	-0.00395171	-0.00543746	-0.02192189	-0.00777999	0.00985404	-0.00351341	0.00464258	-0.02498300	0.00239261	0.01606405	0.00633092	0.04579416	0.05626686	0.05546374	0.00088713	0.01267257	-0.02393849	0.00532716	-0.00338506	-0.00124704	-0.02122126	0.01047243	0.00322020	-0.05179691	0.01153796	0.07271504	0.03528092	0.02000688	0.02328278	0.02949381	0.01424411	0.03085794	0.05753583	0.05093072	0.00000000	-0.01034897	-0.01673386	-0.01966540	-0.01441633	-0.01340118	-0.00988504	-0.04282209	0.04501953	0.01267812	-0.04248881	0.00000000	-0.02953645	-0.03165165	-0.01581559	-0.01771301	-0.00873848	0.33543803	0.50666243	1.00000000	0.40914726	-0.10066629	-0.10066629	-0.10066629	0.00000000	0.00000000	0.00000000	0.00000000	0.00000000	0.00000000	0.00000000	0.00000000	0.00000000	0.00000000	0.00000000	0.03652153	0.06032356	-0.03845396	-0.03956282	0.03843995	0.00131592	-0.00088713	0.00645430	-0.03150446	-0.00405074	-0.02434924	-0.07056783	0.00952954	0.05395936	0.02692798	0.00780481	0.03112374	-0.01610609	-0.00406554	-0.07515877	-0.01915067	0.00301137	-0.00131592	-0.00333872	0.06556651	-0.03284929	0.08674686	-0.01458352	0.01726135	-0.03562942	0.00510547	0.06890259	0.04468009	0.07780197	0.05963487	0.03991644	0.01289527	-0.02037359	0.03207130	0.05316693	0.03997545
QueenMobilityMiddleGameIncrement_3	-0.00765879	-0.02326289	0.03665564	-0.05036036	0.18958359	0.00967369	-0.03633941	-0.02175285	-0.07166451	-0.05126400	-0.11986480	-0.02214450	-0.01814229	-0.02838278	-0.03212819	-0.01596349	-0.02241378	0.01215649	0.03088418	0.00969311	0.05630935	-0.01386925	-0.01386925	-0.05695398	-0.01753071	0.01171759	-0.00417790	-0.00605488	-0.01630672	0.01733375	-0.00001979	0.08512091	-0.03975026	-0.02710334	0.05891562	0.03777816	-0.02549097	-0.03759191	0.03534629	0.05066525	-0.04944806	0.01054109	-0.00809555	0.05198201	0.04682138	-0.06839080	-0.01767848	0.00082290	-0.00885771	-0.08154833	0.11634444	0.20462245	0.00532612	-0.17208921	0.02535351	0.02269854	-0.00013785	-0.01776640	0.01241559	0.06088375	0.02199949	0.00119805	-0.01395461	0.00526543	-0.03009908	-0.03009908	-0.00877900	-0.01545610	0.00169502	-0.01392273	-0.03354011	-0.02202844	-0.00196949	0.00993876	0.01375930	-0.02020232	0.00000000	-0.01000780	-0.01469170	-0.04309358	-0.05084233	0.04068336	0.00360964	-0.05688465	-0.01603448	-0.02048518	0.03223431	0.02922101	-0.01497566	-0.01329307	-0.00182967	-0.00853656	0.01001219	0.11215562	0.11215200	0.12419611	-0.01057346	0.09372061	-0.02269854	-0.01761099	0.01741394	0.00990378	-0.01322210	0.01706744	0.00624801	-0.03194355	-0.00525691	0.06939852	0.08731844	0.00322580	0.01306652	0.01403681	-0.01829722	0.06399939	0.06837809	0.03099196	0.00000000	-0.03698027	-0.02927584	-0.03433915	-0.02745442	-0.02312065	-0.00557107	-0.04048418	0.00362799	0.04035221	-0.02362802	0.00000000	-0.02284259	-0.02250782	-0.01733969	-0.00985898	-0.00837979	0.24470700	0.23822210	0.40914726	1.00000000	0.00158149	0.00158149	0.00158149	0.00000000	0.00000000	0.00000000	0.00000000	0.00000000	0.00000000	0.00000000	0.00000000	0.00000000	0.00000000	0.00000000	0.04978847	0.06881411	-0.06156029	-0.03818140	0.03644886	-0.03306248	0.01057346	0.00553567	-0.00775219	0.06159993	-0.02146945	-0.02643794	0.01474017	-0.02451622	0.00324189	-0.05411327	0.01754091	-0.04437554	-0.04637160	-0.04862017	-0.04421364	0.00387749	-0.00169440	-0.00429900	0.08312199	-0.05524798	0.14595856	-0.05640415	-0.06085064	0.02813998	-0.04961322	0.07591966	0.11148444	0.04820077	0.12032063	0.05731138	0.05018594	-0.03344715	-0.03956768	0.08415917	0.05113381
QueenMobilityEndGameBase	-0.00823436	-0.04969797	-0.03836090	-0.14914266	0.68694054	0.02223308	-0.00444708	-0.00953270	-0.00036694	0.01314731	-0.02243096	-0.03367810	-0.00374848	-0.00138345	-0.00093139	-0.01688298	-0.06383816	-0.01010169	-0.02018734	-0.02639817	-0.02979767	-0.00725498	-0.00725498	0.00512321	0.00183824	-0.00108273	-0.00123267	0.00008173	0.03298226	0.00206305	0.00214777	-0.03442137	0.05091017	0.03409780	-0.04779590	-0.02517512	-0.01998874	-0.00931913	-0.00160739	-0.00119526	0.00993213	0.00058708	-0.02455678	-0.00231435	-0.00148194	-0.01278968	-0.01338604	-0.02269516	0.01338936	-0.06207396	0.13310018	0.00026266	0.03704766	0.03414729	0.01911262	-0.03689920	0.03816104	-0.03931832	-0.01604504	0.06427831	-0.02767682	-0.01527604	0.01348394	-0.01576188	-0.00949054	-0.00949054	0.01597405	-0.09116322	-0.00589766	-0.03976876	-0.08085305	0.03707049	-0.00010730	0.02069668	-0.11722563	0.01940788	0.07693972	-0.00446289	-0.00234689	0.00427567	0.01249903	-0.01009414	-0.00098802	0.05688705	-0.00875514	-0.04635809	0.01674624	-0.00087843	-0.17356934	-0.07072735	-0.13682759	-0.06548143	-0.05338951	0.62907570	0.54544219	0.47706435	0.08894290	0.32529220	0.03689920	0.15645816	-0.05873187	-0.09880878	0.06513518	-0.05074342	-0.00886884	0.00138628	0.01057742	-0.01401155	-0.03121182	-0.09071529	-0.06416644	-0.05461124	-0.06499696	-0.05687596	-0.04986932	-0.03608893	0.00000000	-0.07291377	0.01532631	0.01019780	0.00035648	0.00781806	-0.00030352	-0.06535291	-0.04119096	-0.01260233	0.01343718	0.00000000	-0.11996142	-0.11363161	-0.11285702	-0.06712105	-0.00943459	-0.30001577	-0.19343887	-0.10066629	0.00158149	1.00000000	1.00000000	1.00000000	0.00000000	0.00000000	0.00000000	0.00000000	0.00000000	0.00000000	0.00000000	0.00000000	0.00000000	0.00000000	0.00000000	0.11238880	-0.01682367	0.00754932	0.05218714	-0.05386273	0.00032901	-0.00022180	-0.05387120	-0.02380571	0.00614417	-0.09432503	-0.00267202	-0.03800508	-0.00817496	-0.00913549	0.00910643	0.03281031	-0.01752005	0.01074278	-0.04024277	-0.04756839	0.27801513	-0.26353626	-0.35328772	0.01897304	0.04684121	0.29285887	-0.08896594	-0.11218867	0.01680932	-0.02708981	0.07412442	-0.02056430	0.12706201	0.24930947	-0.04044118	0.02305153	0.25910319	0.05389584	0.20592420	0.20669276
QueenMobilityEndGameIncrement_1	-0.00823436	-0.04969797	-0.03836090	-0.14914266	0.68694054	0.02223308	-0.00444708	-0.00953270	-0.00036694	0.01314731	-0.02243096	-0.03367810	-0.00374848	-0.00138345	-0.00093139	-0.01688298	-0.06383816	-0.01010169	-0.02018734	-0.02639817	-0.02979767	-0.00725498	-0.00725498	0.00512321	0.00183824	-0.00108273	-0.00123267	0.00008173	0.03298226	0.00206305	0.00214777	-0.03442137	0.05091017	0.03409780	-0.04779590	-0.02517512	-0.01998874	-0.00931913	-0.00160739	-0.00119526	0.00993213	0.00058708	-0.02455678	-0.00231435	-0.00148194	-0.01278968	-0.01338604	-0.02269516	0.01338936	-0.06207396	0.13310018	0.00026266	0.03704766	0.03414729	0.01911262	-0.03689920	0.03816104	-0.03931832	-0.01604504	0.06427831	-0.02767682	-0.01527604	0.01348394	-0.01576188	-0.00949054	-0.00949054	0.01597405	-0.09116322	-0.00589766	-0.03976876	-0.08085305	0.03707049	-0.00010730	0.02069668	-0.11722563	0.01940788	0.07693972	-0.00446289	-0.00234689	0.00427567	0.01249903	-0.01009414	-0.00098802	0.05688705	-0.00875514	-0.04635809	0.01674624	-0.00087843	-0.17356934	-0.07072735	-0.13682759	-0.06548143	-0.05338951	0.62907570	0.54544219	0.47706435	0.08894290	0.32529220	0.03689920	0.15645816	-0.05873187	-0.09880878	0.06513518	-0.05074342	-0.00886884	0.00138628	0.01057742	-0.01401155	-0.03121182	-0.09071529	-0.06416644	-0.05461124	-0.06499696	-0.05687596	-0.04986932	-0.03608893	0.00000000	-0.07291377	0.01532631	0.01019780	0.00035648	0.00781806	-0.00030352	-0.06535291	-0.04119096	-0.01260233	0.01343718	0.00000000	-0.11996142	-0.11363161	-0.11285702	-0.06712105	-0.00943459	-0.30001577	-0.19343887	-0.10066629	0.00158149	1.00000000	1.00000000	1.00000000	0.00000000	0.00000000	0.00000000	0.00000000	0.00000000	0.00000000	0.00000000	0.00000000	0.00000000	0.00000000	0.00000000	0.11238880	-0.01682367	0.00754932	0.05218714	-0.05386273	0.00032901	-0.00022180	-0.05387120	-0.02380571	0.00614417	-0.09432503	-0.00267202	-0.03800508	-0.00817496	-0.00913549	0.00910643	0.03281031	-0.01752005	0.01074278	-0.04024277	-0.04756839	0.27801513	-0.26353626	-0.35328772	0.01897304	0.04684121	0.29285887	-0.08896594	-0.11218867	0.01680932	-0.02708981	0.07412442	-0.02056430	0.12706201	0.24930947	-0.04044118	0.02305153	0.25910319	0.05389584	0.20592420	0.20669276
QueenMobilityEndGameIncrement_2	-0.00823436	-0.04969797	-0.03836090	-0.14914266	0.68694054	0.02223308	-0.00444708	-0.00953270	-0.00036694	0.01314731	-0.02243096	-0.03367810	-0.00374848	-0.00138345	-0.00093139	-0.01688298	-0.06383816	-0.01010169	-0.02018734	-0.02639817	-0.02979767	-0.00725498	-0.00725498	0.00512321	0.00183824	-0.00108273	-0.00123267	0.00008173	0.03298226	0.00206305	0.00214777	-0.03442137	0.05091017	0.03409780	-0.04779590	-0.02517512	-0.01998874	-0.00931913	-0.00160739	-0.00119526	0.00993213	0.00058708	-0.02455678	-0.00231435	-0.00148194	-0.01278968	-0.01338604	-0.02269516	0.01338936	-0.06207396	0.13310018	0.00026266	0.03704766	0.03414729	0.01911262	-0.03689920	0.03816104	-0.03931832	-0.01604504	0.06427831	-0.02767682	-0.01527604	0.01348394	-0.01576188	-0.00949054	-0.00949054	0.01597405	-0.09116322	-0.00589766	-0.03976876	-0.08085305	0.03707049	-0.00010730	0.02069668	-0.11722563	0.01940788	0.07693972	-0.00446289	-0.00234689	0.00427567	0.01249903	-0.01009414	-0.00098802	0.05688705	-0.00875514	-0.04635809	0.01674624	-0.00087843	-0.17356934	-0.07072735	-0.13682759	-0.06548143	-0.05338951	0.62907570	0.54544219	0.47706435	0.08894290	0.32529220	0.03689920	0.15645816	-0.05873187	-0.09880878	0.06513518	-0.05074342	-0.00886884	0.00138628	0.01057742	-0.01401155	-0.03121182	-0.09071529	-0.06416644	-0.05461124	-0.06499696	-0.05687596	-0.04986932	-0.03608893	0.00000000	-0.07291377	0.01532631	0.01019780	0.00035648	0.00781806	-0.00030352	-0.06535291	-0.04119096	-0.01260233	0.01343718	0.00000000	-0.11996142	-0.11363161	-0.11285702	-0.06712105	-0.00943459	-0.30001577	-0.19343887	-0.10066629	0.00158149	1.00000000	1.00000000	1.00000000	0.00000000	0.00000000	0.00000000	0.00000000	0.00000000	0.00000000	0.00000000	0.00000000	0.00000000	0.00000000	0.00000000	0.11238880	-0.01682367	0.00754932	0.05218714	-0.05386273	0.00032901	-0.00022180	-0.05387120	-0.02380571	0.00614417	-0.09432503	-0.00267202	-0.03800508	-0.00817496	-0.00913549	0.00910643	0.03281031	-0.01752005	0.01074278	-0.04024277	-0.04756839	0.27801513	-0.26353626	-0.35328772	0.01897304	0.04684121	0.29285887	-0.08896594	-0.11218867	0.01680932	-0.02708981	0.07412442	-0.02056430	0.12706201	0.24930947	-0.04044118	0.02305153	0.25910319	0.05389584	0.20592420	0.20669276
QueenMobilityEndGameIncrement_3	0.00000000	0.00000000	0.00000000	0.00000000	0.00000000	0.00000000	0.00000000	0.00000000	0.00000000	0.00000000	0.00000000	0.00000000	0.00000000	0.00000000	0.00000000	0.00000000	0.00000000	0.00000000	0.00000000	0.00000000	0.00000000	0.00000000	0.00000000	0.00000000	0.00000000	0.00000000	0.00000000	0.00000000	0.00000000	0.00000000	0.00000000	0.00000000	0.00000000	0.00000000	0.00000000	0.00000000	0.00000000	0.00000000	0.00000000	0.00000000	0.00000000	0.00000000	0.00000000	0.00000000	0.00000000	0.00000000	0.00000000	0.00000000	0.00000000	0.00000000	0.00000000	0.00000000	0.00000000	0.00000000	0.00000000	0.00000000	0.00000000	0.00000000	0.00000000	0.00000000	0.00000000	0.00000000	0.00000000	0.00000000	0.00000000	0.00000000	0.00000000	0.00000000	0.00000000	0.00000000	0.00000000	0.00000000	0.00000000	0.00000000	0.00000000	0.00000000	0.00000000	0.00000000	0.00000000	0.00000000	0.00000000	0.00000000	0.00000000	0.00000000	0.00000000	0.00000000	0.00000000	0.00000000	0.00000000	0.00000000	0.00000000	0.00000000	0.00000000	0.00000000	0.00000000	0.00000000	0.00000000	0.00000000	0.00000000	0.00000000	0.00000000	0.00000000	0.00000000	0.00000000	0.00000000	0.00000000	0.00000000	0.00000000	0.00000000	0.00000000	0.00000000	0.00000000	0.00000000	0.00000000	0.00000000	0.00000000	0.00000000	0.00000000	0.00000000	0.00000000	0.00000000	0.00000000	0.00000000	0.00000000	0.00000000	0.00000000	0.00000000	0.00000000	0.00000000	0.00000000	0.00000000	0.00000000	0.00000000	0.00000000	0.00000000	0.00000000	0.00000000	0.00000000	0.00000000	0.00000000	1.00000000	0.00000000	0.00000000	0.00000000	0.00000000	0.00000000	0.00000000	0.00000000	0.00000000	0.00000000	0.00000000	0.00000000	0.00000000	0.00000000	0.00000000	0.00000000	0.00000000	0.00000000	0.00000000	0.00000000	0.00000000	0.00000000	0.00000000	0.00000000	0.00000000	0.00000000	0.00000000	0.00000000	0.00000000	0.00000000	0.00000000	0.00000000	0.00000000	0.00000000	0.00000000	0.00000000	0.00000000	0.00000000	0.00000000	0.00000000	0.00000000	0.00000000	0.00000000	0.00000000	0.00000000	0.00000000	0.00000000	0.00000000	0.00000000	0.00000000	0.00000000	0.00000000
Threat_PawnOnMinor_MG	0.00000000	0.00000000	0.00000000	0.00000000	0.00000000	0.00000000	0.00000000	0.00000000	0.00000000	0.00000000	0.00000000	0.00000000	0.00000000	0.00000000	0.00000000	0.00000000	0.00000000	0.00000000	0.00000000	0.00000000	0.00000000	0.00000000	0.00000000	0.00000000	0.00000000	0.00000000	0.00000000	0.00000000	0.00000000	0.00000000	0.00000000	0.00000000	0.00000000	0.00000000	0.00000000	0.00000000	0.00000000	0.00000000	0.00000000	0.00000000	0.00000000	0.00000000	0.00000000	0.00000000	0.00000000	0.00000000	0.00000000	0.00000000	0.00000000	0.00000000	0.00000000	0.00000000	0.00000000	0.00000000	0.00000000	0.00000000	0.00000000	0.00000000	0.00000000	0.00000000	0.00000000	0.00000000	0.00000000	0.00000000	0.00000000	0.00000000	0.00000000	0.00000000	0.00000000	0.00000000	0.00000000	0.00000000	0.00000000	0.00000000	0.00000000	0.00000000	0.00000000	0.00000000	0.00000000	0.00000000	0.00000000	0.00000000	0.00000000	0.00000000	0.00000000	0.00000000	0.00000000	0.00000000	0.00000000	0.00000000	0.00000000	0.00000000	0.00000000	0.00000000	0.00000000	0.00000000	0.00000000	0.00000000	0.00000000	0.00000000	0.00000000	0.00000000	0.00000000	0.00000000	0.00000000	0.00000000	0.00000000	0.00000000	0.00000000	0.00000000	0.00000000	0.00000000	0.00000000	0.00000000	0.00000000	0.00000000	0.00000000	0.00000000	0.00000000	0.00000000	0.00000000	0.00000000	0.00000000	0.00000000	0.00000000	0.00000000	0.00000000	0.00000000	0.00000000	0.00000000	0.00000000	0.00000000	0.00000000	0.00000000	0.00000000	0.00000000	0.00000000	0.00000000	0.00000000	0.00000000	0.00000000	1.00000000	0.00000000	0.00000000	0.00000000	0.00000000	0.00000000	0.00000000	0.00000000	0.00000000	0.00000000	0.00000000	0.00000000	0.00000000	0.00000000	0.00000000	0.00000000	0.00000000	0.00000000	0.00000000	0.00000000	0.00000000	0.00000000	0.00000000	0.00000000	0.00000000	0.00000000	0.00000000	0.00000000	0.00000000	0.00000000	0.00000000	0.00000000	0.00000000	0.00000000	0.00000000	0.00000000	0.00000000	0.00000000	0.00000000	0.00000000	0.00000000	0.00000000	0.00000000	0.00000000	0.00000000	0.00000000	0.00000000	0.00000000	0.00000000	0.00000000	0.00000000
Threat_PawnOnMajor_MG	0.00000000	0.00000000	0.00000000	0.00000000	0.00000000	0.00000000	0.00000000	0.00000000	0.00000000	0.00000000	0.00000000	0.00000000	0.00000000	0.00000000	0.00000000	0.00000000	0.00000000	0.00000000	0.00000000	0.00000000	0.00000000	0.00000000	0.00000000	0.00000000	0.00000000	0.00000000	0.00000000	0.00000000	0.00000000	0.00000000	0.00000000	0.00000000	0.00000000	0.00000000	0.00000000	0.00000000	0.00000000	0.00000000	0.00000000	0.00000000	0.00000000	0.00000000	0.00000000	0.00000000	0.00000000	0.00000000	0.00000000	0.00000000	0.00000000	0.00000000	0.00000000	0.00000000	0.00000000	0.00000000	0.00000000	0.00000000	0.00000000	0.00000000	0.00000000	0.00000000	0.00000000	0.00000000	0.00000000	0.00000000	0.00000000	0.00000000	0.00000000	0.00000000	0.00000000	0.00000000	0.00000000	0.00000000	0.00000000	0.00000000	0.00000000	0.00000000	0.00000000	0.00000000	0.00000000	0.00000000	0.00000000	0.00000000	0.00000000	0.00000000	0.00000000	0.00000000	0.00000000	0.00000000	0.00000000	0.00000000	0.00000000	0.00000000	0.00000000	0.00000000	0.00000000	0.00000000	0.00000000	0.00000000	0.00000000	0.00000000	0.00000000	0.00000000	0.00000000	0.00000000	0.00000000	0.00000000	0.00000000	0.00000000	0.00000000	0.00000000	0.00000000	0.00000000	0.00000000	0.00000000	0.00000000	0.00000000	0.00000000	0.00000000	0.00000000	0.00000000	0.00000000	0.00000000	0.00000000	0.00000000	0.00000000	0.00000000	0.00000000	0.00000000	0.00000000	0.00000000	0.00000000	0.00000000	0.00000000	0.00000000	0.00000000	0.00000000	0.00000000	0.00000000	0.00000000	0.00000000	0.00000000	0.00000000	1.00000000	0.00000000	0.00000000	0.00000000	0.00000000	0.00000000	0.00000000	0.00000000	0.00000000	0.00000000	0.00000000	0.00000000	0.00000000	0.00000000	0.00000000	0.00000000	0.00000000	0.00000000	0.00000000	0.00000000	0.00000000	0.00000000	0.00000000	0.00000000	0.00000000	0.00000000	0.00000000	0.00000000	0.00000000	0.00000000	0.00000000	0.00000000	0.00000000	0.00000000	0.00000000	0.00000000	0.00000000	0.00000000	0.00000000	0.00000000	0.00000000	0.00000000	0.00000000	0.00000000	0.00000000	0.00000000	0.00000000	0.00000000	0.00000000	0.00000000
Threat_MinorOnPawn_MG	0.00000000	0.00000000	0.00000000	0.00000000	0.00000000	0.00000000	0.00000000	0.00000000	0.00000000	0.00000000	0.00000000	0.00000000	0.00000000	0.00000000	0.00000000	0.00000000	0.00000000	0.00000000	0.00000000	0.00000000	0.00000000	0.00000000	0.00000000	0.00000000	0.00000000	0.00000000	0.00000000	0.00000000	0.00000000	0.00000000	0.00000000	0.00000000	0.00000000	0.00000000	0.00000000	0.00000000	0.00000000	0.00000000	0.00000000	0.00000000	0.00000000	0.00000000	0.00000000	0.00000000	0.00000000	0.00000000	0.00000000	0.00000000	0.00000000	0.00000000	0.00000000	0.00000000	0.00000000	0.00000000	0.00000000	0.00000000	0.00000000	0.00000000	0.00000000	0.00000000	0.00000000	0.00000000	0.00000000	0.00000000	0.00000000	0.00000000	0.00000000	0.00000000	0.00000000	0.00000000	0.00000000	0.00000000	0.00000000	0.00000000	0.00000000	0.00000000	0.00000000	0.00000000	0.00000000	0.00000000	0.00000000	0.00000000	0.00000000	0.00000000	0.00000000	0.00000000	0.00000000	0.00000000	0.00000000	0.00000000	0.00000000	0.00000000	0.00000000	0.00000000	0.00000000	0.00000000	0.00000000	0.00000000	0.00000000	0.00000000	0.00000000	0.00000000	0.00000000	0.00000000	0.00000000	0.00000000	0.00000000	0.00000000	0.00000000	0.00000000	0.00000000	0.00000000	0.00000000	0.00000000	0.00000000	0.00000000	0.00000000	0.00000000	0.00000000	0.00000000	0.00000000	0.00000000	0.00000000	0.00000000	0.00000000	0.00000000	0.00000000	0.00000000	0.00000000	0.00000000	0.00000000	0.00000000	0.00000000	0.00000000	0.00000000	0.00000000	0.00000000	0.00000000	0.00000000	0.00000000	0.00000000	0.00000000	0.00000000	1.00000000	0.00000000	0.00000000	0.00000000	0.00000000	0.00000000	0.00000000	0.00000000	0.00000000	0.00000000	0.00000000	0.00000000	0.00000000	0.00000000	0.00000000	0.00000000	0.00000000	0.00000000	0.00000000	0.00000000	0.00000000	0.00000000	0.00000000	0.00000000	0.00000000	0.00000000	0.00000000	0.00000000	0.00000000	0.00000000	0.00000000	0.00000000	0.00000000	0.00000000	0.00000000	0.00000000	0.00000000	0.00000000	0.00000000	0.00000000	0.00000000	0.00000000	0.00000000	0.00000000	0.00000000	0.00000000	0.00000000	0.00000000	0.00000000
Threat_MinorOnMinor_MG	0.00000000	0.00000000	0.00000000	0.00000000	0.00000000	0.00000000	0.00000000	0.00000000	0.00000000	0.00000000	0.00000000	0.00000000	0.00000000	0.00000000	0.00000000	0.00000000	0.00000000	0.00000000	0.00000000	0.00000000	0.00000000	0.00000000	0.00000000	0.00000000	0.00000000	0.00000000	0.00000000	0.00000000	0.00000000	0.00000000	0.00000000	0.00000000	0.00000000	0.00000000	0.00000000	0.00000000	0.00000000	0.00000000	0.00000000	0.00000000	0.00000000	0.00000000	0.00000000	0.00000000	0.00000000	0.00000000	0.00000000	0.00000000	0.00000000	0.00000000	0.00000000	0.00000000	0.00000000	0.00000000	0.00000000	0.00000000	0.00000000	0.00000000	0.00000000	0.00000000	0.00000000	0.00000000	0.00000000	0.00000000	0.00000000	0.00000000	0.00000000	0.00000000	0.00000000	0.00000000	0.00000000	0.00000000	0.00000000	0.00000000	0.00000000	0.00000000	0.00000000	0.00000000	0.00000000	0.00000000	0.00000000	0.00000000	0.00000000	0.00000000	0.00000000	0.00000000	0.00000000	0.00000000	0.00000000	0.00000000	0.00000000	0.00000000	0.00000000	0.00000000	0.00000000	0.00000000	0.00000000	0.00000000	0.00000000	0.00000000	0.00000000	0.00000000	0.00000000	0.00000000	0.00000000	0.00000000	0.00000000	0.00000000	0.00000000	0.00000000	0.00000000	0.00000000	0.00000000	0.00000000	0.00000000	0.00000000	0.00000000	0.00000000	0.00000000	0.00000000	0.00000000	0.00000000	0.00000000	0.00000000	0.00000000	0.00000000	0.00000000	0.00000000	0.00000000	0.00000000	0.00000000	0.00000000	0.00000000	0.00000000	0.00000000	0.00000000	0.00000000	0.00000000	0.00000000	0.00000000	0.00000000	0.00000000	0.00000000	0.00000000	1.00000000	0.00000000	0.00000000	0.00000000	0.00000000	0.00000000	0.00000000	0.00000000	0.00000000	0.00000000	0.00000000	0.00000000	0.00000000	0.00000000	0.00000000	0.00000000	0.00000000	0.00000000	0.00000000	0.00000000	0.00000000	0.00000000	0.00000000	0.00000000	0.00000000	0.00000000	0.00000000	0.00000000	0.00000000	0.00000000	0.00000000	0.00000000	0.00000000	0.00000000	0.00000000	0.00000000	0.00000000	0.00000000	0.00000000	0.00000000	0.00000000	0.00000000	0.00000000	0.00000000	0.00000000	0.00000000	0.00000000	0.00000000
Threat_MinorOnMajor_MG	0.00000000	0.00000000	0.00000000	0.00000000	0.00000000	0.00000000	0.00000000	0.00000000	0.00000000	0.00000000	0.00000000	0.00000000	0.00000000	0.00000000	0.00000000	0.00000000	0.00000000	0.00000000	0.00000000	0.00000000	0.00000000	0.00000000	0.00000000	0.00000000	0.00000000	0.00000000	0.00000000	0.00000000	0.00000000	0.00000000	0.00000000	0.00000000	0.00000000	0.00000000	0.00000000	0.00000000	0.00000000	0.00000000	0.00000000	0.00000000	0.00000000	0.00000000	0.00000000	0.00000000	0.00000000	0.00000000	0.00000000	0.00000000	0.00000000	0.00000000	0.00000000	0.00000000	0.00000000	0.00000000	0.00000000	0.00000000	0.00000000	0.00000000	0.00000000	0.00000000	0.00000000	0.00000000	0.00000000	0.00000000	0.00000000	0.00000000	0.00000000	0.00000000	0.00000000	0.00000000	0.00000000	0.00000000	0.00000000	0.00000000	0.00000000	0.00000000	0.00000000	0.00000000	0.00000000	0.00000000	0.00000000	0.00000000	0.00000000	0.00000000	0.00000000	0.00000000	0.00000000	0.00000000	0.00000000	0.00000000	0.00000000	0.00000000	0.00000000	0.00000000	0.00000000	0.00000000	0.00000000	0.00000000	0.00000000	0.00000000	0.00000000	0.00000000	0.00000000	0.00000000	0.00000000	0.00000000	0.00000000	0.00000000	0.00000000	0.00000000	0.00000000	0.00000000	0.00000000	0.00000000	0.00000000	0.00000000	0.00000000	0.00000000	0.00000000	0.00000000	0.00000000	0.00000000	0.00000000	0.00000000	0.00000000	0.00000000	0.00000000	0.00000000	0.00000000	0.00000000	0.00000000	0.00000000	0.00000000	0.00000000	0.00000000	0.00000000	0.00000000	0.00000000	0.00000000	0.00000000	0.00000000	0.00000000	0.00000000	0.00000000	0.00000000	1.00000000	0.00000000	0.00000000	0.00000000	0.00000000	0.00000000	0.00000000	0.00000000	0.00000000	0.00000000	0.00000000	0.00000000	0.00000000	0.00000000	0.00000000	0.00000000	0.00000000	0.00000000	0.00000000	0.00000000	0.00000000	0.00000000	0.00000000	0.00000000	0.00000000	0.00000000	0.00000000	0.00000000	0.00000000	0.00000000	0.00000000	0.00000000	0.00000000	0.00000000	0.00000000	0.00000000	0.00000000	0.00000000	0.00000000	0.00000000	0.00000000	0.00000000	0.00000000	0.00000000	0.00000000	0.00000000	0.00000000
Threat_RookOnPawn_MG	0.00000000	0.00000000	0.00000000	0.00000000	0.00000000	0.00000000	0.00000000	0.00000000	0.00000000	0.00000000	0.00000000	0.00000000	0.00000000	0.00000000	0.00000000	0.00000000	0.00000000	0.00000000	0.00000000	0.00000000	0.00000000	0.00000000	0.00000000	0.00000000	0.00000000	0.00000000	0.00000000	0.00000000	0.00000000	0.00000000	0.00000000	0.00000000	0.00000000	0.00000000	0.00000000	0.00000000	0.00000000	0.00000000	0.00000000	0.00000000	0.00000000	0.00000000	0.00000000	0.00000000	0.00000000	0.00000000	0.00000000	0.00000000	0.00000000	0.00000000	0.00000000	0.00000000	0.00000000	0.00000000	0.00000000	0.00000000	0.00000000	0.00000000	0.00000000	0.00000000	0.00000000	0.00000000	0.00000000	0.00000000	0.00000000	0.00000000	0.00000000	0.00000000	0.00000000	0.00000000	0.00000000	0.00000000	0.00000000	0.00000000	0.00000000	0.00000000	0.00000000	0.00000000	0.00000000	0.00000000	0.00000000	0.00000000	0.00000000	0.00000000	0.00000000	0.00000000	0.00000000	0.00000000	0.00000000	0.00000000	0.00000000	0.00000000	0.00000000	0.00000000	0.00000000	0.00000000	0.00000000	0.00000000	0.00000000	0.00000000	0.00000000	0.00000000	0.00000000	0.00000000	0.00000000	0.00000000	0.00000000	0.00000000	0.00000000	0.00000000	0.00000000	0.00000000	0.00000000	0.00000000	0.00000000	0.00000000	0.00000000	0.00000000	0.00000000	0.00000000	0.00000000	0.00000000	0.00000000	0.00000000	0.00000000	0.00000000	0.00000000	0.00000000	0.00000000	0.00000000	0.00000000	0.00000000	0.00000000	0.00000000	0.00000000	0.00000000	0.00000000	0.00000000	0.00000000	0.00000000	0.00000000	0.00000000	0.00000000	0.00000000	0.00000000	0.00000000	1.00000000	0.00000000	0.00000000	0.00000000	0.00000000	0.00000000	0.00000000	0.00000000	0.00000000	0.00000000	0.00000000	0.00000000	0.00000000	0.00000000	0.00000000	0.00000000	0.00000000	0.00000000	0.00000000	0.00000000	0.00000000	0.00000000	0.00000000	0.00000000	0.00000000	0.00000000	0.00000000	0.00000000	0.00000000	0.00000000	0.00000000	0.00000000	0.00000000	0.00000000	0.00000000	0.00000000	0.00000000	0.00000000	0.00000000	0.00000000	0.00000000	0.00000000	0.00000000	0.00000000	0.00000000	0.00000000
Threat_RookOnMinor_MG	0.00000000	0.00000000	0.00000000	0.00000000	0.00000000	0.00000000	0.00000000	0.00000000	0.00000000	0.00000000	0.00000000	0.00000000	0.00000000	0.00000000	0.00000000	0.00000000	0.00000000	0.00000000	0.00000000	0.00000000	0.00000000	0.00000000	0.00000000	0.00000000	0.00000000	0.00000000	0.00000000	0.00000000	0.00000000	0.00000000	0.00000000	0.00000000	0.00000000	0.00000000	0.00000000	0.00000000	0.00000000	0.00000000	0.00000000	0.00000000	0.00000000	0.00000000	0.00000000	0.00000000	0.00000000	0.00000000	0.00000000	0.00000000	0.00000000	0.00000000	0.00000000	0.00000000	0.00000000	0.00000000	0.00000000	0.00000000	0.00000000	0.00000000	0.00000000	0.00000000	0.00000000	0.00000000	0.00000000	0.00000000	0.00000000	0.00000000	0.00000000	0.00000000	0.00000000	0.00000000	0.00000000	0.00000000	0.00000000	0.00000000	0.00000000	0.00000000	0.00000000	0.00000000	0.00000000	0.00000000	0.00000000	0.00000000	0.00000000	0.00000000	0.00000000	0.00000000	0.00000000	0.00000000	0.00000000	0.00000000	0.00000000	0.00000000	0.00000000	0.00000000	0.00000000	0.00000000	0.00000000	0.00000000	0.00000000	0.00000000	0.00000000	0.00000000	0.00000000	0.00000000	0.00000000	0.00000000	0.00000000	0.00000000	0.00000000	0.00000000	0.00000000	0.00000000	0.00000000	0.00000000	0.00000000	0.00000000	0.00000000	0.00000000	0.00000000	0.00000000	0.00000000	0.00000000	0.00000000	0.00000000	0.00000000	0.00000000	0.00000000	0.00000000	0.00000000	0.00000000	0.00000000	0.00000000	0.00000000	0.00000000	0.00000000	0.00000000	0.00000000	0.00000000	0.00000000	0.00000000	0.00000000	0.00000000	0.00000000	0.00000000	0.00000000	0.00000000	0.00000000	1.00000000	0.00000000	0.00000000	0.00000000	0.00000000	0.00000000	0.00000000	0.00000000	0.00000000	0.00000000	0.00000000	0.00000000	0.00000000	0.00000000	0.00000000	0.00000000	0.00000000	0.00000000	0.00000000	0.00000000	0.00000000	0.00000000	0.00000000	0.00000000	0.00000000	0.00000000	0.00000000	0.00000000	0.00000000	0.00000000	0.00000000	0.00000000	0.00000000	0.00000000	0.00000000	0.00000000	0.00000000	0.00000000	0.00000000	0.00000000	0.00000000	0.00000000	0.00000000	0.00000000	0.00000000
Threat_RookOnQueen_MG	0.00000000	0.00000000	0.00000000	0.00000000	0.00000000	0.00000000	0.00000000	0.00000000	0.00000000	0.00000000	0.00000000	0.00000000	0.00000000	0.00000000	0.00000000	0.00000000	0.00000000	0.00000000	0.00000000	0.00000000	0.00000000	0.00000000	0.00000000	0.00000000	0.00000000	0.00000000	0.00000000	0.00000000	0.00000000	0.00000000	0.00000000	0.00000000	0.00000000	0.00000000	0.00000000	0.00000000	0.00000000	0.00000000	0.00000000	0.00000000	0.00000000	0.00000000	0.00000000	0.00000000	0.00000000	0.00000000	0.00000000	0.00000000	0.00000000	0.00000000	0.00000000	0.00000000	0.00000000	0.00000000	0.00000000	0.00000000	0.00000000	0.00000000	0.00000000	0.00000000	0.00000000	0.00000000	0.00000000	0.00000000	0.00000000	0.00000000	0.00000000	0.00000000	0.00000000	0.00000000	0.00000000	0.00000000	0.00000000	0.00000000	0.00000000	0.00000000	0.00000000	0.00000000	0.00000000	0.00000000	0.00000000	0.00000000	0.00000000	0.00000000	0.00000000	0.00000000	0.00000000	0.00000000	0.00000000	0.00000000	0.00000000	0.00000000	0.00000000	0.00000000	0.00000000	0.00000000	0.00000000	0.00000000	0.00000000	0.00000000	0.00000000	0.00000000	0.00000000	0.00000000	0.00000000	0.00000000	0.00000000	0.00000000	0.00000000	0.00000000	0.00000000	0.00000000	0.00000000	0.00000000	0.00000000	0.00000000	0.00000000	0.00000000	0.00000000	0.00000000	0.00000000	0.00000000	0.00000000	0.00000000	0.00000000	0.00000000	0.00000000	0.00000000	0.00000000	0.00000000	0.00000000	0.00000000	0.00000000	0.00000000	0.00000000	0.00000000	0.00000000	0.00000000	0.00000000	0.00000000	0.00000000	0.00000000	0.00000000	0.00000000	0.00000000	0.00000000	0.00000000	0.00000000	1.00000000	0.00000000	0.00000000	0.00000000	0.00000000	0.00000000	0.00000000	0.00000000	0.00000000	0.00000000	0.00000000	0.00000000	0.00000000	0.00000000	0.00000000	0.00000000	0.00000000	0.00000000	0.00000000	0.00000000	0.00000000	0.00000000	0.00000000	0.00000000	0.00000000	0.00000000	0.00000000	0.00000000	0.00000000	0.00000000	0.00000000	0.00000000	0.00000000	0.00000000	0.00000000	0.00000000	0.00000000	0.00000000	0.00000000	0.00000000	0.00000000	0.00000000	0.00000000	0.00000000
Threat_QueenOnPawn_MG	0.00000000	0.00000000	0.00000000	0.00000000	0.00000000	0.00000000	0.00000000	0.00000000	0.00000000	0.00000000	0.00000000	0.00000000	0.00000000	0.00000000	0.00000000	0.00000000	0.00000000	0.00000000	0.00000000	0.00000000	0.00000000	0.00000000	0.00000000	0.00000000	0.00000000	0.00000000	0.00000000	0.00000000	0.00000000	0.00000000	0.00000000	0.00000000	0.00000000	0.00000000	0.00000000	0.00000000	0.00000000	0.00000000	0.00000000	0.00000000	0.00000000	0.00000000	0.00000000	0.00000000	0.00000000	0.00000000	0.00000000	0.00000000	0.00000000	0.00000000	0.00000000	0.00000000	0.00000000	0.00000000	0.00000000	0.00000000	0.00000000	0.00000000	0.00000000	0.00000000	0.00000000	0.00000000	0.00000000	0.00000000	0.00000000	0.00000000	0.00000000	0.00000000	0.00000000	0.00000000	0.00000000	0.00000000	0.00000000	0.00000000	0.00000000	0.00000000	0.00000000	0.00000000	0.00000000	0.00000000	0.00000000	0.00000000	0.00000000	0.00000000	0.00000000	0.00000000	0.00000000	0.00000000	0.00000000	0.00000000	0.00000000	0.00000000	0.00000000	0.00000000	0.00000000	0.00000000	0.00000000	0.00000000	0.00000000	0.00000000	0.00000000	0.00000000	0.00000000	0.00000000	0.00000000	0.00000000	0.00000000	0.00000000	0.00000000	0.00000000	0.00000000	0.00000000	0.00000000	0.00000000	0.00000000	0.00000000	0.00000000	0.00000000	0.00000000	0.00000000	0.00000000	0.00000000	0.00000000	0.00000000	0.00000000	0.00000000	0.00000000	0.00000000	0.00000000	0.00000000	0.00000000	0.00000000	0.00000000	0.00000000	0.00000000	0.00000000	0.00000000	0.00000000	0.00000000	0.00000000	0.00000000	0.00000000	0.00000000	0.00000000	0.00000000	0.00000000	0.00000000	0.00000000	0.00000000	1.00000000	0.00000000	0.00000000	0.00000000	0.00000000	0.00000000	0.00000000	0.00000000	0.00000000	0.00000000	0.00000000	0.00000000	0.00000000	0.00000000	0.00000000	0.00000000	0.00000000	0.00000000	0.00000000	0.00000000	0.00000000	0.00000000	0.00000000	0.00000000	0.00000000	0.00000000	0.00000000	0.00000000	0.00000000	0.00000000	0.00000000	0.00000000	0.00000000	0.00000000	0.00000000	0.00000000	0.00000000	0.00000000	0.00000000	0.00000000	0.00000000	0.00000000	0.00000000
Threat_QueenOnPiece_MG	0.00000000	0.00000000	0.00000000	0.00000000	0.00000000	0.00000000	0.00000000	0.00000000	0.00000000	0.00000000	0.00000000	0.00000000	0.00000000	0.00000000	0.00000000	0.00000000	0.00000000	0.00000000	0.00000000	0.00000000	0.00000000	0.00000000	0.00000000	0.00000000	0.00000000	0.00000000	0.00000000	0.00000000	0.00000000	0.00000000	0.00000000	0.00000000	0.00000000	0.00000000	0.00000000	0.00000000	0.00000000	0.00000000	0.00000000	0.00000000	0.00000000	0.00000000	0.00000000	0.00000000	0.00000000	0.00000000	0.00000000	0.00000000	0.00000000	0.00000000	0.00000000	0.00000000	0.00000000	0.00000000	0.00000000	0.00000000	0.00000000	0.00000000	0.00000000	0.00000000	0.00000000	0.00000000	0.00000000	0.00000000	0.00000000	0.00000000	0.00000000	0.00000000	0.00000000	0.00000000	0.00000000	0.00000000	0.00000000	0.00000000	0.00000000	0.00000000	0.00000000	0.00000000	0.00000000	0.00000000	0.00000000	0.00000000	0.00000000	0.00000000	0.00000000	0.00000000	0.00000000	0.00000000	0.00000000	0.00000000	0.00000000	0.00000000	0.00000000	0.00000000	0.00000000	0.00000000	0.00000000	0.00000000	0.00000000	0.00000000	0.00000000	0.00000000	0.00000000	0.00000000	0.00000000	0.00000000	0.00000000	0.00000000	0.00000000	0.00000000	0.00000000	0.00000000	0.00000000	0.00000000	0.00000000	0.00000000	0.00000000	0.00000000	0.00000000	0.00000000	0.00000000	0.00000000	0.00000000	0.00000000	0.00000000	0.00000000	0.00000000	0.00000000	0.00000000	0.00000000	0.00000000	0.00000000	0.00000000	0.00000000	0.00000000	0.00000000	0.00000000	0.00000000	0.00000000	0.00000000	0.00000000	0.00000000	0.00000000	0.00000000	0.00000000	0.00000000	0.00000000	0.00000000	0.00000000	0.00000000	1.00000000	0.00000000	0.00000000	0.00000000	0.00000000	0.00000000	0.00000000	0.00000000	0.00000000	0.00000000	0.00000000	0.00000000	0.00000000	0.00000000	0.00000000	0.00000000	0.00000000	0.00000000	0.00000000	0.00000000	0.00000000	0.00000000	0.00000000	0.00000000	0.00000000	0.00000000	0.00000000	0.00000000	0.00000000	0.00000000	0.00000000	0.00000000	0.00000000	0.00000000	0.00000000	0.00000000	0.00000000	0.00000000	0.00000000	0.00000000	0.00000000	0.00000000
AttackEndgameMultiplierPercent	0.07841710	-0.03523037	-0.10404693	-0.05587171	0.20523632	-0.02689122	0.00338085	0.01487081	0.02158457	-0.00045885	0.02041586	0.04785647	0.07114532	0.07149667	0.07240658	0.01606115	0.01904066	0.04237120	0.02184042	0.05470934	0.03675426	-0.01662712	-0.01662712	0.03786665	0.00068992	0.01218709	-0.00372189	0.00018732	0.09838311	0.02085823	-0.00881438	0.00690080	-0.02626202	0.10125338	-0.07923657	-0.04422110	-0.03583507	-0.01840675	-0.01182497	-0.06535239	0.00554431	-0.01108041	-0.03041693	-0.01908090	-0.03152332	-0.00428125	-0.03874769	-0.02043009	0.03211510	-0.00971979	0.10175369	0.14779588	0.05772077	-0.02865490	0.01696076	0.01554830	0.00239248	0.03638336	0.00086735	-0.02220259	0.01159353	-0.00962202	0.07368300	0.07957503	0.00928643	0.00928643	0.00511183	-0.06977877	-0.00973028	-0.05435608	-0.03378017	0.06068495	0.01380609	-0.05773712	-0.00639470	-0.02101692	0.12595150	-0.06787035	-0.04574887	-0.07746547	-0.07111908	-0.05976204	0.01211251	-0.03911941	-0.00505758	-0.05642492	-0.00923218	-0.00898537	-0.08082584	0.03425527	-0.06726635	-0.04649312	0.00679316	0.14009492	0.11237954	0.10893933	-0.03822174	0.04840984	-0.01554830	0.01109598	0.00332856	-0.02074403	-0.01042404	0.02051043	-0.01174347	-0.00016429	0.00006297	0.01637086	-0.04116011	-0.06894458	-0.07808635	-0.05034424	-0.06881794	-0.08118783	-0.05529392	-0.03391743	0.00000000	0.05184979	-0.06920700	-0.07679218	-0.05451346	-0.06065795	-0.01394519	-0.06307270	-0.00986687	-0.00419657	-0.06510355	0.00000000	-0.00757658	-0.01116100	-0.03761284	-0.03839443	-0.04276899	0.12540080	0.08979471	0.03652153	0.04978847	0.11238880	0.11238880	0.11238880	0.00000000	0.00000000	0.00000000	0.00000000	0.00000000	0.00000000	0.00000000	0.00000000	0.00000000	0.00000000	0.00000000	1.00000000	-0.05495819	0.06603300	0.02296507	-0.03561274	-0.02797092	-0.01987337	-0.03595094	0.21071953	0.05121897	-0.01663838	-0.06584255	-0.10946467	-0.02600209	-0.02984307	-0.00596295	0.03347811	-0.08734306	-0.07952569	-0.01793893	-0.02354332	0.00172554	-0.00075403	-0.00191311	-0.00428266	-0.03734492	0.05699240	-0.10059117	-0.03422337	-0.00692366	-0.03422337	0.06201966	0.08328580	0.08951394	0.08580248	0.01318892	0.04229298	0.05202329	-0.06543219	0.11601430	0.11254214
BishopPairValue	-0.06867288	-0.57514470	0.73169540	-0.12916503	-0.03097322	0.11627321	-0.05907476	-0.06765078	-0.05530961	-0.02902013	0.01889757	0.03043605	-0.01551605	-0.01204392	0.00272459	-0.00373248	0.00892644	0.00810598	-0.03319639	-0.08665115	0.05379175	-0.02040061	-0.02040061	-0.16011882	-0.61379522	-0.39249797	-0.45921813	-0.06618691	-0.03074162	-0.24884075	-0.12134279	-0.06962239	-0.05805981	-0.02331606	0.65240258	0.33049871	0.49704088	0.35501523	0.17321894	0.13797643	0.17850081	0.08458104	0.05052729	0.06020082	0.11141786	-0.13272471	-0.05485608	-0.09066483	0.00387373	-0.00021295	-0.04250561	0.03648143	-0.05981765	-0.04224559	-0.00929499	0.06484575	-0.02385963	-0.00559372	0.03006491	0.10445532	-0.01215079	0.00006730	0.00390109	0.00596105	0.11194617	0.11194617	-0.08351785	-0.21565452	-0.18810617	-0.22155211	-0.07064837	0.00000000	-0.10247330	-0.10576957	-0.04648004	0.00561498	-0.00834741	0.36592425	0.21383882	0.29105159	0.25816463	0.12360480	0.03782709	0.12609820	0.09958222	0.04123808	0.03114032	0.06443682	-0.04021287	-0.02320201	-0.05455435	0.00523268	-0.01320855	-0.00018354	-0.02492444	-0.00415877	0.02573244	-0.01283341	-0.06484575	-0.04287027	-0.02545621	0.00585512	0.03265005	-0.00552247	-0.00003792	-0.61473989	-0.46253510	-0.20429598	-0.02692233	-0.16559428	-0.15321630	-0.08505924	-0.02253191	0.77612782	0.57311504	0.34775066	0.00000000	0.03265021	0.17565257	0.17702209	0.13303237	0.07590439	0.00869332	-0.05125719	-0.04926759	-0.02234365	0.01871753	0.00000000	-0.10905115	-0.11835086	-0.06845997	-0.01290807	0.00794843	-0.02027994	0.02540731	0.06032356	0.06881411	-0.01682367	-0.01682367	-0.01682367	0.00000000	0.00000000	0.00000000	0.00000000	0.00000000	0.00000000	0.00000000	0.00000000	0.00000000	0.00000000	0.00000000	-0.05495819	1.00000000	-0.73133127	-0.02522739	0.02564870	0.00009519	-0.00006417	0.03640843	0.01246816	-0.11198859	-0.01643885	-0.03595392	-0.00660383	-0.14791176	-0.05511005	-0.18969268	-0.05501958	0.14972780	0.04105033	-0.02322769	-0.01376221	0.00021783	-0.00009519	-0.00024151	0.02392982	0.02303266	0.00782643	0.00034232	0.00036930	0.00235315	0.02498962	-0.00416102	-0.03415598	-0.02216862	0.02058334	-0.01398206	0.01714422	-0.00785109	-0.00056554	-0.02115310	-0.02808126
CandBishopOpenFilePawnScale	0.04877601	0.58315759	-0.66900831	0.07429391	0.04390709	-0.13077775	0.05383557	0.05765201	0.03975916	0.01574311	-0.01152781	-0.01361244	0.00650523	-0.00533773	-0.00908737	-0.00317450	-0.02900305	-0.00127461	0.05077816	0.07058385	-0.05513402	0.01091552	0.01091552	0.16747683	0.62451360	0.38402331	0.46329894	0.08217007	0.07066936	0.25593923	0.10899041	0.07346923	0.00675327	0.05431847	-0.63011221	-0.32246880	-0.49822543	-0.36301044	-0.13965262	-0.10662838	-0.19331086	-0.08862027	-0.04235580	-0.09390142	-0.09469037	0.09189162	0.05004604	0.12628668	-0.00342124	0.00157643	0.02071758	-0.05295956	0.09984318	0.02413276	-0.01215455	-0.01856408	-0.00299626	0.04806921	-0.02101955	-0.10841211	0.03008955	-0.00609060	-0.00194895	-0.02646660	-0.09891669	-0.09891669	0.09601140	0.21538879	0.17672139	0.22039377	0.05893535	0.00243045	0.10880083	0.07466084	0.05119188	-0.06007646	0.02143870	-0.29852210	-0.09855019	-0.18727965	-0.15959930	-0.12002121	0.02010975	-0.08565798	-0.00178515	0.02205482	-0.01674759	-0.02516975	0.00601478	-0.03758206	0.02624362	0.02975077	-0.03140830	0.03078248	0.01371515	0.06381213	0.01164334	-0.01744947	0.01856408	0.01478479	-0.00077684	0.03123759	-0.05485722	0.01825950	-0.01948346	0.63423900	0.46433402	0.21565389	0.04661601	0.15257317	0.13102957	0.05278417	-0.03212307	-0.77226961	-0.56376899	-0.30597122	0.00000000	0.04877881	-0.06565610	-0.05549366	-0.00483192	0.08108233	0.13662917	0.02620999	0.01583331	-0.01137914	-0.01829658	0.00000000	0.06589104	0.05736522	-0.00001475	-0.06096982	-0.02420702	0.04818842	0.00675005	-0.03845396	-0.06156029	0.00754932	0.00754932	0.00754932	0.00000000	0.00000000	0.00000000	0.00000000	0.00000000	0.00000000	0.00000000	0.00000000	0.00000000	0.00000000	0.00000000	0.06603300	-0.73133127	1.00000000	0.00048918	-0.00052215	0.00001438	-0.00000969	0.00131374	0.01455504	0.15462492	-0.02953186	-0.03941991	0.00596870	0.09503492	-0.01902669	0.13493219	0.08775826	-0.12857838	-0.02453260	0.03324518	0.02208531	0.02761354	-0.00001438	-0.04868464	-0.02870184	-0.00801768	-0.02180588	-0.02359008	-0.02970067	-0.01443355	-0.01854200	-0.01868169	0.05839465	0.04974237	0.02426171	0.02581119	0.02105308	0.01875356	-0.02693815	0.02958653	0.00938365
CandTempoMiddleGame	-0.05080736	-0.04174493	0.00572740	0.00865149	0.06087012	-0.01097452	-0.01137122	-0.01150743	-0.00927838	0.00517634	-0.00593661	0.03225617	0.04731173	0.09579790	0.06377340	0.07222129	0.05871601	0.05539661	-0.02744156	-0.04903464	-0.06716641	-0.02023596	-0.02023596	0.02082873	-0.01287830	-0.04903340	-0.01482578	0.00020899	-0.03434256	-0.03868496	0.01570930	-0.00064622	-0.03065229	-0.03312327	0.01189642	-0.05389118	-0.00350048	-0.02132392	0.05265939	-0.04380676	-0.02263018	0.01615914	-0.01741778	-0.05074967	-0.03857052	0.00123537	-0.04341871	-0.01637296	0.00354365	-0.01233819	0.00049290	-0.05035135	0.00965230	0.00813403	-0.04721148	-0.02919381	0.03035101	-0.01679168	-0.04954797	0.01366976	-0.02499373	0.06007846	-0.01037913	0.00905454	-0.10414865	-0.10414865	0.01066556	-0.04994232	-0.01296825	0.02815025	-0.07332254	-0.03949560	0.01344384	0.01306576	0.05705787	-0.05075362	-0.06147979	-0.00268714	0.03008216	-0.01367799	-0.01643265	-0.00197211	0.07232882	0.05677827	0.01668277	-0.07381506	-0.02496395	0.03632423	0.00068763	0.07495464	0.01163520	-0.03769990	-0.08212792	0.06446698	0.03211343	0.03273856	-0.01833788	-0.00630132	0.02919381	0.02419588	0.06053242	-0.07790466	-0.04810571	0.04292664	0.01828364	-0.04937263	-0.04048784	-0.02965399	0.01737839	-0.00535518	0.01026180	0.01223093	0.04244161	-0.02029253	-0.04584535	-0.05258551	0.00000000	-0.02018787	0.04134510	0.04345972	-0.00246448	-0.02959884	0.02509360	-0.01662801	-0.02451750	-0.05823621	-0.04677936	0.00000000	0.03031038	0.03631959	0.01831772	-0.01018232	0.02896096	0.01428118	0.00059932	-0.03956282	-0.03818140	0.05218714	0.05218714	0.05218714	0.00000000	0.00000000	0.00000000	0.00000000	0.00000000	0.00000000	0.00000000	0.00000000	0.00000000	0.00000000	0.00000000	0.02296507	-0.02522739	0.00048918	1.00000000	-0.98088289	-0.00850626	-0.00686883	-0.00264950	-0.04661575	-0.04390936	-0.00543436	0.00271386	0.01117504	-0.01775057	-0.03302016	0.02716607	0.00923129	-0.02478898	0.00725381	-0.01188851	0.05180104	-0.06224801	0.02720133	0.06901481	-0.05289655	0.01276713	-0.03717172	0.02703713	0.05161915	-0.00939739	-0.02091361	0.00932491	-0.01637618	-0.02390834	-0.01303085	-0.03786429	-0.00792077	-0.01887928	-0.01293227	-0.00067364	0.00901042
CandTempoEndGame	0.05460100	0.04077502	-0.00590380	-0.00738844	-0.06362173	0.01031874	0.01083846	0.01071344	0.00906048	-0.00552529	0.00549646	-0.03177063	-0.05827092	-0.10248073	-0.06628858	-0.07668953	-0.06315282	-0.07391608	0.02657490	0.05226476	0.06527102	0.02489424	0.02489424	-0.01955823	0.01426171	0.04754215	0.01372656	-0.00011872	0.03299067	0.03837345	-0.01414699	-0.00198223	0.03030921	0.03248360	-0.00855009	0.05617816	0.00561487	0.02264320	-0.05158270	0.05729089	0.02114823	-0.01894086	0.02170021	0.04614479	0.04894551	-0.00131865	0.04315924	0.01577686	-0.00708487	0.01176013	-0.00145889	0.04894875	-0.00993077	-0.00789155	0.04666469	0.02705491	-0.03588503	0.02372888	0.04944156	-0.02091033	0.02043801	-0.04764246	0.00941034	-0.00805229	0.11298530	0.11298530	-0.01796185	0.05056507	0.01144561	-0.02979961	0.06998784	0.04038303	-0.00763661	-0.00939052	-0.06418546	0.05195024	0.06286118	-0.00124887	-0.02512727	0.02443802	0.03061358	0.00210505	-0.03683348	-0.04699611	-0.02456777	0.06962046	0.01594066	0.00359573	-0.00401762	-0.07584107	-0.00932286	0.03095203	0.08147917	-0.06665266	-0.03390155	-0.03460327	0.01900764	0.00644290	-0.02705491	-0.03420287	-0.06214748	0.08587996	0.04863212	-0.04951893	-0.01884675	0.04813984	0.03938634	0.02900171	-0.01136870	0.00535083	-0.01104741	-0.01037206	-0.04406889	0.01766602	0.04542968	0.05179395	0.00000000	0.02226041	-0.03768961	-0.03554897	-0.00166840	0.02455970	-0.01719313	0.01628361	0.02408393	0.05741701	0.05280813	0.00000000	-0.02357638	-0.03218423	-0.01421858	-0.00547523	-0.02985292	-0.01590448	-0.00177384	0.03843995	0.03644886	-0.05386273	-0.05386273	-0.05386273	0.00000000	0.00000000	0.00000000	0.00000000	0.00000000	0.00000000	0.00000000	0.00000000	0.00000000	0.00000000	0.00000000	-0.03561274	0.02564870	-0.00052215	-0.98088289	1.00000000	0.02819482	-0.00612111	0.01139862	0.04915314	0.04324840	0.00898840	-0.00216130	-0.01479941	0.01724677	0.03368307	-0.02777647	-0.00832827	0.02338567	-0.00547141	0.01192299	-0.05470481	0.06452153	-0.02819482	-0.07153547	0.05144348	-0.01297681	0.03849687	-0.02626976	-0.05129573	0.00771834	0.02286677	-0.00910591	0.01550608	0.02091698	0.01101561	0.03410981	0.00683660	0.01895268	0.01095144	-0.00203820	-0.01053646
CandOppositeColorBishopMiddleGameScalePermille	0.11510205	0.03777281	0.00003121	0.00037073	0.00090521	0.03556711	0.06926123	0.07937051	0.06721262	0.03058642	0.05039547	-0.00079166	0.05414262	0.03164016	0.03217028	0.03704293	0.04852003	0.04389365	0.00097019	0.04800657	0.06974949	-0.00049582	-0.00049582	0.01540323	0.05039960	0.02789000	0.03216640	-0.00006212	0.00138900	0.01481421	0.00899724	-0.02178235	0.10190959	0.00090521	0.01663002	0.00616318	0.01133278	0.00380658	0.03092035	0.07358478	-0.02696358	-0.03289798	0.04737865	0.00175902	0.11865770	0.02908967	0.04576554	0.00649602	-0.02012916	0.11244677	-0.05489561	0.08522592	-0.04024296	-0.03451203	0.09451961	-0.03430889	-0.00079343	-0.03087106	0.00079780	-0.02965827	-0.00073475	0.07054713	0.03389017	0.05824650	0.00066319	0.00066319	0.01223243	0.02210404	0.03085014	0.04007983	-0.00062073	0.00000000	0.01639201	0.01826464	0.00107280	0.05881972	0.00000000	-0.01839152	0.03802105	0.00012661	0.02589178	-0.00005797	0.10087615	-0.10752959	-0.02121719	0.11898323	0.00108801	0.09778047	-0.02575349	0.00097760	-0.01888704	-0.02735707	-0.00057319	0.04334274	0.07046125	0.02111220	-0.00016858	0.00000000	0.03430889	0.00058818	0.02685012	-0.00030160	-0.04950583	0.00007218	0.07979307	0.04807324	0.04341245	0.05958429	0.07072673	0.02182883	0.02270451	0.02496631	0.00044064	0.03054775	0.04007702	0.01435995	0.00000000	0.16837166	-0.04624889	-0.02325243	-0.02435466	-0.00041457	0.04636792	0.02730692	0.01904182	0.03413830	0.00091833	0.00000000	-0.02600854	-0.02590963	-0.02539948	-0.06871870	0.00015779	0.00085190	0.00075944	0.00131592	-0.03306248	0.00032901	0.00032901	0.00032901	0.00000000	0.00000000	0.00000000	0.00000000	0.00000000	0.00000000	0.00000000	0.00000000	0.00000000	0.00000000	0.00000000	-0.02797092	0.00009519	0.00001438	-0.00850626	0.02819482	1.00000000	0.53962656	0.00835673	0.00114408	0.00107766	0.04318593	-0.00040131	-0.03456762	0.03432811	0.04140199	0.00000000	-0.00072633	-0.01988074	0.05121696	0.06102066	0.07117044	-0.00057225	0.00025006	0.00063445	0.00172787	0.14749692	0.03453747	-0.00089929	-0.00097019	0.01360013	-0.00097019	-0.02270341	0.06432425	0.05823842	0.02278236	0.03673180	0.00082556	0.02062533	0.00148572	0.03718191	0.11022411
CandOppositeColorBishopEndGameScalePermille	0.02146286	0.05661328	-0.00002104	0.04259520	-0.00061025	0.01139199	0.04599755	0.05257967	0.04493562	0.02041478	0.06718988	0.00053370	0.07174928	0.03022335	0.06315421	0.08520075	0.09667433	0.11689939	0.02841509	-0.00007064	0.02532875	-0.01182064	-0.01182064	0.00634200	0.02115815	0.03417409	0.02042190	0.00004188	-0.00093640	0.00421255	0.01236138	-0.00023309	0.06779278	-0.00061025	-0.02259311	0.01127657	-0.00764004	-0.00256622	0.00099652	0.04838259	-0.01877814	-0.01428418	0.02085372	0.02037501	0.07847490	0.01956195	-0.01948736	0.01143763	0.01357015	-0.00037715	-0.03785025	0.02892957	-0.01089000	-0.02289139	-0.00070888	0.00020063	0.00053489	0.00033278	-0.00053784	-0.01882953	0.00049534	0.04779802	-0.01540814	-0.02711481	-0.02694163	-0.02694163	0.08212653	0.07318632	0.05538447	0.03276607	0.00041847	0.00000000	0.01094078	0.06269096	-0.00072323	0.03970314	-0.00000000	0.02498625	0.02996617	-0.02057084	-0.04508173	0.00003908	0.06699355	-0.04193454	-0.14071132	0.08110023	0.05515096	0.06501889	0.03507796	0.05109492	-0.02703125	0.03679399	0.02416579	0.02856955	0.04656110	0.01323708	0.00011365	0.00000000	-0.00020063	0.01470922	-0.01810111	0.02053607	-0.04812618	0.03887891	0.02679567	0.04080183	0.03695287	0.03900609	0.02361754	0.05858907	0.06000157	0.05007524	-0.03990506	0.01018154	0.01694950	0.00794069	0.00000000	0.11493619	-0.01547280	0.00000000	0.01641879	-0.04443743	-0.09346631	0.03586828	0.02437192	0.02113799	0.02189338	0.00000000	0.01753376	0.01746708	0.01712316	0.00020180	-0.00010638	-0.00057431	-0.00051198	-0.00088713	0.01057346	-0.00022180	-0.00022180	-0.00022180	0.00000000	0.00000000	0.00000000	0.00000000	0.00000000	0.00000000	0.00000000	0.00000000	0.00000000	0.00000000	0.00000000	-0.01987337	-0.00006417	-0.00000969	-0.00686883	-0.00612111	0.53962656	1.00000000	0.01399841	0.02208170	-0.00072651	0.08618887	-0.00956740	-0.04669529	0.02234637	0.02784162	0.00000000	0.00048966	-0.00002518	0.05125602	0.04093214	0.04644542	0.00038578	-0.00016858	-0.00042772	0.00318972	0.00403324	0.03129618	0.00060626	0.00065406	0.00861291	0.00065406	-0.01492767	0.04227257	0.02946772	0.02905222	0.02373236	-0.00055656	-0.01390465	-0.00100160	0.01956215	0.02399114
CandEndgamePawnAdvancementRankMultiplier	0.02178022	0.01450311	0.00985923	-0.01767587	-0.05535026	0.12502094	-0.02044696	-0.01032673	-0.00746421	0.01643322	0.02699067	-0.00317736	-0.02207301	-0.01192110	0.00316835	0.03652272	0.03334701	0.01439686	0.03572659	0.02015672	-0.02436250	-0.02092457	-0.02092457	0.04161361	0.01409289	0.02851428	0.02402267	-0.00515835	-0.00515392	0.00353770	0.00589019	0.02824997	0.02025239	0.01994768	0.02707140	0.00110209	0.01376078	0.01557524	0.00661578	-0.01222303	-0.00476723	-0.01770621	0.00971425	0.00439955	0.00065075	0.02959965	0.02302175	-0.00387305	0.00417201	0.04180034	0.00221823	0.00253930	-0.01608999	0.00253219	0.04163705	0.01843275	0.01507534	0.00259873	0.00604616	-0.01783819	-0.05286244	-0.00879875	0.02168542	-0.05451191	0.06446829	0.06446829	0.14292820	0.00900993	0.02010574	0.00666531	0.01687133	0.00175777	-0.01222257	-0.00535803	0.00579302	0.00979701	0.07478908	-0.01829027	-0.05230843	-0.00022907	0.01133813	0.04533996	0.01238368	-0.03504629	-0.05211884	-0.01433469	-0.01394931	0.04332250	-0.04270268	0.09095534	-0.01340086	-0.05262531	0.00668514	-0.06067938	0.00155648	-0.06704935	-0.00278005	0.01261994	-0.01843275	-0.01266672	0.03160483	-0.02441704	0.02027960	-0.04564083	-0.06713410	0.01106862	0.01177273	0.02857162	0.01389705	0.01129433	0.01249147	0.04177059	0.06102522	0.02877970	0.01830757	0.00524783	0.00000000	0.01777122	-0.02540666	-0.03965099	-0.11465192	-0.13649846	-0.08734372	-0.04248378	-0.02075390	-0.01620574	0.00403297	0.00000000	0.01894918	0.00969852	0.00956625	0.03703696	0.04372858	-0.00775546	-0.00502396	0.00645430	0.00553567	-0.05387120	-0.05387120	-0.05387120	0.00000000	0.00000000	0.00000000	0.00000000	0.00000000	0.00000000	0.00000000	0.00000000	0.00000000	0.00000000	0.00000000	-0.03595094	0.03640843	0.00131374	-0.00264950	0.01139862	0.00835673	0.01399841	1.00000000	0.03790052	0.00414596	-0.01295544	0.01067990	0.06405186	0.04411461	-0.02322496	0.01986277	0.05448199	0.03768756	0.29050443	0.00504104	0.02313621	0.00008330	-0.00003640	-0.00009236	0.02164350	0.01985312	0.03521561	-0.00628099	0.05394296	-0.01486963	0.05125287	0.03874390	0.02656271	-0.01059782	0.00901311	0.02307569	0.01285125	-0.03014769	0.02803190	0.01278988	0.04687357
CandPieceAttackScalePercent	0.10831063	-0.07172761	0.00408745	-0.03759386	-0.08594946	-0.01751764	0.06171084	0.02351570	0.00628537	-0.01616760	0.06609174	0.03045153	0.04251696	0.04702222	0.05274034	0.04898505	0.06257301	0.15265990	-0.05558538	0.09286642	0.02459154	0.04198589	0.04198589	0.06826552	-0.05874262	0.00466830	-0.06884746	-0.03340070	0.11469126	-0.03446593	-0.10755149	0.06028718	0.00834846	0.07084908	-0.02172849	0.04162023	0.00406880	0.01710695	-0.02068693	0.04510409	0.03279592	0.02953650	0.05659678	-0.00804783	0.05459436	0.02937265	-0.06559346	0.00506648	0.07860285	-0.05943795	-0.12516144	0.01790634	-0.01383641	-0.01903084	0.05854234	0.01288810	-0.04656367	0.01770096	0.01566260	-0.05947818	-0.00770547	-0.03514389	0.04501868	0.07622965	0.02360382	0.02360382	0.01631139	-0.04208684	-0.01604025	-0.06315298	0.02387664	-0.01432305	-0.05841357	-0.03014847	0.02119448	0.02510160	0.03715934	0.03035790	0.03693965	0.00800258	-0.01429850	-0.03117139	0.04746340	0.00040854	0.01206103	-0.02942682	0.02311576	0.06276901	-0.07365308	-0.01585523	0.00312131	-0.03627835	-0.00933167	0.00505671	-0.01839095	-0.01718836	-0.02208170	0.00000000	-0.01288810	-0.05584756	-0.00980607	0.03715495	-0.01113390	0.01434669	-0.02071203	-0.04381271	-0.01790777	0.04083124	0.02886047	-0.06670506	-0.06980529	-0.06797830	-0.01197166	0.00463487	0.03987912	0.00959761	0.00000000	0.00484486	0.00052767	0.01182048	0.01348267	-0.00372318	0.04585270	-0.00214875	0.03758208	-0.00081847	-0.03249455	0.00000000	-0.04427594	-0.04829467	-0.03160599	-0.01602113	-0.00072192	-0.08384883	-0.04923065	-0.03150446	-0.00775219	-0.02380571	-0.02380571	-0.02380571	0.00000000	0.00000000	0.00000000	0.00000000	0.00000000	0.00000000	0.00000000	0.00000000	0.00000000	0.00000000	0.00000000	0.21071953	0.01246816	0.01455504	-0.04661575	0.04915314	0.00114408	0.02208170	0.03790052	1.00000000	0.06811399	-0.04905180	-0.07729382	-0.00606280	-0.00841814	0.00677039	-0.04222182	0.01563091	-0.03054720	-0.06182964	0.08181783	0.01852750	0.00261814	-0.00114408	-0.00290275	0.00632370	-0.10642907	0.05329298	0.00411444	-0.01748117	0.01375754	0.00443879	-0.02151541	0.00060002	0.04642530	0.03158172	0.01478737	0.00865780	0.01277465	0.02197482	-0.00434369	-0.01013797
CandRookOpenFileMiddleGame	0.09146834	0.05548575	-0.17442195	0.14082504	-0.00390108	-0.05982300	0.10443301	0.08858607	0.07187345	0.03606855	-0.03179597	-0.07846920	-0.00151373	-0.01112264	-0.00847432	-0.00626035	-0.00025847	0.00561869	0.05899979	0.10483073	0.02223880	0.04098720	0.04098720	0.13962338	0.07604217	0.08615911	0.01211271	-0.02329126	0.07610738	0.04266274	-0.01757109	0.04046947	0.03781072	0.10706298	-0.21282165	-0.03011192	-0.09325012	-0.04243662	-0.06344147	0.04619750	-0.00073826	0.00658475	0.02801166	0.02549836	0.02215977	0.23272914	0.33073425	0.33246460	-0.09511178	0.14224481	-0.07447217	-0.04507801	0.09982188	-0.04158591	-0.03675613	0.05404913	0.07636504	0.05711101	-0.04666108	-0.04095021	-0.04186770	0.01295355	0.01943792	-0.01143900	-0.02826324	-0.02826324	0.07228000	0.00610032	0.03652492	0.02091404	-0.06687680	-0.02914163	0.03619986	-0.00359601	0.02193096	0.00015853	0.03024169	-0.02534694	-0.00230212	-0.02499050	0.00048165	-0.08769632	0.03128347	0.00723162	-0.01126070	0.01933507	-0.00468883	0.01386328	-0.03624045	0.03548777	0.03140352	-0.07449219	0.02071150	0.05333513	-0.01331454	0.04071799	0.01235066	0.00000000	-0.05404913	0.03222833	-0.02141756	0.00649891	-0.02422640	-0.02021879	-0.00042931	0.06426681	0.05843219	0.10763192	0.02335862	0.00902068	0.01191490	0.01216280	-0.00696290	-0.19722542	-0.11762577	-0.03034414	0.00000000	-0.05385021	-0.02336083	-0.01603326	-0.00921139	-0.00107196	-0.00099416	0.15526950	0.18275642	0.29459532	0.21191073	0.00000000	0.02230488	0.02009866	0.03427558	0.03077578	0.00294672	-0.01270847	0.02000090	-0.00405074	0.06159993	0.00614417	0.00614417	0.00614417	0.00000000	0.00000000	0.00000000	0.00000000	0.00000000	0.00000000	0.00000000	0.00000000	0.00000000	0.00000000	0.00000000	0.05121897	-0.11198859	0.15462492	-0.04390936	0.04324840	0.00107766	-0.00072651	0.00414596	0.06811399	1.00000000	0.07186527	-0.30014051	-0.04195065	0.01199507	0.00334128	-0.00357935	-0.01565088	-0.02247890	-0.00795151	0.04131489	0.00716797	0.00246614	-0.00107766	-0.00273423	0.06548612	0.18800725	-0.01955316	-0.00498287	-0.09616502	-0.06770418	-0.02926761	0.04372684	0.00088959	0.06144886	0.05890926	-0.00329384	0.12610474	0.06053933	0.00823218	0.10349687	-0.03200824
CandRookOpenFileEndGame	-0.03454709	-0.03075866	-0.05607931	0.36160368	-0.13913286	0.03637024	-0.04863574	-0.05162931	-0.05293332	-0.04579494	-0.00598710	0.00135366	0.00037180	0.02271945	0.03577548	0.03562872	0.08111877	0.09678998	0.01216549	0.02285733	-0.01107167	0.00470148	0.00470148	0.03994905	-0.01101268	-0.02809402	-0.01228190	0.00807284	-0.07023376	0.00618267	-0.00759485	-0.00650323	0.00605856	-0.05314222	-0.00678417	-0.01053847	0.00165814	-0.00708187	-0.00439725	0.00621349	0.01461658	-0.00964130	-0.00903865	0.00382805	0.00226089	0.02167225	0.13194611	0.06223257	-0.05705297	0.01100072	-0.07820219	-0.02962675	0.00854119	-0.00867075	-0.01178685	-0.07218629	-0.04160509	-0.00564875	0.01812395	-0.00160016	-0.09646040	-0.02237229	-0.05323197	-0.01521874	-0.08093405	-0.08093405	-0.02221870	-0.04245051	-0.05033553	-0.03904724	0.04749713	-0.07226577	0.02774991	-0.02726753	-0.01829676	0.01264279	-0.07499373	-0.07630477	-0.05860253	-0.08573210	-0.04745759	-0.01972723	0.00941626	-0.03710291	-0.04861084	-0.06280463	0.02471658	0.00923674	0.42598148	0.35213515	0.43467025	0.04968711	0.11406772	-0.08785345	-0.09279000	0.00526910	-0.04295030	-0.04323610	0.07218629	-0.02974110	0.05674737	0.02307822	0.05881080	-0.07108910	-0.01294549	-0.01422514	-0.01274678	-0.00147475	-0.01921414	-0.03500114	-0.03165974	0.01034107	0.00552534	-0.01483102	-0.00858690	0.00896688	0.00000000	0.03802450	-0.08115198	-0.07951897	-0.06388187	-0.08081091	-0.08914610	0.13399653	0.09327500	0.12885521	0.24824245	0.00000000	0.31720514	0.32950384	0.45470664	0.50503426	0.33699056	-0.06868786	-0.04458452	-0.02434924	-0.02146945	-0.09432503	-0.09432503	-0.09432503	0.00000000	0.00000000	0.00000000	0.00000000	0.00000000	0.00000000	0.00000000	0.00000000	0.00000000	0.00000000	0.00000000	-0.01663838	-0.01643885	-0.02953186	-0.00543436	0.00898840	0.04318593	0.08618887	-0.01295544	-0.04905180	0.07186527	1.00000000	-0.05857646	-0.22940179	-0.01903714	-0.02218374	0.01331416	0.02452870	0.02015811	0.06065060	0.01274973	-0.10672618	0.04757324	-0.00042758	-0.02820632	-0.00847690	0.06353708	-0.06770800	0.03448861	-0.01216549	-0.00775165	0.01548335	0.01485730	-0.01224507	-0.01968402	0.01032561	0.05250651	-0.01317525	0.07371713	-0.00254044	0.01896008	-0.04433282
CandRookSemiOpenFileMiddleGame	-0.17138047	-0.03885103	0.00005008	0.03768344	0.00145272	0.17061884	-0.17092872	-0.14955982	-0.09883207	-0.07967876	-0.08332092	0.02182912	-0.02731365	-0.01727900	-0.01378196	-0.02002781	-0.01138378	-0.00564296	-0.09595130	-0.16144251	-0.11901067	-0.10601343	-0.10601343	-0.08507821	-0.03604902	-0.05077956	-0.01535436	0.00352555	-0.07882926	0.01404333	-0.00151203	-0.05109875	0.02816052	-0.09832978	-0.03612227	0.00321180	-0.06289818	-0.05842193	-0.04845797	-0.03565265	-0.00278416	-0.02675589	-0.01536690	-0.02050702	-0.02962874	0.00429698	0.00047656	0.16402975	-0.07586461	-0.00318311	0.06580278	0.01647765	0.01358191	0.00205087	0.07327865	-0.02528776	-0.00590356	-0.00744001	-0.01534744	-0.02449141	0.01311362	0.01519352	-0.08567211	-0.02855063	-0.05053884	-0.05053884	-0.03726398	-0.02012746	-0.02632910	-0.04565424	-0.01005221	0.01233181	-0.00105892	-0.00585692	-0.04322599	0.00208766	-0.03839198	0.03994847	0.00796711	-0.00570783	-0.02421371	-0.01024287	0.00850895	0.03116473	0.00712107	-0.02898387	-0.00430091	-0.00247057	0.03534903	0.01136896	0.06219687	0.01169568	0.00679928	-0.04925087	0.00402761	-0.01813528	-0.00027054	0.00491869	0.02528776	-0.01049769	0.00221411	-0.00928445	-0.00713440	0.00222191	0.00887995	-0.04394028	-0.01836105	-0.00932480	0.01064004	-0.00780110	0.00710159	-0.01785016	0.00499294	0.02016349	0.00151765	-0.00936922	0.00000000	0.01066001	-0.03047277	-0.02035430	-0.01448947	-0.00308461	0.00373578	0.00858449	-0.00030868	0.07986817	-0.02532184	0.00000000	0.03804456	0.04536062	0.06030062	0.00201511	-0.00281621	0.01283984	-0.03571392	-0.07056783	-0.02643794	-0.00267202	-0.00267202	-0.00267202	0.00000000	0.00000000	0.00000000	0.00000000	0.00000000	0.00000000	0.00000000	0.00000000	0.00000000	0.00000000	0.00000000	-0.06584255	-0.03595392	-0.03941991	0.00271386	-0.00216130	-0.00040131	-0.00956740	0.01067990	-0.07729382	-0.30014051	-0.05857646	1.00000000	0.19195082	0.01325280	-0.02103167	0.04241065	-0.01176237	0.02112788	0.00329521	-0.17292222	-0.06458604	-0.00091836	0.00040131	0.00101819	-0.06507790	-0.02948855	-0.02627016	-0.03892931	0.01731558	0.07088910	-0.03930213	0.04698536	0.02075896	-0.05444819	-0.02831240	0.00122659	-0.09770710	-0.01153429	-0.04716015	-0.01973999	0.03329878
CandRookSemiOpenFileEndGame	-0.15408586	0.01242252	-0.02591991	0.10256089	-0.02799877	0.04528330	-0.02685017	-0.03074807	-0.02706891	-0.04215004	-0.04333527	0.00013697	-0.18994130	-0.16423956	-0.13076268	-0.15406348	-0.15781464	-0.24819894	-0.02254829	-0.06631848	-0.04672709	-0.04670472	-0.04670472	-0.01983496	-0.00022993	0.01420847	-0.01204881	0.00001075	-0.00024031	-0.00620713	-0.00313295	-0.01154504	0.05242743	-0.00015661	-0.02624512	0.00130986	-0.03200970	-0.01055276	-0.02496814	0.01241664	-0.00600463	0.00756322	-0.01903609	0.02182872	0.00658321	0.03015304	0.00374933	0.03743827	0.00003874	-0.00977567	0.01910317	0.02091872	-0.00418864	0.00597097	0.00790359	-0.06467617	-0.02914740	-0.01568149	0.01563669	-0.04468638	-0.02247206	0.01226662	-0.17004750	-0.14043888	-0.10890532	-0.10890532	-0.12440591	0.02631760	0.04158494	-0.01204864	0.00010739	-0.00000000	-0.01976735	0.01288056	-0.05348773	0.11710893	-0.01517598	-0.00973964	-0.01954935	0.01574994	0.00647765	-0.00801423	-0.00012992	0.04529988	0.02898675	-0.07854338	0.08586302	0.00828529	0.09993367	-0.05080621	0.10361508	0.08950462	-0.00600344	-0.04457555	0.01712199	0.00339709	0.00002917	0.01166587	0.06467617	0.04254144	-0.01387840	0.03136068	-0.03744992	0.04494322	0.02755848	-0.02442152	-0.01964957	-0.02554804	-0.00003812	0.05642371	0.05405169	-0.00861207	0.03041810	0.00524561	-0.00919049	-0.01379015	0.00000000	0.02949659	-0.05585138	-0.06436689	-0.04162064	-0.01140418	-0.05591571	-0.01865384	-0.00329445	-0.00873907	-0.00593636	0.00000000	0.14416715	0.15689290	0.11092515	-0.00586687	-0.00730721	0.00892269	0.00570826	0.00952954	0.01474017	-0.03800508	-0.03800508	-0.03800508	0.00000000	0.00000000	0.00000000	0.00000000	0.00000000	0.00000000	0.00000000	0.00000000	0.00000000	0.00000000	0.00000000	-0.10946467	-0.00660383	0.00596870	0.01117504	-0.01479941	-0.03456762	-0.04669529	0.06405186	-0.00606280	-0.04195065	-0.22940179	0.19195082	1.00000000	0.01740885	0.06437763	0.00000000	0.00012566	-0.00172949	-0.08811571	-0.01055725	0.06038505	0.00009901	-0.00004326	-0.00010977	-0.01035673	0.00802288	0.03040404	0.01793706	0.04492873	0.00905538	0.00016785	0.01168684	0.00645312	-0.01399552	-0.00964031	-0.02502334	-0.03823122	0.01054645	0.02911964	-0.02552156	0.01246369
KnightOutpostMiddleGame	0.05176410	0.21059284	-0.16426836	-0.05089329	0.01143262	-0.05743142	0.04805588	0.04481752	0.04449404	-0.01062453	0.00754999	-0.02483291	0.00079547	0.00267606	-0.00963041	-0.02008889	-0.00532029	-0.00835530	0.03406903	0.03812528	-0.06453282	0.06806538	0.06806538	0.08079017	0.19271750	0.37060056	0.22004454	-0.03337819	-0.03005083	-0.12614955	0.14316877	0.38729327	0.35693657	-0.02249206	-0.16739279	-0.09716297	-0.12439360	-0.09819971	-0.00197383	-0.05117128	0.00010400	-0.02995941	-0.04846969	0.00663421	-0.02248058	-0.02458445	-0.00569831	-0.10238628	-0.00954211	0.04585261	0.01725184	0.04870250	-0.01096490	-0.03109707	0.01328037	-0.00503323	-0.01596784	-0.00908059	0.07884428	-0.04166513	0.03477834	0.02427212	0.00558751	-0.00801805	0.00506204	0.00506204	0.04510755	0.12777238	0.22954413	0.07985713	-0.04040788	-0.02850999	-0.03870233	0.16326967	0.15333922	0.11919805	-0.02218966	-0.06678808	-0.04298658	-0.04642077	-0.05359237	-0.01550675	-0.00177300	-0.02195653	0.00426564	-0.00651719	-0.00256883	-0.00157636	-0.04112774	-0.02577419	-0.03995940	0.01409350	-0.00459533	-0.00113845	-0.00332792	-0.00517968	-0.02234637	-0.02274311	0.00503323	0.01750553	-0.01839395	0.01597142	-0.04214245	0.00469864	0.01320481	0.21092256	0.18621374	0.09699582	0.03515172	0.08049461	0.08957014	0.14190090	0.16740133	-0.17734137	-0.14961842	-0.11104796	0.00000000	-0.02607364	-0.03473883	-0.04705725	-0.03997659	-0.03817353	-0.00054466	-0.06899898	-0.05116415	-0.01156982	0.01472695	0.00000000	0.00431488	0.00000000	-0.00060575	0.01224542	-0.01456504	0.02451239	0.00389925	0.05395936	-0.02451622	-0.00817496	-0.00817496	-0.00817496	0.00000000	0.00000000	0.00000000	0.00000000	0.00000000	0.00000000	0.00000000	0.00000000	0.00000000	0.00000000	0.00000000	-0.02600209	-0.14791176	0.09503492	-0.01775057	0.01724677	0.03432811	0.02234637	0.04411461	-0.00841814	0.01199507	-0.01903714	0.01325280	0.01740885	1.00000000	0.37645107	0.70735680	0.20995335	-0.02864062	-0.01577292	0.03043646	0.03274519	0.00135110	-0.00059041	-0.00149798	0.09178223	0.03796570	-0.02162020	0.05412189	0.08955390	-0.01876591	0.00229066	0.03847754	0.03022243	-0.05917852	0.00731399	0.06491906	-0.03598270	-0.06589587	0.01080992	-0.05057409	-0.00204409
KnightOutpostEndGame	0.08588589	0.25139827	-0.15996940	-0.06138070	0.01644468	-0.04711513	0.03897013	0.03238482	0.01838927	-0.01261296	0.01026165	-0.03256350	0.03859381	0.02191202	0.01286021	-0.01891672	0.02964096	0.02685911	0.01762503	0.02968221	-0.00036787	-0.00362428	-0.00362428	0.02929565	0.11129703	0.19239792	0.11470776	-0.02053188	-0.03309915	-0.01612317	0.10360328	0.12571010	0.20911243	-0.02513479	-0.09068161	-0.03250115	-0.05978269	-0.04659230	-0.00639123	-0.00018778	-0.03125194	-0.01108739	-0.00008094	0.00624711	0.00786509	-0.01802348	-0.02339886	-0.04620129	0.03707595	0.01144791	0.02282293	0.00886999	0.01997537	-0.02470898	-0.00021735	-0.08430002	-0.02170286	-0.05013003	0.01868147	-0.05933950	0.01365172	0.01465517	0.03861212	0.01702303	-0.04075403	-0.04075403	0.04785147	0.30152503	0.51372687	0.38277208	-0.05119351	-0.03494301	-0.08767244	0.34500862	0.49558102	0.41972181	-0.02719656	-0.14671568	-0.18297565	-0.19054916	-0.19632344	-0.05750844	-0.08293867	-0.09897203	-0.10795465	0.01002794	-0.04306119	-0.04028441	-0.05985931	-0.03491353	-0.05908754	-0.00559844	-0.00717243	-0.00009967	-0.00220422	-0.00436389	-0.02784162	-0.02787488	0.08430002	0.06935116	-0.11034333	0.11227698	-0.07972625	0.04175911	0.07410621	0.07664389	0.07804092	0.06961400	0.08739641	0.34161517	0.35550907	0.43588867	0.43709511	-0.05349391	-0.04602997	-0.03808682	0.00000000	-0.03480239	-0.21453160	-0.23070115	-0.18413368	-0.17129540	-0.07634015	-0.07221144	-0.03435868	0.00648104	0.02051758	0.00000000	-0.00538942	-0.01071103	-0.02126543	0.10612890	-0.01742751	0.03233253	0.02077328	0.02692798	0.00324189	-0.00913549	-0.00913549	-0.00913549	0.00000000	0.00000000	0.00000000	0.00000000	0.00000000	0.00000000	0.00000000	0.00000000	0.00000000	0.00000000	0.00000000	-0.02984307	-0.05511005	-0.01902669	-0.03302016	0.03368307	0.04140199	0.02784162	-0.02322496	0.00677039	0.00334128	-0.02218374	-0.02103167	0.06437763	0.37645107	1.00000000	0.24893066	0.51060123	-0.03500277	-0.02899790	0.03771306	0.04319183	0.00011828	-0.00005169	-0.00013114	0.08108627	0.00374116	-0.01736552	0.06391751	0.05367724	-0.02189285	0.05367724	0.02786706	0.01558672	-0.00501358	0.02025485	0.08162123	-0.01154688	-0.02112655	0.01724135	-0.00920587	-0.00771374
KnightSupportedOutpostMiddleGame	-0.00338919	0.21229930	-0.19174368	-0.03518138	0.01670323	-0.04356462	-0.01427075	-0.01225007	-0.00463154	-0.02527110	0.00000000	0.00000000	0.01666631	0.01587459	-0.00326560	-0.02261664	-0.00996011	0.00000000	0.02685321	0.02983147	-0.07945982	0.04865611	0.04865611	0.07210521	0.21052010	0.32625250	0.19707911	-0.02579122	0.00000000	-0.09473517	0.14185185	0.26183082	0.33624132	-0.00000000	-0.16472366	-0.14730338	-0.10095218	-0.07234224	0.03026492	-0.07543357	-0.00568977	-0.03592848	-0.06827761	-0.01327819	-0.05692883	-0.03015560	-0.00816609	-0.02678724	-0.03305665	0.02322644	0.05762658	0.01156520	0.03344923	0.02131960	0.01940283	-0.01412066	-0.00878432	0.01261196	0.02839099	-0.05977373	0.05423134	0.01468142	-0.03206922	-0.03741976	-0.03671229	-0.03671229	0.01011927	0.10849723	0.18453851	0.12068464	-0.01288557	0.00000000	-0.03724436	0.15781945	0.13704567	0.04887156	0.00000000	-0.10465185	-0.07003631	-0.05887429	-0.06032167	-0.02888376	-0.02078477	-0.02562506	-0.02603604	-0.00496721	-0.01720813	-0.03023915	-0.01636564	-0.03286853	-0.00408142	0.03390443	-0.01464445	-0.02669198	0.02896414	0.00845864	0.00000000	0.00000000	0.01412066	-0.00930282	0.01107827	-0.00000000	-0.04015357	0.01198671	0.02481508	0.21899161	0.16312437	0.07009209	-0.01463626	0.07223149	0.08348064	0.11331121	0.10976606	-0.21795886	-0.15975601	-0.11123451	0.00000000	0.00000000	-0.02394190	-0.03378844	-0.02999690	0.00688469	0.00000000	-0.01671327	-0.01909589	0.00339889	-0.00693212	0.00000000	-0.02702906	-0.02689261	-0.02662940	0.01420302	-0.01746962	0.01088276	-0.00700672	0.00780481	-0.05411327	0.00910643	0.00910643	0.00910643	0.00000000	0.00000000	0.00000000	0.00000000	0.00000000	0.00000000	0.00000000	0.00000000	0.00000000	0.00000000	0.00000000	-0.00596295	-0.18969268	0.13493219	0.02716607	-0.02777647	0.00000000	0.00000000	0.01986277	-0.04222182	-0.00357935	0.01331416	0.04241065	0.00000000	0.70735680	0.24893066	1.00000000	0.37694401	0.00206738	0.01320747	0.02527110	0.02907574	0.00000000	0.00000000	0.00000000	0.06838455	0.05785193	-0.01283821	-0.00000000	0.08055963	-0.03558968	0.02685321	0.04189288	0.09493070	-0.05408420	0.02507120	0.04479846	-0.03046694	-0.02116967	0.00000000	-0.01068834	0.03026861
KnightSupportedOutpostEndGame	0.01422662	0.16276008	-0.12680369	-0.04507288	0.03184358	-0.02368407	-0.02346224	-0.02656777	-0.04779389	-0.06585751	-0.01707147	-0.05978576	0.00179757	-0.00805184	-0.04363665	-0.07700422	-0.02456282	-0.01451659	-0.02849320	0.00465235	-0.02989950	0.01819842	0.01819842	0.01771594	0.10481934	0.13236534	0.09116285	-0.00920231	0.00403448	-0.00030590	0.08567781	0.04920926	0.14898353	0.00262929	-0.06816442	-0.04526093	-0.04906051	-0.03436372	0.00158802	-0.02374827	-0.03851238	-0.02878841	0.00682394	-0.01811458	-0.03940114	-0.04208872	-0.00581508	-0.02372386	0.01380375	-0.03899857	0.04213024	-0.03564131	0.04984488	0.01162156	0.00305424	-0.00086441	-0.04071446	0.02062477	0.01886944	-0.04432727	0.06900462	-0.02619167	0.01430288	-0.05072213	-0.03374620	-0.03374620	0.03995504	0.15117854	0.30022298	0.25594329	-0.02434009	0.00000000	-0.01752889	0.18770000	0.30673053	0.21358651	0.00000000	-0.11443278	-0.10188856	-0.06215115	-0.04247205	-0.05068667	-0.03417180	-0.04341815	-0.02367953	0.00677645	-0.02693714	-0.05094962	-0.01755595	-0.04593792	-0.00488987	0.01937118	-0.02727832	0.00140054	0.03097428	0.03913101	-0.00048966	0.00000000	0.00086441	-0.00642698	-0.03826784	0.02102494	-0.05600795	0.03165714	0.01475670	0.07767436	0.07514804	0.06113634	0.05183822	0.18184249	0.20384523	0.24367575	0.19326294	-0.09359091	-0.08249890	-0.05319320	0.00000000	-0.00307580	-0.09245971	-0.10975096	-0.07074057	-0.01324561	0.03417262	-0.01812374	0.00187035	0.02782135	-0.00945704	0.00000000	-0.03772495	-0.03762857	-0.03651508	0.02397192	-0.03009639	0.00247444	0.00220588	0.03112374	0.01754091	0.03281031	0.03281031	0.03281031	0.00000000	0.00000000	0.00000000	0.00000000	0.00000000	0.00000000	0.00000000	0.00000000	0.00000000	0.00000000	0.00000000	0.03347811	-0.05501958	0.08775826	0.00923129	-0.00832827	-0.00072633	0.00048966	0.05448199	0.01563091	-0.01565088	0.02452870	-0.01176237	0.00012566	0.20995335	0.51060123	0.37694401	1.00000000	-0.01073917	0.05174430	0.04464167	0.05415957	-0.00166215	0.00072633	0.00184284	0.08475606	-0.00051325	-0.00419691	-0.00261209	0.04414880	-0.07062649	0.04414880	0.04803353	0.08537003	0.00464746	0.05022822	0.08057343	-0.01092390	-0.02154924	0.00431542	0.02788095	0.04221997
IsolatedPawnMiddleGame	-0.03466506	-0.09898119	0.15037253	-0.05384150	-0.04419783	0.40562197	0.13596132	0.11642820	0.13213347	0.12421553	0.12943175	0.09470449	0.01323037	0.01354806	0.01790654	0.01977887	0.01425092	-0.00006491	-0.02590416	-0.02624716	0.05743556	0.12752986	0.12752986	-0.04470689	-0.13292776	-0.01824860	-0.06916823	-0.12740448	-0.10294176	0.02085601	0.04582828	-0.00335643	0.00493895	-0.07223769	0.16309395	0.04101449	0.09860561	0.07896903	0.04780097	0.02519052	0.05724226	0.00275921	-0.00863535	0.02043534	0.03883869	-0.08823315	-0.07146069	0.02618581	0.01886125	-0.01400870	0.00819857	0.02831965	0.04371194	-0.04341701	-0.01876944	0.02036256	-0.01568112	0.00914735	0.00441992	0.06606848	0.02937215	-0.01757776	-0.01385081	0.00619756	0.06250842	0.06250842	-0.04308176	-0.00113292	-0.01435856	-0.02609812	-0.02153841	-0.00841587	-0.00001218	-0.03319046	0.00860396	0.01172565	-0.03493426	0.04643435	0.00999770	0.06452494	0.06605245	-0.03462521	0.01484138	0.04755395	-0.01244086	-0.01538751	0.00190090	0.04341119	0.01169571	-0.00372891	0.02484350	0.02576789	0.01940142	-0.05341494	-0.02888069	-0.00619584	0.02016696	-0.01342709	-0.02036256	-0.03466774	-0.01330861	0.02106559	0.03868932	0.00142652	-0.01390064	-0.10371933	-0.03233056	0.03641286	0.01225210	-0.03032608	-0.02674749	-0.01237488	-0.01469003	0.17270093	0.11804145	0.02192861	0.00000000	0.00859287	0.01609381	0.01852113	0.01203000	0.00171297	0.00226239	-0.01209444	0.06401670	0.05684966	0.11290802	0.00000000	-0.05574995	-0.05675352	0.01528843	0.03410575	0.03139757	-0.04710459	-0.02363791	-0.01610609	-0.04437554	-0.01752005	-0.01752005	-0.01752005	0.00000000	0.00000000	0.00000000	0.00000000	0.00000000	0.00000000	0.00000000	0.00000000	0.00000000	0.00000000	0.00000000	-0.08734306	0.14972780	-0.12857838	-0.02478898	0.02338567	-0.01988074	-0.00002518	0.03768756	-0.03054720	-0.02247890	0.02015811	0.02112788	-0.00172949	-0.02864062	-0.03500277	0.00206738	-0.01073917	1.00000000	0.17669096	0.05452090	0.04863973	0.00008546	-0.00003735	-0.00009475	0.03640004	-0.11381660	-0.00191138	0.00525080	0.00014490	0.02685639	-0.01917455	0.11390289	-0.02984303	-0.05324772	0.02939274	-0.00548583	-0.01108296	0.05581071	0.11389276	0.05120417	0.04523871
IsolatedPawnEndGame	0.00830794	-0.01630155	0.05236146	-0.02742173	-0.00626966	0.28179828	0.02230102	0.02039448	0.01809436	0.02690832	0.05042955	0.02114932	0.22986894	0.21560497	0.20722920	0.16539695	0.20379136	-0.01990316	0.02070759	0.00976919	0.01616723	0.04535740	0.04535740	-0.01170456	-0.00377153	-0.00582314	-0.00357559	-0.00466264	-0.02196149	-0.00857446	-0.01202540	0.00237518	0.03133793	-0.01138776	0.02287417	-0.00492853	0.02314458	0.01209502	-0.00945389	0.01271262	0.01861102	-0.01250549	-0.00149437	-0.00020343	0.01601087	-0.01298231	-0.01925798	0.00218257	0.00914775	0.03843120	0.00273692	-0.01203096	0.00917311	0.00579769	-0.01917355	0.00903210	0.01446752	-0.01096544	0.01928362	0.01391975	-0.01568249	0.01372068	0.00882624	0.09445045	0.10664803	0.10664803	-0.05354483	-0.02257889	0.00675665	0.02485140	0.00078966	0.04301200	-0.01047845	-0.04446575	-0.02376082	0.11984596	0.04463566	0.05546355	0.08611444	0.06684414	0.06421783	-0.09138005	0.00541342	0.06023847	0.01901373	0.02823347	-0.06202130	0.02694768	-0.02407032	0.10618414	-0.03787763	-0.02579878	-0.02395073	-0.00879219	-0.03511964	-0.01649058	0.02594970	-0.03431170	-0.00903210	0.01065378	-0.04434104	0.04642604	0.00453695	-0.05702157	0.02268428	-0.01971120	-0.01595455	-0.00389857	-0.03167352	-0.00010375	-0.01183055	0.03294461	-0.07530230	0.01727712	0.01041254	-0.00330446	0.00000000	0.01212422	0.07057345	0.06211937	0.03404667	0.03428037	-0.02670560	0.00110959	0.00269157	0.02010030	0.04131360	0.00000000	-0.03648249	-0.03955321	0.04536739	0.14182063	0.03994619	-0.02109148	-0.01384785	-0.00406554	-0.04637160	0.01074278	0.01074278	0.01074278	0.00000000	0.00000000	0.00000000	0.00000000	0.00000000	0.00000000	0.00000000	0.00000000	0.00000000	0.00000000	0.00000000	-0.07952569	0.04105033	-0.02453260	0.00725381	-0.00547141	0.05121696	0.05125602	0.29050443	-0.06182964	-0.00795151	0.06065060	0.00329521	-0.08811571	-0.01577292	-0.02899790	0.01320747	0.05174430	0.17669096	1.00000000	0.03852343	0.02527984	0.02568752	-0.02576754	-0.03847290	-0.01534568	-0.03092521	-0.00324002	0.02075615	0.06705967	0.00450886	0.00946241	-0.01390625	-0.01315021	-0.03590025	-0.03456967	0.00360330	0.00128363	0.00100543	-0.00729024	-0.02156854	-0.00805740
RookBehindPassedPawnMiddleGame	0.09637172	0.02887604	-0.07597665	0.06423214	-0.04951552	-0.01100146	0.27683630	0.27489447	0.25100705	0.19436985	0.18240572	-0.04769326	0.00776614	0.01332079	0.02350157	0.01613288	0.02886908	-0.03993385	0.15684720	0.10560428	0.06313664	0.03870288	0.03870288	0.03340443	0.02905233	0.07069732	0.02983657	-0.09068894	-0.02499525	0.03370987	-0.02765278	0.01998811	0.08172880	-0.01279202	-0.03580496	0.00042833	-0.02627313	-0.01264792	-0.02374493	0.02156014	-0.01486539	-0.03264174	0.11413445	-0.00107042	0.03507542	0.07069756	-0.08598608	0.07814170	0.13943557	-0.03438399	-0.06795182	-0.01456972	-0.02698955	0.00016926	-0.00063988	0.00018110	0.00048283	0.00030039	0.00645007	-0.07832494	0.02031917	0.00010759	0.00959398	0.00294803	0.01753312	0.01753312	0.01851225	0.01305347	0.04311675	0.01458596	0.00037773	-0.02571842	-0.00997507	0.03402093	-0.00065283	0.04479252	-0.01334463	-0.07402524	-0.04138663	-0.04014187	-0.01802304	0.01414715	0.03000776	-0.04724251	-0.02525029	-0.01416069	-0.00066209	0.02914188	0.01567184	-0.01227398	0.05935132	0.00836525	-0.04258065	-0.00029342	-0.02165126	-0.05004156	0.00010259	-0.04103240	-0.00018110	-0.00035793	-0.01633917	0.00936033	-0.03608489	0.00874068	-0.00006062	0.02738962	0.06324285	0.04414283	0.06422409	0.01318430	0.00657683	0.00745486	0.01760816	-0.06025899	-0.01248182	0.03102714	0.00000000	0.00064440	-0.04905893	-0.04952453	-0.02914658	-0.03002090	-0.00014038	0.04870827	0.08917393	0.03402597	-0.08184339	0.00000000	0.03167391	0.03941714	0.04668150	0.02099987	-0.00009602	-0.01646953	-0.02100199	-0.07515877	-0.04862017	-0.04024277	-0.04024277	-0.04024277	0.00000000	0.00000000	0.00000000	0.00000000	0.00000000	0.00000000	0.00000000	0.00000000	0.00000000	0.00000000	0.00000000	-0.01793893	-0.02322769	0.03324518	-0.01188851	0.01192299	0.06102066	0.04093214	0.00504104	0.08181783	0.04131489	0.01274973	-0.17292222	-0.01055725	0.03043646	0.03771306	0.02527110	0.04464167	0.05452090	0.03852343	1.00000000	0.36155210	0.00034823	-0.00015217	-0.00038609	0.07363186	-0.03691346	-0.01999078	-0.03072417	0.00059039	0.00376187	0.00059039	0.02063836	0.03429276	0.07829884	0.04626839	0.13085926	-0.00050238	0.01227193	-0.05256746	0.02884811	-0.00052684
RookBehindPassedPawnEndGame	0.15346125	-0.01420359	-0.06131732	0.07247486	-0.06045603	0.00955837	0.17213276	0.16213427	0.14713215	0.13781277	0.06833605	-0.05182508	0.10960737	0.09694373	0.09039885	0.09204585	-0.00245651	-0.10847517	0.01067973	0.07079221	0.07956435	0.07168620	0.07168620	0.03123180	0.00540403	0.00695303	0.00448239	0.00028271	-0.03410714	-0.01334616	0.01327660	-0.01706648	0.09143440	-0.01820371	-0.05204108	-0.01843253	-0.00496041	-0.00168294	0.01239811	0.02130778	-0.00922337	0.01717808	-0.01274796	0.01438702	0.03601879	0.04051808	-0.01548034	0.02177070	0.04979731	-0.08088379	-0.04171497	0.01976189	-0.04248974	-0.02270296	-0.00478542	-0.02245861	0.00361087	0.02351523	-0.02756996	-0.04646972	-0.01952000	0.00080466	0.10844750	0.09335510	0.10016739	0.10016739	0.01259081	-0.03198145	-0.01380640	-0.02027456	0.00282492	-0.02959040	-0.03463040	0.04021396	-0.05110483	0.05167782	-0.01535370	-0.03395686	-0.00243107	-0.04667290	-0.04610276	0.01650030	0.03163378	-0.03460489	0.01606264	-0.03051202	0.02406818	0.03095827	0.05280590	0.02578511	0.07907145	-0.02796869	0.02730485	-0.03220317	-0.02759738	-0.06041946	0.00076721	-0.04720994	0.02245861	0.02869963	0.03660567	-0.07253610	-0.00323761	0.02999297	-0.00045335	0.01475187	0.00875013	0.00635340	0.02367977	-0.04605015	-0.05640045	-0.04413464	-0.02257298	-0.02715448	-0.02713521	-0.01502397	0.00000000	0.00481921	-0.07215094	-0.07326076	-0.03249133	-0.05616481	0.03125310	0.05423290	0.04859459	-0.00060185	-0.07432091	0.00000000	0.03631715	0.04535150	0.03475851	-0.04654149	-0.05963939	-0.02222959	-0.02708838	-0.01915067	-0.04421364	-0.04756839	-0.04756839	-0.04756839	0.00000000	0.00000000	0.00000000	0.00000000	0.00000000	0.00000000	0.00000000	0.00000000	0.00000000	0.00000000	0.00000000	-0.02354332	-0.01376221	0.02208531	0.05180104	-0.05470481	0.07117044	0.04644542	0.02313621	0.01852750	0.00716797	-0.10672618	-0.06458604	0.06038505	0.03274519	0.04319183	0.02907574	0.05415957	0.04863973	0.02527984	0.36155210	1.00000000	0.00260428	-0.00113803	-0.00288738	-0.00107974	-0.02720929	0.00578849	-0.03188676	0.00441529	0.00274122	0.00441529	0.01697511	0.03633720	0.05220126	0.01162697	0.04688686	-0.00375711	-0.01532439	-0.00676146	0.02133357	-0.00394002
CandLoneKingPushWeight	0.01788035	0.00285579	0.01503364	0.04701917	0.25635193	0.00135070	0.00117989	0.00157550	0.00063822	0.00034823	0.00085851	-0.00181165	0.02766296	0.03240610	0.03247672	0.00166215	0.00123524	0.00099452	0.00222020	0.00023979	0.00758127	-0.00113465	-0.00113465	-0.00260228	0.00304130	0.00388129	0.00214399	-0.00014216	0.00317861	0.00176736	-0.00026063	0.00079122	0.00154445	0.00207151	0.00953940	0.01185898	0.00290681	0.00160277	-0.00338270	0.00207892	0.00101925	-0.00102112	0.00089605	0.02319376	0.00257754	0.00008311	0.00184866	0.00144294	-0.00051245	0.00128022	0.00142935	0.00379292	0.00009218	-0.00063652	0.00240631	-0.03403763	0.01086535	-0.04912895	0.00182571	-0.00197681	0.03746278	-0.00040461	0.02344368	0.01896810	0.00151767	0.00151767	0.00010458	0.00074754	0.00163781	0.00152208	-0.00142049	0.00000000	0.00018663	-0.00063650	0.00245500	-0.00008418	0.00000000	0.01183170	0.03267717	0.01850209	0.01520355	-0.00013267	0.00171846	0.00110346	-0.00071754	-0.00150584	0.07701480	0.00152786	0.05847657	0.01269425	0.04462213	-0.00031146	-0.00131169	0.27199902	0.26550494	0.26810972	-0.00038578	0.21308705	0.03403763	0.12953728	-0.07376587	-0.05984984	-0.00262822	0.01117682	0.00022796	0.00350582	0.00301048	0.00197371	0.00050421	0.00018663	0.00083081	0.00035487	0.00100837	0.00026117	0.00216410	0.00295343	0.00000000	-0.00242330	0.02738610	0.02787258	0.02824901	0.01892879	0.00052791	0.00107476	0.00147357	0.00318486	0.00210151	0.00000000	0.05682964	0.05646863	0.05650307	0.07387315	0.09206710	0.00194951	0.00173793	0.00301137	0.00387749	0.27801513	0.27801513	0.27801513	0.00000000	0.00000000	0.00000000	0.00000000	0.00000000	0.00000000	0.00000000	0.00000000	0.00000000	0.00000000	0.00000000	0.00172554	0.00021783	0.02761354	-0.06224801	0.06452153	-0.00057225	0.00038578	0.00008330	0.00261814	0.00246614	0.04757324	-0.00091836	0.00009901	0.00135110	0.00011828	0.00000000	-0.00166215	0.00008546	0.02568752	0.00034823	0.00260428	1.00000000	-0.82782429	-0.93882510	0.00395408	0.00237396	0.33598963	-0.00205796	-0.00222020	0.00094311	-0.00222020	-0.00064142	0.01431155	0.12339863	0.17656701	0.11541340	0.00188923	0.19611265	0.00339995	0.11795100	0.11717917
CandLoneKingConfinementWeight	-0.01714286	-0.00124793	-0.00003121	-0.00037073	-0.24229567	-0.00059023	-0.00051559	-0.00068847	-0.00027889	-0.00015217	-0.00037515	0.00079166	-0.02738075	-0.03164016	-0.03217028	-0.00072633	-0.00053978	-0.00043459	-0.00097019	-0.00010479	-0.00535709	0.00049582	0.00049582	0.00113715	-0.00132900	-0.00169606	-0.00093689	0.00006212	-0.00138900	-0.00077230	0.00011389	-0.00034575	-0.00067490	-0.00090521	0.00025325	-0.00158515	0.00024605	-0.00023233	0.00147818	-0.00090845	-0.00044540	0.00044621	-0.00039156	-0.00175902	-0.00112634	-0.00003632	-0.00080783	-0.00063054	0.00022393	-0.00055944	-0.00062460	-0.00165744	-0.00004028	0.00027815	-0.00105152	0.06832018	0.00079343	0.06124848	-0.00079780	0.00086383	0.00073475	0.00017681	-0.02285552	-0.01858931	-0.00066319	-0.00066319	-0.00004570	-0.00032666	-0.00071569	-0.00066512	0.00062073	0.00000000	-0.00008155	0.00027814	-0.00107280	0.00003679	-0.00000000	-0.00028007	-0.00053419	-0.00012661	0.00018627	0.00005797	-0.00075094	-0.00048220	0.00031355	0.00065803	-0.00108801	-0.00066765	-0.00052558	-0.00097760	-0.00077416	0.00013610	0.00057319	-0.25764554	-0.27975209	-0.24522236	0.00016858	-0.26971366	-0.06832018	-0.13502998	0.05319992	0.06062238	0.00114849	-0.11555787	-0.00009962	-0.00153198	-0.00131553	-0.00086248	-0.00022033	-0.00008155	-0.00036305	-0.00015507	-0.00044064	-0.00011413	-0.00094567	-0.00129060	0.00000000	0.00105894	0.00011533	0.00000000	0.00027094	0.00041457	-0.00023069	-0.00046965	-0.00064393	-0.00139173	-0.00091833	0.00000000	-0.00003255	-0.00000000	-0.00025656	0.00029933	-0.00015779	-0.00085190	-0.00075944	-0.00131592	-0.00169440	-0.26353626	-0.26353626	-0.26353626	0.00000000	0.00000000	0.00000000	0.00000000	0.00000000	0.00000000	0.00000000	0.00000000	0.00000000	0.00000000	0.00000000	-0.00075403	-0.00009519	-0.00001438	0.02720133	-0.02819482	0.00025006	-0.00016858	-0.00003640	-0.00114408	-0.00107766	-0.00042758	0.00040131	-0.00004326	-0.00059041	-0.00005169	0.00000000	0.00072633	-0.00003735	-0.02576754	-0.00015217	-0.00113803	-0.82782429	1.00000000	0.80300851	-0.00172787	-0.00007573	-0.37637011	0.00089929	0.00097019	-0.00041213	0.00097019	0.00028029	-0.01351270	-0.11487680	-0.16551524	-0.14463427	-0.00082556	-0.18379238	-0.00148572	-0.11073662	-0.14667689
CandLoneKingRestrictedNeighbourWeight	-0.02623484	-0.00316624	-0.02647034	-0.02781530	-0.32553543	-0.00149753	-0.00130815	-0.00174677	-0.00070760	-0.00038609	-0.00095183	0.00200858	-0.04117843	-0.04793981	-0.04836118	-0.01719983	-0.00136952	-0.00110264	-0.00246155	-0.00026586	-0.00981009	0.00125799	0.00125799	0.00288516	-0.00337191	-0.00430321	-0.00237705	0.00015761	-0.00352414	-0.00195948	0.00028896	-0.00087724	-0.00171234	-0.00229670	-0.01720578	-0.01854097	-0.00549607	-0.00247874	0.00375042	-0.00230492	-0.00113005	0.00113212	-0.00099346	-0.03827317	-0.00285774	-0.00009214	-0.00204962	-0.00159979	0.00056816	-0.00141939	-0.00158473	-0.00420524	-0.00010221	0.00070572	-0.00266789	0.02951938	-0.02035441	0.04621178	0.00761475	0.00219170	-0.06718038	0.03035522	-0.03465790	-0.03115717	-0.00168265	-0.00168265	-0.00011595	-0.00082880	-0.00181585	-0.00168754	0.00157490	0.00000000	-0.00020691	0.00070570	-0.00272188	0.00009333	0.00000000	-0.02044948	-0.05683681	-0.03244513	-0.02709608	0.00014709	-0.00190527	-0.00122342	0.00079555	0.00166954	-0.13421153	-0.00169395	-0.03467094	-0.00856713	-0.02690624	0.00034532	0.00145428	-0.34558315	-0.33470467	-0.34648536	0.00042772	-0.25661759	-0.02951938	-0.15783156	0.09548605	0.07728772	-0.01753467	-0.01849617	0.01659701	-0.00388693	-0.00333774	-0.00218826	-0.00055902	-0.00020691	-0.00092112	-0.00039344	-0.00111799	-0.00028956	-0.00239935	-0.00327449	0.00000000	0.00268673	-0.04847795	-0.04916312	-0.05023328	-0.03400913	-0.00058529	-0.00119159	-0.00163376	-0.00353108	-0.00232996	0.00000000	-0.03311813	-0.03286876	-0.03319801	-0.04263869	-0.05377977	-0.00216144	-0.00192685	-0.00333872	-0.00429900	-0.35328772	-0.35328772	-0.35328772	0.00000000	0.00000000	0.00000000	0.00000000	0.00000000	0.00000000	0.00000000	0.00000000	0.00000000	0.00000000	0.00000000	-0.00191311	-0.00024151	-0.04868464	0.06901481	-0.07153547	0.00063445	-0.00042772	-0.00009236	-0.00290275	-0.00273423	-0.02820632	0.00101819	-0.00010977	-0.00149798	-0.00013114	0.00000000	0.00184284	-0.00009475	-0.03847290	-0.00038609	-0.00288738	-0.93882510	0.80300851	1.00000000	-0.00438391	-0.00147308	-0.37363487	0.00228168	0.00246155	-0.00104564	0.00246155	0.00071115	-0.01548363	-0.14057656	-0.20173043	-0.10840475	-0.00209460	-0.22482407	-0.00376955	-0.13477215	-0.12551321
CandKingAttackerMinorWeight	-0.01881957	0.07078551	0.02638422	-0.04497088	0.08727476	-0.06788662	-0.01910045	-0.03270288	-0.01201260	-0.01284357	0.00386812	-0.08655104	0.00738914	0.00310496	0.00272762	-0.00208724	0.00634014	-0.00440613	0.00861114	-0.01232410	-0.02846852	0.08958516	0.08958516	0.05779238	0.04151827	0.29529245	0.07721971	-0.13275588	0.06984847	-0.09669486	0.02343914	0.27947436	0.13589132	0.10805910	-0.04567685	0.27211820	-0.03381682	-0.00916449	-0.10956449	0.08524052	0.03342844	0.10297519	0.21626851	0.07665386	0.07950016	-0.02370315	0.01238183	0.01003659	0.02982654	-0.03276693	-0.00969382	0.14019191	-0.05984969	-0.09534971	-0.04348100	-0.02100530	-0.01842830	-0.00345501	0.03496715	-0.14929580	-0.00757588	-0.04673322	-0.02110941	-0.02333220	0.04744448	0.04744448	-0.00503767	0.06946502	0.15486924	0.04312820	-0.03178723	0.03002137	-0.02900205	0.03245651	0.06719420	0.07056848	0.02265792	0.08668773	0.10112897	0.04458501	0.01331595	-0.05500836	0.02067433	0.02307378	0.03996359	0.06558272	0.05404339	0.03614983	-0.03502654	0.00207556	-0.01931550	-0.01224340	0.00623837	0.10046091	0.07466273	0.01923671	-0.05979911	0.04789753	0.02100530	0.02559877	-0.00201391	-0.01057582	-0.01860780	0.00323012	-0.01098104	0.05854073	0.06249697	0.07936221	0.08498622	0.04437642	0.03788824	0.03898436	0.01402844	0.02918241	0.11686662	0.14004455	0.00000000	0.02372897	0.00452088	0.01051100	0.02675618	0.00821880	0.00287512	-0.03270734	0.02941092	0.08554383	0.03031445	0.00000000	-0.02376808	-0.03179013	-0.02331102	0.00538206	0.00706145	0.09059851	0.10918511	0.06556651	0.08312199	0.01897304	0.01897304	0.01897304	0.00000000	0.00000000	0.00000000	0.00000000	0.00000000	0.00000000	0.00000000	0.00000000	0.00000000	0.00000000	0.00000000	-0.00428266	0.02392982	-0.02870184	-0.05289655	0.05144348	0.00172787	0.00318972	0.02164350	0.00632370	0.06548612	-0.00847690	-0.06507790	-0.01035673	0.09178223	0.08108627	0.06838455	0.08475606	0.03640004	-0.01534568	0.07363186	-0.00107974	0.00395408	-0.00172787	-0.00438391	1.00000000	0.02823237	0.05544005	-0.01369709	-0.06430159	-0.29751546	-0.06430159	0.42837753	0.30530331	0.33019208	0.42220336	0.27227796	0.07070985	0.09588021	0.08841852	0.38289968	0.12701941
CandKingAttackerRookWeight	-0.00255461	-0.01180800	-0.02949451	0.11772190	0.05414756	-0.06161556	-0.01906695	0.01170571	0.00847420	0.01715869	-0.08292476	0.00023975	0.01399578	0.00879078	-0.02339969	-0.02991533	-0.01033486	0.00425550	0.02451732	0.01205726	-0.05640541	0.01543884	0.01543884	0.06696628	-0.03078449	0.02190944	-0.01390280	-0.01126903	0.00518802	-0.00647091	0.05623131	-0.02657514	0.04578317	0.00013199	-0.00997888	-0.03079673	-0.00810752	-0.00714232	-0.03127689	0.01146335	-0.01009568	-0.01526182	-0.03506061	0.01012146	0.01666479	0.14047410	0.37678283	0.04380278	-0.18479665	0.29462542	-0.01924502	0.06170013	-0.04872910	-0.00544512	0.09592298	-0.01158336	0.00002670	-0.01273000	0.00205944	-0.07792986	0.00945280	0.05859706	-0.00970649	-0.04526255	-0.00416815	-0.00416815	0.02348352	0.01968656	-0.00280246	-0.01333161	-0.05683393	0.00426637	-0.00167121	0.03396491	-0.01565305	0.01129991	-0.00575565	-0.03420085	-0.01893156	-0.01977264	-0.01611485	-0.01871035	-0.00528115	-0.00575359	-0.02079587	-0.02709602	0.00845708	0.00813066	0.01920645	0.08078485	0.05246099	-0.02771264	0.03506881	0.07254246	0.08258852	0.03165492	-0.00267181	0.03131117	0.01158336	-0.00176149	-0.00705396	0.01714130	-0.04627133	0.00114395	0.03938988	-0.01659463	-0.02646266	0.00151716	-0.01181059	0.00195112	-0.00010995	-0.00154975	0.00045965	-0.02461232	-0.02253940	0.00079654	0.00000000	0.01058292	-0.01719633	-0.01830887	-0.02034009	-0.03737169	-0.01776825	0.07571463	0.07483725	0.09230360	0.08568315	0.00000000	0.07149352	0.06748066	0.07244036	0.04636628	-0.07268284	0.01403093	0.00862901	-0.03284929	-0.05524798	0.04684121	0.04684121	0.04684121	0.00000000	0.00000000	0.00000000	0.00000000	0.00000000	0.00000000	0.00000000	0.00000000	0.00000000	0.00000000	0.00000000	-0.03734492	0.02303266	-0.00801768	0.01276713	-0.01297681	0.14749692	0.00403324	0.01985312	-0.10642907	0.18800725	0.06353708	-0.02948855	0.00802288	0.03796570	0.00374116	0.05785193	-0.00051325	-0.11381660	-0.03092521	-0.03691346	-0.02720929	0.00237396	-0.00007573	-0.00147308	0.02823237	1.00000000	-0.04537550	-0.01840283	-0.04018750	-0.12513434	-0.01015298	0.11145266	0.16286755	0.05337468	0.06935535	-0.00168381	0.05771687	0.14673200	-0.00130697	0.13130377	0.08915798
CandKingAttackerQueenWeight	0.11823499	-0.01044501	0.00410927	-0.10145355	0.34262583	-0.00120958	0.08798905	0.05671754	0.07121292	0.02944731	-0.00992201	-0.02326349	0.01275184	0.00736523	0.00515150	-0.00876534	-0.02776048	-0.00115299	0.02693431	0.13388341	0.02854154	0.08195911	0.08195911	0.09286165	-0.00712300	-0.01902782	-0.00715485	0.00047907	0.02765580	-0.02174133	-0.00967142	0.00902522	-0.05679620	0.05091006	0.00717240	0.01484619	-0.01076111	-0.00854200	-0.01136393	-0.01721837	0.02803227	0.01043333	-0.02907818	-0.01734026	-0.02123800	-0.08013587	-0.11713364	-0.05461271	0.06482958	-0.07349337	0.09566984	0.24515993	-0.08408817	-0.09291203	0.14214657	-0.10533487	0.01931956	-0.05253961	-0.04138647	-0.02862138	-0.01195477	-0.01930794	0.04907620	0.01075272	0.06899802	0.06899802	0.07280525	-0.00729302	-0.00971146	0.00450786	0.00060011	0.03230729	-0.03904221	0.01902959	-0.01470519	-0.05876824	0.08283107	-0.00184502	-0.01018793	-0.01600683	-0.02484331	-0.01258764	-0.04800018	0.05465139	0.00253556	-0.02101783	-0.00163430	-0.03899184	-0.03108420	-0.06463260	-0.06293936	0.04327892	-0.02016439	0.29115833	0.43615862	0.16356072	-0.00931267	0.38279450	0.10533487	0.12707764	-0.03128268	-0.04937976	0.03902769	0.03060146	-0.02406133	-0.02149358	-0.02946907	-0.01416024	0.04030920	0.01147265	0.01352536	0.00033819	-0.04434747	0.01947633	0.00971671	0.03485823	0.00000000	-0.00421412	-0.02192980	-0.03502713	-0.03134713	-0.03781457	-0.03393594	-0.05717292	0.00465146	-0.00033315	0.00586940	0.00000000	-0.06919265	-0.06305948	-0.03774226	-0.02076606	-0.00003429	0.08801993	0.08217370	0.08674686	0.14595856	0.29285887	0.29285887	0.29285887	0.00000000	0.00000000	0.00000000	0.00000000	0.00000000	0.00000000	0.00000000	0.00000000	0.00000000	0.00000000	0.00000000	0.05699240	0.00782643	-0.02180588	-0.03717172	0.03849687	0.03453747	0.03129618	0.03521561	0.05329298	-0.01955316	-0.06770800	-0.02627016	0.03040404	-0.02162020	-0.01736552	-0.01283821	-0.00419691	-0.00191138	-0.00324002	-0.01999078	0.00578849	0.33598963	-0.37637011	-0.37363487	0.05544005	-0.04537550	1.00000000	0.16233383	0.03365759	-0.02578717	0.06201460	0.16739576	0.08114965	0.19682035	0.27253415	0.05091489	0.10128964	0.14325266	0.11643192	0.17668498	0.34226025
CandKingDefenderPawnWeight	0.03648701	0.02950764	0.06423948	0.02310064	-0.12075986	-0.04280110	0.00185421	0.00247592	0.02392794	0.01618296	0.02704728	-0.00284702	0.04347267	0.05092658	0.05103756	0.04925656	0.01426621	0.00156291	-0.01866372	0.04344386	0.02661710	-0.05736056	-0.05736056	0.00865702	0.01318284	0.03301397	-0.00625727	-0.00022341	0.04577250	-0.00443666	-0.00040958	0.05240121	-0.03224602	0.06526303	0.05113229	0.02451649	0.01101247	0.01001695	-0.00531595	-0.03407069	0.01568324	-0.00160470	0.00140815	0.02275684	-0.03620415	-0.02972194	-0.03751490	-0.04293360	0.00942106	0.03075316	-0.08332492	-0.02552404	-0.04124647	-0.01858809	-0.02022825	-0.05349054	-0.01372343	-0.00177524	-0.02055227	0.05606643	-0.03619633	0.14470291	0.01983474	0.01499112	-0.03799645	-0.03799645	0.00642533	0.03473940	0.09546396	0.02770378	-0.00223231	0.04342555	-0.01646583	-0.00100027	0.15083215	-0.03037004	0.11266206	0.03937764	0.04043912	0.01086294	0.00507198	-0.00020849	-0.04873912	0.01758881	-0.00112763	-0.00236645	0.02520675	-0.04749102	0.05589403	0.00351573	-0.02246845	0.01349540	0.01606027	-0.06432527	-0.10501507	-0.14388256	-0.00060626	-0.24249124	0.05349054	-0.03241972	0.02801710	0.02990538	0.07040103	-0.01457323	0.08224388	-0.01043106	0.00473101	0.01818598	0.03701530	0.06732976	0.08165169	0.08978576	0.06195296	0.05513430	0.04360866	0.01135578	0.00000000	-0.00380825	0.03513716	0.02389205	-0.00097438	-0.01852965	0.00082961	0.04305225	0.03067171	0.05547607	0.05477093	0.00000000	-0.01326165	-0.01331117	-0.02543912	0.03407422	0.00056746	-0.05080325	-0.03195036	-0.01458352	-0.05640415	-0.08896594	-0.08896594	-0.08896594	0.00000000	0.00000000	0.00000000	0.00000000	0.00000000	0.00000000	0.00000000	0.00000000	0.00000000	0.00000000	0.00000000	-0.10059117	0.00034232	-0.02359008	0.02703713	-0.02626976	-0.00089929	0.00060626	-0.00628099	0.00411444	-0.00498287	0.03448861	-0.03892931	0.01793706	0.05412189	0.06391751	-0.00000000	-0.00261209	0.00525080	0.02075615	-0.03072417	-0.03188676	-0.00205796	0.00089929	0.00228168	-0.01369709	-0.01840283	0.16233383	1.00000000	0.26234434	-0.03239482	0.32880269	0.02203193	-0.29729092	-0.30268659	-0.15497920	-0.10812194	-0.08185818	-0.06204559	0.09257664	-0.25928932	-0.16543632
CandKingDefenderMinorWeight	-0.11296233	0.05207788	0.06469148	-0.05335616	-0.04851808	-0.06556131	-0.14247187	-0.13724388	-0.12876207	-0.09780810	-0.06323378	-0.00307146	-0.02355648	-0.00581025	-0.00742575	-0.00892369	0.00209422	0.00168612	-0.02411822	-0.09251767	-0.10181663	-0.00192368	-0.00192368	-0.00975965	0.04746358	0.01335545	0.04402280	0.04796234	0.00538900	-0.01516347	0.05847342	-0.00581291	0.00261846	0.00351203	0.05360358	0.00318972	-0.02715989	-0.04070061	-0.00573503	0.00352460	0.00172804	-0.03670502	-0.05924737	0.02750519	0.00436996	-0.07500619	-0.09498044	-0.10754473	0.02487382	-0.03400437	-0.03347772	-0.03679981	-0.04152108	0.05426248	-0.02613999	-0.02314734	0.02428458	-0.02155814	-0.01164423	-0.00335148	0.08161389	-0.00068598	-0.04689701	-0.02345800	-0.04825262	-0.04825262	-0.03922424	0.02943120	0.03200550	0.04081063	0.03772991	0.00000000	0.00031640	-0.00107913	0.10377069	-0.00014272	-0.00000000	0.03730747	0.08448898	0.00704093	-0.00072269	0.05975648	0.00291348	0.00187081	-0.04176729	-0.00255300	0.03102264	0.00259034	0.00203914	-0.03654044	-0.06056405	0.03467573	-0.02503237	-0.02584417	-0.10040476	-0.02348304	0.08655339	-0.13080373	0.02314734	-0.02669602	0.05240980	0.01833246	-0.00445588	0.03761830	0.05191868	0.01597542	0.02325139	-0.02513225	0.00085484	0.07062862	0.07364185	0.08082012	0.03970051	0.03980138	0.01210351	-0.06260104	0.00000000	-0.00410846	0.05921522	0.04510717	0.01452206	0.01983720	0.00089501	-0.08494679	-0.06888151	-0.03695023	0.00356290	0.00000000	0.01696525	0.01675394	0.01758537	-0.02328236	0.00061220	0.07110417	0.04659797	0.01726135	-0.06085064	-0.11218867	-0.11218867	-0.11218867	0.00000000	0.00000000	0.00000000	0.00000000	0.00000000	0.00000000	0.00000000	0.00000000	0.00000000	0.00000000	0.00000000	-0.03422337	0.00036930	-0.02970067	0.05161915	-0.05129573	-0.00097019	0.00065406	0.05394296	-0.01748117	-0.09616502	-0.01216549	0.01731558	0.04492873	0.08955390	0.05367724	0.08055963	0.04414880	0.00014490	0.06705967	0.00059039	0.00441529	-0.00222020	0.00097019	0.00246155	-0.06430159	-0.04018750	0.03365759	0.26234434	1.00000000	-0.04956761	0.33082392	0.04241093	-0.06257067	-0.30875933	-0.18849555	-0.09006529	-0.35268584	-0.26288158	0.11555978	-0.30283166	-0.06735547
CandKingDefenderRookWeight	-0.00188353	-0.05342416	0.02134304	0.02173407	-0.04392737	0.03130843	0.04446981	0.05073533	0.03336959	0.02783787	0.00927426	0.00130472	0.00515488	0.00935788	0.00816681	0.01077353	-0.00247112	-0.00644619	-0.02149706	-0.02701446	0.01192425	0.01389167	0.01389167	-0.00739428	-0.03453938	-0.05528989	-0.04230752	-0.01136432	-0.03891622	0.00381848	-0.00461740	-0.02172189	-0.03448104	-0.11288506	0.01377343	-0.01528808	-0.00531937	0.00055962	0.00030035	0.00329387	0.01778664	0.00216162	0.00348475	-0.05982510	0.00589177	-0.00772105	-0.15100182	-0.00529259	0.05810687	-0.00092200	0.07949255	0.04097415	0.08703773	0.01625614	0.17079594	0.04533336	0.00409727	-0.04324336	-0.00882828	0.10202993	-0.06337239	0.00029140	0.02052754	0.00239896	0.01574734	0.01574734	-0.01935674	-0.04935020	-0.03991763	-0.03877235	-0.03580556	-0.03900577	0.00524181	-0.01176566	-0.03803600	-0.01545949	-0.01734780	0.01677098	-0.01125971	0.00379776	0.00399090	-0.00601952	0.00536299	0.02158407	0.00051677	0.00423936	-0.06463805	0.00530167	0.03378198	-0.03766987	0.01427775	0.05047037	-0.00370597	-0.10816442	-0.00246378	-0.02673615	0.00027784	-0.00889024	-0.04533336	-0.04085233	-0.03369700	-0.00149121	0.02261407	-0.03057186	-0.00016418	-0.04854731	-0.02899483	-0.01884161	-0.00268714	-0.02737390	-0.01827227	-0.01661202	0.00702008	0.02489056	-0.00843769	-0.00471175	0.00000000	0.00174523	0.00171072	0.00000000	-0.00272883	-0.00150313	-0.00038019	-0.01846611	-0.01440265	-0.02280201	0.02930652	0.00000000	0.04458110	0.05636579	0.04016925	0.02304556	-0.00026005	-0.07743670	-0.05242942	-0.03562942	0.02813998	0.01680932	0.01680932	0.01680932	0.00000000	0.00000000	0.00000000	0.00000000	0.00000000	0.00000000	0.00000000	0.00000000	0.00000000	0.00000000	0.00000000	-0.00692366	0.00235315	-0.01443355	-0.00939739	0.00771834	0.01360013	0.00861291	-0.01486963	0.01375754	-0.06770418	-0.00775165	0.07088910	0.00905538	-0.01876591	-0.02189285	-0.03558968	-0.07062649	0.02685639	0.00450886	0.00376187	0.00274122	0.00094311	-0.00041213	-0.00104564	-0.29751546	-0.12513434	-0.02578717	-0.03239482	-0.04956761	1.00000000	-0.04956761	-0.17248876	-0.18472945	-0.18708684	-0.27061233	-0.09847492	-0.35209283	-0.07029573	0.00874499	-0.22372012	0.23407661
CandKingDefenderQueenWeight	-0.07073342	0.02058710	0.03240627	0.00143836	0.00351203	-0.08817841	-0.07579237	-0.13724388	-0.15761631	-0.09780810	-0.03088914	-0.00307146	-0.05816655	-0.06514892	-0.06845931	-0.07937391	-0.04444399	0.00168612	-0.05200056	-0.03056819	-0.08793727	-0.00192368	-0.00192368	0.04371790	0.01573305	-0.00696990	0.01171249	0.03189456	0.00538900	0.02115622	-0.00044186	-0.01296726	0.00261846	0.05554214	0.05360358	-0.00273087	-0.03090350	-0.02798889	0.00473991	-0.04347010	0.01945151	-0.02971026	0.06228570	-0.09657837	-0.04629625	0.01892767	0.01766972	0.00244635	-0.01374013	-0.03400437	-0.03347772	-0.13046550	0.04183366	0.05426248	-0.05635963	-0.02314734	0.09269183	-0.00191519	-0.07060234	-0.04059019	0.08161389	0.13651070	-0.06116768	-0.03744539	-0.02283979	-0.02283979	-0.00770300	0.01534928	0.03200550	0.02806726	-0.00240829	0.00000000	0.00031640	-0.00107913	0.06108134	-0.00014272	0.11344060	-0.01098699	-0.01247155	-0.01260818	-0.02481248	0.02976577	-0.06183049	0.02182615	-0.02825037	0.02839245	-0.02258020	-0.06020573	-0.01495370	0.00069032	-0.01606672	-0.01812995	-0.02503237	0.02958569	-0.08751583	-0.07617990	0.08655339	-0.08720249	0.02314734	0.04574908	0.00064703	0.01833246	-0.03572519	0.03761830	0.02615258	0.01597542	0.01417768	0.02233187	0.02365062	0.01437885	0.03030187	0.04873272	0.03970051	0.03980138	0.02897251	0.01345827	0.00000000	-0.00410846	-0.00044747	0.00000000	-0.01662445	-0.00160842	0.00089501	0.01917593	-0.02129498	-0.02636277	-0.03962380	0.00000000	-0.01671266	-0.01675394	0.01758537	-0.00116135	0.00061220	0.03720468	0.00294648	0.00510547	-0.04961322	-0.02708981	-0.02708981	-0.02708981	0.00000000	0.00000000	0.00000000	0.00000000	0.00000000	0.00000000	0.00000000	0.00000000	0.00000000	0.00000000	0.00000000	-0.03422337	0.02498962	-0.01854200	-0.02091361	0.02286677	-0.00097019	0.00065406	0.05125287	0.00443879	-0.02926761	0.01548335	-0.03930213	0.00016785	0.00229066	0.05367724	0.02685321	0.04414880	-0.01917455	0.00946241	0.00059039	0.00441529	-0.00222020	0.00097019	0.00246155	-0.06430159	-0.01015298	0.06201460	0.32880269	0.33082392	-0.04956761	1.00000000	0.01341200	-0.25970834	-0.25748562	-0.13879804	-0.32264191	-0.18660438	-0.11780709	0.00576426	-0.26953777	-0.30307015
CandKingShelterSecondRankDanger	-0.09150005	0.04506795	-0.00276320	0.00991368	0.09120418	-0.00717936	-0.03217059	-0.02789096	0.00531423	0.02404966	0.02845378	0.03460667	-0.01580453	-0.01767877	-0.02565558	-0.02157438	-0.00746196	0.01022956	0.00108746	-0.06833977	-0.03088525	0.03177901	0.03177901	0.10532875	0.03632426	0.10642320	0.03815480	-0.03070691	0.01045342	0.00952224	0.03765836	-0.00705331	0.18987563	0.06414732	-0.04191674	0.15058763	-0.04115784	-0.02838460	-0.08881218	0.04174882	0.03736570	0.08922335	0.07592780	0.08083715	0.05834897	-0.02926797	-0.03310912	0.04738552	0.00644238	0.01316824	0.10027010	0.16109656	-0.07129579	-0.07129982	0.03784675	-0.01939478	-0.05069204	0.07095025	-0.02465542	-0.07842821	-0.00814416	-0.00019818	-0.05106632	-0.05634641	-0.01687699	-0.01687699	0.02190692	0.02721686	0.03880129	0.02173053	-0.00765336	0.00947431	0.03848359	0.01839398	-0.00373074	0.04943688	0.00983196	0.03798529	0.05354157	0.01035991	0.00229666	-0.03125671	0.01206450	0.04377897	0.00902070	-0.00341963	0.02909424	0.02251863	0.04477247	0.01776762	0.01739606	0.02120536	0.01517215	0.01975701	0.06110484	-0.04027757	-0.04553885	0.08313675	0.01939478	-0.00687535	0.02112303	-0.01386048	0.02581397	-0.00962748	-0.00882099	0.05040632	0.03922287	0.00754871	-0.01555881	0.00984181	0.02044053	0.01964103	-0.00609148	-0.00157769	0.03176294	0.04392903	0.00000000	-0.00118694	-0.00271477	0.00260631	0.00239579	-0.00046468	0.00542998	-0.00248170	0.05433832	0.05111148	-0.01019971	0.00000000	0.01463090	0.01452073	0.01179046	-0.00800448	0.00489325	0.01858340	0.06138402	0.06890259	0.07591966	0.07412442	0.07412442	0.07412442	0.00000000	0.00000000	0.00000000	0.00000000	0.00000000	0.00000000	0.00000000	0.00000000	0.00000000	0.00000000	0.00000000	0.06201966	-0.00416102	-0.01868169	0.00932491	-0.00910591	-0.02270341	-0.01492767	0.03874390	-0.02151541	0.04372684	0.01485730	0.04698536	0.01168684	0.03847754	0.02786706	0.04189288	0.04803353	0.11390289	-0.01390625	0.02063836	0.01697511	-0.00064142	0.00028029	0.00071115	0.42837753	0.11145266	0.16739576	0.02203193	0.04241093	-0.17248876	0.01341200	1.00000000	0.22587371	0.01068128	0.25074695	0.15002249	-0.21910285	0.06198255	0.05876152	0.27005081	0.20117967
CandKingShelterAdvancedPawnDanger	0.05696728	0.05935224	-0.06192349	-0.00927175	0.07370826	0.01252494	0.07035690	0.08770198	0.08551748	0.06521325	0.11312896	0.14331741	0.00904155	0.01504704	0.01668675	0.01840229	0.05613883	-0.00140739	0.02423835	0.07190090	0.04125794	0.02564795	0.02564795	0.09768360	0.07047805	0.08731834	0.08620229	-0.00453236	0.07614120	0.01087356	-0.01062350	0.04805890	0.09423825	0.04305237	-0.08923316	0.01463414	-0.01611368	-0.00688029	-0.03327232	0.04782130	-0.03538078	0.04952664	-0.00226257	0.03288909	0.06103238	-0.01487638	-0.02759517	-0.02140933	0.02726821	-0.01246872	0.00855363	0.17257640	-0.06663657	-0.11865834	0.06188073	0.00096375	-0.04042279	0.00352752	0.00899565	-0.16358743	0.03970403	-0.13415346	-0.01726049	0.00824845	0.01906421	0.01906421	0.02151952	0.01277046	0.02542795	0.04227034	0.02960096	0.03220367	-0.01683515	0.00207818	0.02726760	0.03375486	-0.00556989	0.00620672	0.01207617	-0.00812814	-0.00507421	-0.03220795	0.01664156	-0.05153130	0.04614536	0.00972802	0.02542723	0.01942070	0.00497268	0.00292749	0.04368588	0.02982513	0.03097336	0.07192125	0.12810606	0.05841206	-0.06796367	0.08563214	-0.00096375	0.01801455	-0.02595539	-0.05647751	-0.08072281	0.00893272	-0.03068512	0.08369787	0.07415052	0.04754506	-0.00742911	-0.01131147	-0.02671141	-0.02728531	-0.05365647	-0.07283802	-0.02791033	0.00328946	0.00000000	0.08949809	-0.00402062	-0.00442949	0.00852383	0.01187225	0.00511224	-0.03049111	0.01427005	0.01628659	-0.06870787	0.00000000	0.01808388	0.01974269	0.00242739	-0.01858102	-0.00585474	0.12041055	0.07041181	0.04468009	0.11148444	-0.02056430	-0.02056430	-0.02056430	0.00000000	0.00000000	0.00000000	0.00000000	0.00000000	0.00000000	0.00000000	0.00000000	0.00000000	0.00000000	0.00000000	0.08328580	-0.03415598	0.05839465	-0.01637618	0.01550608	0.06432425	0.04227257	0.02656271	0.00060002	0.00088959	-0.01224507	0.02075896	0.00645312	0.03022243	0.01558672	0.09493070	0.08537003	-0.02984303	-0.01315021	0.03429276	0.03633720	0.01431155	-0.01351270	-0.01548363	0.30530331	0.16286755	0.08114965	-0.29729092	-0.06257067	-0.18472945	-0.25970834	0.22587371	1.00000000	0.44293678	0.46653501	0.34467517	0.04042901	0.04070042	0.07066143	0.49050599	0.32356892
CandKingShelterMissingPawnDanger	0.22127361	-0.07554592	-0.05391564	-0.02636342	0.25391034	0.00216498	0.17771004	0.14596150	0.11191763	0.11104183	0.11655877	0.05885791	0.06877793	0.06775061	0.05515179	0.04573431	0.03729888	0.00706260	-0.00376618	0.21293114	0.06416904	0.10322335	0.10322335	0.16415434	-0.05573957	0.01554888	-0.04808136	-0.00523062	0.07201049	-0.01130252	-0.04157593	0.03287132	-0.01196147	0.05343832	-0.09875976	0.05544202	-0.03481378	-0.01271916	-0.05199893	0.09295300	-0.03389013	0.05308164	0.00192894	-0.00220032	0.05934428	0.02115423	0.05051813	0.05010238	0.03750063	-0.04159277	0.08088576	0.18246042	-0.02124302	-0.09514358	-0.05171491	-0.05587169	0.03742439	-0.11208803	0.00005808	-0.26512955	-0.17651067	-0.11900932	0.09431709	0.07070317	0.09589754	0.09589754	0.10045697	-0.06128027	-0.01652377	-0.06172536	0.03209039	0.02871731	-0.04854730	-0.02341960	-0.04673876	0.04022782	0.00496689	0.02675408	-0.01403134	-0.02203133	-0.02981777	-0.00750774	0.05755972	-0.07123599	0.03988317	0.00827517	0.02354873	0.03422058	-0.04056375	-0.00326668	0.03623862	0.01166043	0.00366755	0.20805904	0.26980056	0.21908097	-0.07528730	0.12599669	0.05587169	0.12438297	-0.08416789	-0.05613567	-0.06110629	-0.03479310	-0.05027578	-0.05899588	-0.05847528	-0.02546905	-0.00939455	-0.05224157	-0.06051610	-0.06842825	-0.04939459	-0.05846014	0.00724376	0.07166657	0.00000000	0.08352668	-0.01101728	-0.00263330	0.01809829	0.00453056	-0.01976345	-0.00908365	0.03963401	0.02539858	-0.04369375	0.00000000	-0.02380119	-0.02494091	0.02014969	0.00191530	-0.00815748	0.17859706	0.12510506	0.07780197	0.04820077	0.12706201	0.12706201	0.12706201	0.00000000	0.00000000	0.00000000	0.00000000	0.00000000	0.00000000	0.00000000	0.00000000	0.00000000	0.00000000	0.00000000	0.08951394	-0.02216862	0.04974237	-0.02390834	0.02091698	0.05823842	0.02946772	-0.01059782	0.04642530	0.06144886	-0.01968402	-0.05444819	-0.01399552	-0.05917852	-0.00501358	-0.05408420	0.00464746	-0.05324772	-0.03590025	0.07829884	0.05220126	0.12339863	-0.11487680	-0.14057656	0.33019208	0.05337468	0.19682035	-0.30268659	-0.30875933	-0.18708684	-0.25748562	0.01068128	0.44293678	1.00000000	0.57291480	0.33930020	0.51308777	0.44547848	0.08183221	0.73502914	0.23596139
CandKingUndefendedZoneDanger	0.10035847	0.02796437	-0.02476498	0.01738219	0.28848307	0.00189566	0.10205975	0.07006520	0.04316433	0.02455398	0.01798166	0.03736615	0.07874531	0.06536885	0.05119862	0.03846844	0.03113908	-0.00143111	0.02047064	0.07786827	0.02025226	0.07090071	0.07090071	0.09997091	0.03602113	0.10568636	0.05210519	-0.05161882	0.01720689	-0.00138721	0.03837890	0.05229805	0.03481834	0.02793196	-0.07329511	0.05181586	-0.03318832	-0.02499178	-0.00580120	0.04088452	-0.00748390	0.04658976	-0.03481404	0.09250384	0.04574506	0.04452783	0.03743566	0.02432093	0.01821692	-0.06017957	0.03146178	0.12846881	-0.00720749	-0.08269404	-0.06245604	-0.04568650	-0.06009367	0.00495998	0.00613008	-0.22630478	-0.02267207	-0.03047040	0.07674728	0.02010814	0.04526891	0.04526891	0.07609852	-0.00107570	0.07124110	0.00916664	-0.01158305	0.03247360	-0.01280101	0.02126980	-0.00836381	0.01465727	0.01444262	0.04416729	-0.01122318	-0.01097931	-0.02821618	-0.03035507	-0.01346330	-0.01429088	0.02627238	-0.01490558	0.07376052	-0.00219858	-0.00173075	0.03154082	0.04331142	0.01389404	0.03092605	0.28304520	0.33026772	0.36880306	-0.05125774	0.15172910	0.04568650	0.07922816	-0.04155452	-0.06687447	-0.05858754	0.00768514	-0.03969276	0.04008199	0.05496893	0.05517134	0.03603602	-0.00623639	-0.00610024	-0.00595756	-0.04014535	-0.03461707	0.01621488	0.04309133	0.00000000	0.12437346	0.00670973	0.00893323	0.02336280	0.03776965	0.00430470	-0.01185704	0.02110360	0.04304408	0.00797252	0.00000000	0.03276503	0.03412829	0.03013322	0.02539384	-0.00282898	0.07775798	0.06604118	0.05963487	0.12032063	0.24930947	0.24930947	0.24930947	0.00000000	0.00000000	0.00000000	0.00000000	0.00000000	0.00000000	0.00000000	0.00000000	0.00000000	0.00000000	0.00000000	0.08580248	0.02058334	0.02426171	-0.01303085	0.01101561	0.02278236	0.02905222	0.00901311	0.03158172	0.05890926	0.01032561	-0.02831240	-0.00964031	0.00731399	0.02025485	0.02507120	0.05022822	0.02939274	-0.03456967	0.04626839	0.01162697	0.17656701	-0.16551524	-0.20173043	0.42220336	0.06935535	0.27253415	-0.15497920	-0.18849555	-0.27061233	-0.13879804	0.25074695	0.46653501	0.57291480	1.00000000	0.42782013	0.29833962	0.37760095	0.09295733	0.72814335	0.27123917
CandKingAdditionalZoneAttackerDanger	0.05914806	0.00931952	-0.02253725	0.02933759	0.04063343	0.00134025	0.01696403	0.00496894	-0.00887521	-0.01688065	-0.02812648	0.00241968	0.06787642	0.06003173	0.04874660	0.04022142	0.04579587	0.01429891	-0.04948067	0.04274163	0.02350346	0.02096526	0.02096526	0.04362247	-0.00406204	0.05792300	-0.00398653	-0.05342101	-0.07559721	-0.00614747	-0.02749980	0.04071712	0.16174833	-0.06063368	-0.05993563	0.03301749	0.02677438	0.02628012	-0.00421949	0.04948997	0.00479857	0.00136383	-0.00119679	0.06362533	0.05290738	0.03123045	0.02481120	-0.01247292	-0.01005198	-0.01176815	-0.02187331	0.15319726	0.00132540	-0.06993228	0.03039579	-0.04801020	-0.08126432	0.03974020	0.01395457	-0.14231639	-0.00949674	-0.06303775	0.05314747	-0.00431450	0.01917073	0.01917073	0.05463740	0.02249403	0.03709263	0.01568324	0.00189724	-0.07598569	-0.00318176	-0.01581913	0.04024280	0.08476809	-0.11039571	0.03271409	0.05767800	-0.00220810	-0.00411930	-0.04151668	0.05171006	-0.02921626	0.00095837	0.00201124	0.04138660	0.04160973	0.00784313	0.04532056	0.02768076	-0.01916050	0.00809373	0.06017428	0.10000334	0.14426383	-0.07222761	0.09698498	0.04801020	-0.02596939	0.00428773	0.01176707	-0.00518397	0.05687890	-0.06478175	-0.00747172	0.00607074	0.02111878	0.00566482	0.02712072	0.02700814	0.01736953	-0.00134681	-0.03591512	0.03463235	0.09239593	0.00000000	0.06416132	0.01279421	0.01254184	0.03113862	0.00126711	0.01588517	0.00338966	0.01787868	0.02518416	-0.00881077	0.00000000	0.03267446	0.03260849	0.04995623	0.01936684	-0.00048228	0.10107771	0.07656990	0.03991644	0.05731138	-0.04044118	-0.04044118	-0.04044118	0.00000000	0.00000000	0.00000000	0.00000000	0.00000000	0.00000000	0.00000000	0.00000000	0.00000000	0.00000000	0.00000000	0.01318892	-0.01398206	0.02581119	-0.03786429	0.03410981	0.03673180	0.02373236	0.02307569	0.01478737	-0.00329384	0.05250651	0.00122659	-0.02502334	0.06491906	0.08162123	0.04479846	0.08057343	-0.00548583	0.00360330	0.13085926	0.04688686	0.11541340	-0.14463427	-0.10840475	0.27227796	-0.00168381	0.05091489	-0.10812194	-0.09006529	-0.09847492	-0.32264191	0.15002249	0.34467517	0.33930020	0.42782013	1.00000000	0.13601122	0.03596894	0.01072301	0.31747599	0.31194282
CandKingSemiOpenLineDanger	0.18446045	-0.08674237	-0.01383925	0.03374579	0.08555949	0.00927797	0.20791912	0.17090218	0.15048911	0.14183904	0.10426644	0.00261360	0.08999046	0.07507338	0.06690998	0.05588506	0.03561869	0.01450709	0.00470564	0.18854833	0.02922736	0.04462660	0.04462660	0.08566442	-0.07638882	-0.04115117	-0.07010925	-0.01802500	0.02452967	-0.00512516	-0.02719704	-0.01027325	-0.03317428	0.01176950	-0.03012991	0.04010887	-0.01830099	-0.00748653	-0.02186020	0.01699541	-0.03100492	0.03321743	0.03892469	0.00299162	-0.01449688	0.11977685	0.17255625	0.07430024	-0.01751502	-0.03262922	0.00302947	0.08853671	-0.05185210	-0.06187088	-0.11061653	0.00722059	0.02008238	-0.03737147	0.03081227	-0.09221073	-0.11736336	-0.03184539	0.06824056	0.07252955	0.05547598	0.05547598	0.08255143	-0.05300358	-0.02101653	-0.04647436	-0.00933565	0.03100622	-0.01522694	-0.02118808	-0.01766840	0.01091645	0.03217668	0.00934916	-0.01551469	-0.01342247	-0.02295857	-0.01682193	0.04343134	-0.04262837	0.04704301	0.02411611	0.00781110	-0.00665712	-0.06680391	0.05397392	0.01908082	-0.03949195	0.04070927	0.08881142	0.07995366	0.08724446	-0.04891508	0.01855081	-0.00722059	0.04942959	-0.03480897	-0.00453607	-0.04498970	-0.01612442	-0.01859983	-0.08472931	-0.07125929	-0.05400635	-0.04922145	-0.03616771	-0.04012673	-0.02781608	-0.01223062	-0.01293606	0.00166271	0.04368080	0.00000000	0.05010951	-0.00596533	-0.00852957	0.00310312	-0.01079717	-0.00922373	0.05505578	0.07548537	0.07048189	-0.01528140	0.00000000	-0.01204811	-0.00712822	0.00621144	0.01667443	0.00719663	0.07411043	0.06249541	0.01289527	0.05018594	0.02305153	0.02305153	0.02305153	0.00000000	0.00000000	0.00000000	0.00000000	0.00000000	0.00000000	0.00000000	0.00000000	0.00000000	0.00000000	0.00000000	0.04229298	0.01714422	0.02105308	-0.00792077	0.00683660	0.00082556	-0.00055656	0.01285125	0.00865780	0.12610474	-0.01317525	-0.09770710	-0.03823122	-0.03598270	-0.01154688	-0.03046694	-0.01092390	-0.01108296	0.00128363	-0.00050238	-0.00375711	0.00188923	-0.00082556	-0.00209460	0.07070985	0.05771687	0.10128964	-0.08185818	-0.35268584	-0.35209283	-0.18660438	-0.21910285	0.04042901	0.51308777	0.29833962	0.13601122	1.00000000	0.16945146	-0.07497623	0.40338972	-0.10983248
CandKingOpenLineDanger	0.10411784	-0.10541301	0.00251656	0.05581611	0.20425856	0.01193951	0.03807578	-0.00063173	-0.01617894	-0.02806564	-0.01564354	0.00072641	0.10175006	0.07856037	0.06029697	0.04746757	0.01907181	-0.00482959	-0.03605980	0.06461386	0.01952101	0.04457211	0.04457211	0.05585004	-0.09127239	-0.06618419	-0.07472781	0.00259040	-0.00127452	-0.01430912	-0.00732682	-0.06010249	-0.02126182	-0.00083061	0.01400290	0.01534845	-0.00626702	-0.00932341	-0.00855311	0.07326277	-0.00669621	-0.01833921	0.02519014	0.01142876	0.07485744	0.06513294	0.05769983	0.10108290	0.02455847	-0.01192068	0.04471090	0.03255969	0.02871227	0.02294203	-0.02478845	-0.07601378	0.03739957	-0.04600350	-0.08439517	-0.05205006	-0.14581825	-0.01425893	0.09715582	0.04506107	0.05148027	0.05148027	0.05214244	-0.06690842	-0.05826280	-0.10107238	0.01955529	0.00000000	-0.08155766	-0.01864988	-0.09745936	0.01203506	-0.00000000	-0.01167885	-0.02265737	-0.00527963	-0.00476677	-0.03777578	-0.01089721	0.00113072	-0.00610591	0.01524127	0.03280781	0.03404098	0.01559326	0.03530228	0.07546202	0.01400131	0.00052595	0.18308923	0.25338390	0.29635811	0.01390465	0.10311886	0.07601378	0.10683075	-0.06272387	-0.04892276	0.03803049	-0.06482443	-0.05290429	-0.07574505	-0.07130890	-0.05018347	-0.03614419	-0.08211197	-0.08461169	-0.08361919	-0.09025451	-0.00786179	0.00711145	-0.01184400	0.00000000	0.10461634	0.01656807	0.01659474	0.02480290	0.01390569	-0.01902716	-0.01684793	0.03129668	0.00706957	-0.01446110	0.00000000	0.08492985	0.08453081	0.08608380	0.07003088	-0.00014479	-0.04354104	-0.03855068	-0.02037359	-0.03344715	0.25910319	0.25910319	0.25910319	0.00000000	0.00000000	0.00000000	0.00000000	0.00000000	0.00000000	0.00000000	0.00000000	0.00000000	0.00000000	0.00000000	0.05202329	-0.00785109	0.01875356	-0.01887928	0.01895268	0.02062533	-0.01390465	-0.03014769	0.01277465	0.06053933	0.07371713	-0.01153429	0.01054645	-0.06589587	-0.02112655	-0.02116967	-0.02154924	0.05581071	0.00100543	0.01227193	-0.01532439	0.19611265	-0.18379238	-0.22482407	0.09588021	0.14673200	0.14325266	-0.06204559	-0.26288158	-0.07029573	-0.11780709	0.06198255	0.04070042	0.44547848	0.37760095	0.03596894	0.16945146	1.00000000	0.14578375	0.53807067	0.18503079
CandKingDiagonalLineDanger	0.03672230	0.02358677	0.02100346	-0.09210713	0.06291677	0.07071149	-0.02494430	0.00425741	0.03621724	0.05075925	0.08268258	0.00470355	-0.02071295	-0.02571935	-0.03091026	-0.03513986	-0.04393124	-0.00258207	0.01253499	0.02987063	0.05774383	0.03355228	0.03355228	0.04185373	-0.00789608	0.03438833	-0.00026507	0.00036909	0.12648332	-0.00458857	-0.03798960	-0.00205425	-0.00400983	0.13121177	0.03732968	-0.00358942	0.08008400	0.08508072	-0.04621534	-0.00539748	0.05260555	0.00265112	-0.00232641	-0.01045100	-0.00669204	-0.08652444	-0.06203780	-0.01868161	0.02667292	-0.00332383	0.09053679	0.08472640	0.03737099	0.00165260	0.13258516	-0.01266573	0.02267241	0.11895839	-0.04343443	0.06623202	-0.16193752	-0.14902042	0.02342641	-0.00181687	0.01273821	0.01273821	-0.00027152	0.05351116	0.07887376	0.02950227	0.00368799	0.00000000	-0.02817219	0.03312967	-0.00637390	0.00021856	-0.00000000	-0.00958798	-0.02544623	0.04223364	0.05486136	0.00034445	-0.00446162	0.00368346	-0.01587943	0.00390960	-0.00646427	-0.00396677	-0.03658002	-0.01395320	-0.01294351	-0.05695220	0.00340552	-0.00286483	0.04660930	0.10801357	0.00100160	-0.02861561	0.01266573	0.05356047	0.03298119	-0.04940653	0.05812895	-0.07394445	-0.01750222	-0.00251831	-0.00186097	0.01356618	0.01365185	0.04566156	0.04524989	0.03066723	0.02231552	0.02515309	0.04973724	0.03670355	0.00000000	-0.06561223	0.00068524	0.00000000	0.00160977	0.00246309	-0.00137060	-0.07112641	-0.04286478	0.01257693	0.13626161	0.00000000	-0.04439920	-0.04398263	-0.03418845	0.00177846	-0.00093750	0.01718683	0.00981214	0.03207130	-0.03956768	0.05389584	0.05389584	0.05389584	0.00000000	0.00000000	0.00000000	0.00000000	0.00000000	0.00000000	0.00000000	0.00000000	0.00000000	0.00000000	0.00000000	-0.06543219	-0.00056554	-0.02693815	-0.01293227	0.01095144	0.00148572	-0.00100160	0.02803190	0.02197482	0.00823218	-0.00254044	-0.04716015	0.02911964	0.01080992	0.01724135	0.00000000	0.00431542	0.11389276	-0.00729024	-0.05256746	-0.00676146	0.00339995	-0.00148572	-0.00376955	0.08841852	-0.00130697	0.11643192	0.09257664	0.11555978	0.00874499	0.00576426	0.05876152	0.07066143	0.08183221	0.09295733	0.01072301	-0.07497623	0.14578375	1.00000000	0.12558004	0.24237650
CandKingControlledEscapeDanger	0.11903881	-0.03738333	-0.04135543	0.04146193	0.23521510	0.03376807	0.13629093	0.10520373	0.07584075	0.04339526	0.07479844	0.01874544	0.07082970	0.06521793	0.05322500	0.04756319	0.03352759	0.00728647	-0.00315499	0.12135746	-0.00038013	0.07770141	0.07770141	0.14901430	-0.02560512	0.02325990	-0.02746619	-0.00355403	0.08530293	-0.00021684	-0.00517574	-0.01927238	-0.00853628	0.08876963	-0.08463532	0.06291437	-0.04685823	-0.03204779	-0.08397309	0.06533468	-0.02238778	0.04248360	-0.00063346	0.04654304	0.03707051	0.08540032	0.05840816	0.07791255	0.04281124	-0.04204397	0.07452044	0.18372660	-0.02761439	-0.09269505	-0.01029277	-0.01827654	0.00128361	-0.03829367	-0.01805283	-0.20822878	-0.15970366	-0.08812719	0.04782064	0.02414186	0.04661222	0.04661222	0.08416582	-0.03575990	0.00105813	-0.03730619	0.00556883	0.02486292	-0.02172133	-0.00909500	-0.04866467	0.01087974	0.01128815	0.03044031	0.00575174	-0.01621907	-0.02339574	-0.05277073	0.04296217	-0.03879202	0.02279633	0.01338172	0.05005449	0.00784653	-0.01824248	0.03334869	0.04284485	0.01523316	0.02427187	0.19305612	0.27993083	0.28496203	-0.09890166	0.14131548	0.01827654	0.07484383	-0.06207895	-0.07270224	-0.06037235	-0.02877860	-0.04704407	-0.02301328	-0.02482972	-0.02244647	-0.03664992	-0.03531466	-0.03508842	-0.05316217	-0.06551914	-0.05557457	-0.00200951	0.04356299	0.00000000	0.12007654	0.00781969	0.01025939	0.03231683	0.01774262	-0.00885511	0.02193561	0.06592749	0.07360243	-0.00394131	0.00000000	0.02962931	0.02953213	0.04486456	0.04073473	0.01676303	0.06030388	0.03972563	0.05316693	0.08415917	0.20592420	0.20592420	0.20592420	0.00000000	0.00000000	0.00000000	0.00000000	0.00000000	0.00000000	0.00000000	0.00000000	0.00000000	0.00000000	0.00000000	0.11601430	-0.02115310	0.02958653	-0.00067364	-0.00203820	0.03718191	0.01956215	0.01278988	-0.00434369	0.10349687	0.01896008	-0.01973999	-0.02552156	-0.05057409	-0.00920587	-0.01068834	0.02788095	0.05120417	-0.02156854	0.02884811	0.02133357	0.11795100	-0.11073662	-0.13477215	0.38289968	0.13130377	0.17668498	-0.25928932	-0.30283166	-0.22372012	-0.26953777	0.27005081	0.49050599	0.73502914	0.72814335	0.31747599	0.40338972	0.53807067	0.12558004	1.00000000	0.32295244
CandKingInfiltratedQueenWeight	0.02543620	-0.01763154	-0.05014632	-0.10164954	0.26078065	0.03301037	-0.01431177	-0.02747387	-0.00096556	-0.00607252	-0.02864270	-0.02611010	0.02955467	0.02980251	0.03481378	0.04711696	0.04621706	-0.00942366	-0.01907325	0.03018727	0.00231247	0.09699237	0.09699237	0.07627207	0.00732091	-0.00778121	-0.01121047	0.00021507	0.02411688	-0.00651188	0.00703516	-0.03143814	-0.02693236	-0.01779591	-0.02681118	-0.01800105	0.01351111	0.01319849	-0.00964133	0.01009776	0.01718705	0.01337147	-0.00706358	-0.01774543	0.01037802	-0.07424249	-0.11543849	-0.03104057	0.02979208	0.02864504	0.16982317	0.29374002	0.00573281	-0.02398917	0.39660217	-0.02995708	-0.03195155	0.03492098	-0.03183699	-0.01274991	-0.04505988	-0.10248546	0.02542802	0.00002053	0.07289713	0.07289713	0.03093083	-0.04081334	-0.02993309	-0.05796389	0.00214906	0.03080438	-0.02108680	0.02123598	-0.07188263	-0.02132212	-0.03196721	-0.04519966	-0.03053877	0.00694440	0.01082754	-0.02515314	0.01564479	0.02925900	0.00870363	-0.00644215	-0.01887195	0.01538423	-0.04970494	-0.05409358	-0.04746315	0.00047122	-0.00444292	0.14672026	0.50062504	0.13851627	-0.09771550	0.45460772	0.02995708	0.05104211	-0.01030178	-0.08139245	0.03481682	-0.01077170	-0.04390972	0.01448428	-0.00966845	-0.03508660	-0.01361038	-0.05179814	-0.06639331	-0.05026858	-0.01223129	-0.03366852	-0.01753496	0.01220209	0.00000000	0.03453958	-0.04163260	-0.04660723	-0.02100443	-0.03482458	-0.02601982	-0.06519917	-0.02904885	0.00114865	0.05767001	0.00000000	-0.06179985	-0.06137573	-0.06166327	-0.01766455	-0.01588095	0.09257828	0.05887497	0.03997545	0.05113381	0.20669276	0.20669276	0.20669276	0.00000000	0.00000000	0.00000000	0.00000000	0.00000000	0.00000000	0.00000000	0.00000000	0.00000000	0.00000000	0.00000000	0.11254214	-0.02808126	0.00938365	0.00901042	-0.01053646	0.11022411	0.02399114	0.04687357	-0.01013797	-0.03200824	-0.04433282	0.03329878	0.01246369	-0.00204409	-0.00771374	0.03026861	0.04221997	0.04523871	-0.00805740	-0.00052684	-0.00394002	0.11717917	-0.14667689	-0.12551321	0.12701941	0.08915798	0.34226025	-0.16543632	-0.06735547	0.23407661	-0.30307015	0.20117967	0.32356892	0.23596139	0.27123917	0.31194282	-0.10983248	0.18503079	0.24237650	0.32295244	1.00000000
